2026-01-08 15:08:50,725 [Worker-5: Loading available Gradle versions] INFO  o.e.b.c.i.u.g.PublishedGradleVersions - Gradle version information cache is not available. Remote download required.
2026-01-09 09:16:10,730 [Worker-6: Loading available Gradle versions] INFO  o.e.b.c.i.u.g.PublishedGradleVersions - Gradle version information cache is not available. Remote download required.
2026-01-09 09:18:23,382 [Worker-7: Loading available Gradle versions] INFO  o.e.b.c.i.u.g.PublishedGradleVersions - Gradle version information cache is up-to-date. Trying to read.
2026-01-09 09:44:08,732 [Worker-6: Loading available Gradle versions] INFO  o.e.b.c.i.u.g.PublishedGradleVersions - Gradle version information cache is up-to-date. Trying to read.
2026-01-09 16:08:01,553 [Worker-7: Loading available Gradle versions] INFO  o.e.b.c.i.u.g.PublishedGradleVersions - Gradle version information cache is up-to-date. Trying to read.
2026-01-09 21:10:13,884 [Worker-2: Loading available Gradle versions] INFO  o.e.b.c.i.u.g.PublishedGradleVersions - Gradle version information cache is up-to-date. Trying to read.
2026-01-09 22:35:20,306 [Worker-6: Loading available Gradle versions] INFO  o.e.b.c.i.u.g.PublishedGradleVersions - Gradle version information cache is up-to-date. Trying to read.
2026-01-10 09:05:00,100 [Worker-2: Loading available Gradle versions] INFO  o.e.b.c.i.u.g.PublishedGradleVersions - Gradle version information cache is up-to-date. Trying to read.
2026-01-12 21:43:32,439 [Worker-7: Loading available Gradle versions] INFO  o.e.b.c.i.u.g.PublishedGradleVersions - Gradle version information cache is out-of-date. Trying to update.
2026-01-12 22:32:17,957 [Worker-4: Loading available Gradle versions] INFO  o.e.b.c.i.u.g.PublishedGradleVersions - Gradle version information cache is up-to-date. Trying to read.
2026-01-13 09:29:57,376 [Worker-7: Loading available Gradle versions] INFO  o.e.b.c.i.u.g.PublishedGradleVersions - Gradle version information cache is up-to-date. Trying to read.
2026-01-13 15:46:56,454 [Worker-7: Loading available Gradle versions] INFO  o.e.b.c.i.u.g.PublishedGradleVersions - Gradle version information cache is up-to-date. Trying to read.
2026-01-13 21:45:36,800 [Worker-6: Loading available Gradle versions] INFO  o.e.b.c.i.u.g.PublishedGradleVersions - Gradle version information cache is out-of-date. Trying to update.
2026-01-13 22:15:56,440 [Worker-5: Loading available Gradle versions] INFO  o.e.b.c.i.u.g.PublishedGradleVersions - Gradle version information cache is up-to-date. Trying to read.
2026-01-14 09:18:43,302 [Worker-2: Loading available Gradle versions] INFO  o.e.b.c.i.u.g.PublishedGradleVersions - Gradle version information cache is up-to-date. Trying to read.
2026-01-14 09:41:32,490 [Worker-7: Loading available Gradle versions] INFO  o.e.b.c.i.u.g.PublishedGradleVersions - Gradle version information cache is up-to-date. Trying to read.
2026-01-14 11:16:54,573 [Worker-1: Loading available Gradle versions] INFO  o.e.b.c.i.u.g.PublishedGradleVersions - Gradle version information cache is up-to-date. Trying to read.
2026-01-14 16:02:01,083 [Worker-7: Loading available Gradle versions] INFO  o.e.b.c.i.u.g.PublishedGradleVersions - Gradle version information cache is up-to-date. Trying to read.
2026-01-14 16:07:38,534 [Worker-4: Loading available Gradle versions] INFO  o.e.b.c.i.u.g.PublishedGradleVersions - Gradle version information cache is up-to-date. Trying to read.
2026-01-14 22:16:48,840 [Worker-2: Loading available Gradle versions] INFO  o.e.b.c.i.u.g.PublishedGradleVersions - Gradle version information cache is out-of-date. Trying to update.
2026-01-15 09:07:20,757 [Worker-7: Loading available Gradle versions] INFO  o.e.b.c.i.u.g.PublishedGradleVersions - Gradle version information cache is up-to-date. Trying to read.
2026-01-15 09:33:32,219 [Worker-7: Loading available Gradle versions] INFO  o.e.b.c.i.u.g.PublishedGradleVersions - Gradle version information cache is up-to-date. Trying to read.
2026-01-15 20:41:44,580 [Worker-7: Loading available Gradle versions] INFO  o.e.b.c.i.u.g.PublishedGradleVersions - Gradle version information cache is up-to-date. Trying to read.
2026-01-15 20:51:32,012 [Worker-6: Loading available Gradle versions] INFO  o.e.b.c.i.u.g.PublishedGradleVersions - Gradle version information cache is up-to-date. Trying to read.
2026-01-15 20:51:42,093 [Worker-13: Deferred Early Start] INFO  o.a.h.c.h.i.c.HttpRequestRetryExec - ex-0000000001 recoverable I/O exception (java.net.SocketException) caught when sending request to https://www.eclipse.org:443;request will be automatically re-executed in 0 MILLISECONDS (exec count 2)
2026-01-16 09:19:56,431 [Worker-4: Loading available Gradle versions] INFO  o.e.b.c.i.u.g.PublishedGradleVersions - Gradle version information cache is out-of-date. Trying to update.
2026-01-16 09:20:02,631 [Worker-4: Loading available Gradle versions] INFO  o.e.b.c.i.u.g.PublishedGradleVersions - Updating Gradle version information cache failed. Using outdated cache.
2026-01-17 09:32:32,627 [Worker-4: Loading available Gradle versions] INFO  o.e.b.c.i.u.g.PublishedGradleVersions - Gradle version information cache is out-of-date. Trying to update.
2026-01-18 22:36:43,276 [Worker-6: Loading available Gradle versions] INFO  o.e.b.c.i.u.g.PublishedGradleVersions - Gradle version information cache is out-of-date. Trying to update.
2026-01-19 09:42:40,117 [Worker-7: Loading available Gradle versions] INFO  o.e.b.c.i.u.g.PublishedGradleVersions - Gradle version information cache is up-to-date. Trying to read.
2026-01-19 19:59:42,074 [Worker-6: Loading available Gradle versions] INFO  o.e.b.c.i.u.g.PublishedGradleVersions - Gradle version information cache is up-to-date. Trying to read.
2026-01-19 20:49:14,378 [Worker-6: Loading available Gradle versions] INFO  o.e.b.c.i.u.g.PublishedGradleVersions - Gradle version information cache is up-to-date. Trying to read.
2026-01-20 09:15:34,611 [Worker-2: Loading available Gradle versions] INFO  o.e.b.c.i.u.g.PublishedGradleVersions - Gradle version information cache is out-of-date. Trying to update.
2026-01-20 14:16:23,997 [Worker-8: Loading available Gradle versions] INFO  o.e.b.c.i.u.g.PublishedGradleVersions - Gradle version information cache is up-to-date. Trying to read.
2026-01-21 09:39:43,930 [Worker-6: Loading available Gradle versions] INFO  o.e.b.c.i.u.g.PublishedGradleVersions - Gradle version information cache is out-of-date. Trying to update.
2026-01-22 09:17:29,728 [Worker-5: Loading available Gradle versions] INFO  o.e.b.c.i.u.g.PublishedGradleVersions - Gradle version information cache is up-to-date. Trying to read.
2026-01-27 09:31:38,752 [Worker-1: Loading available Gradle versions] INFO  o.e.b.c.i.u.g.PublishedGradleVersions - Gradle version information cache is out-of-date. Trying to update.
2026-01-27 09:34:25,093 [Worker-1: Loading available Gradle versions] INFO  o.e.b.c.i.u.g.PublishedGradleVersions - Gradle version information cache is up-to-date. Trying to read.
2026-01-27 09:36:45,408 [Worker-7: Loading available Gradle versions] INFO  o.e.b.c.i.u.g.PublishedGradleVersions - Gradle version information cache is up-to-date. Trying to read.
2026-01-27 10:20:31,896 [Worker-7: Loading available Gradle versions] INFO  o.e.b.c.i.u.g.PublishedGradleVersions - Gradle version information cache is up-to-date. Trying to read.
2026-01-27 11:19:32,139 [Worker-0: Loading available Gradle versions] INFO  o.e.b.c.i.u.g.PublishedGradleVersions - Gradle version information cache is up-to-date. Trying to read.
2026-01-27 11:33:52,756 [Worker-5: Loading available Gradle versions] INFO  o.e.b.c.i.u.g.PublishedGradleVersions - Gradle version information cache is up-to-date. Trying to read.
2026-01-27 14:06:06,538 [Worker-65: Importing Maven projects] INFO  o.e.m.c.i.l.LifecycleMappingFactory - Using org.eclipse.m2e.jdt.JarLifecycleMapping lifecycle mapping for MavenProject: com.qsp:spring-security1:0.0.1-SNAPSHOT @ C:\Users\sahil\Desktop\java-repo-master\java-repo-master\spring-security1\pom.xml.
2026-01-27 14:06:07,900 [Worker-65: Importing Maven projects] INFO  o.e.m.c.i.e.AbstractTransferListenerAdapter - Downloading https://repo.maven.apache.org/maven2/org/postgresql/postgresql/42.7.5/postgresql-42.7.5.pom
2026-01-27 14:06:07,914 [Worker-65: Importing Maven projects] INFO  o.e.m.c.i.e.AbstractTransferListenerAdapter - Downloaded https://repo.maven.apache.org/maven2/org/postgresql/postgresql/42.7.5/postgresql-42.7.5.pom
2026-01-27 14:06:08,093 [Worker-65: Importing Maven projects] INFO  o.e.m.c.i.e.AbstractTransferListenerAdapter - Downloading https://repo.maven.apache.org/maven2/org/checkerframework/checker-qual/3.48.3/checker-qual-3.48.3.pom
2026-01-27 14:06:08,101 [Worker-65: Importing Maven projects] INFO  o.e.m.c.i.e.AbstractTransferListenerAdapter - Downloaded https://repo.maven.apache.org/maven2/org/checkerframework/checker-qual/3.48.3/checker-qual-3.48.3.pom
2026-01-27 14:06:08,229 [Worker-65: Importing Maven projects] INFO  o.e.m.c.i.e.AbstractTransferListenerAdapter - Downloading https://repo.maven.apache.org/maven2/org/springframework/boot/spring-boot-starter-security/3.5.0/spring-boot-starter-security-3.5.0.pom
2026-01-27 14:06:08,235 [Worker-65: Importing Maven projects] INFO  o.e.m.c.i.e.AbstractTransferListenerAdapter - Downloaded https://repo.maven.apache.org/maven2/org/springframework/boot/spring-boot-starter-security/3.5.0/spring-boot-starter-security-3.5.0.pom
2026-01-27 14:06:08,368 [Worker-65: Importing Maven projects] INFO  o.e.m.c.i.e.AbstractTransferListenerAdapter - Downloading https://repo.maven.apache.org/maven2/org/springframework/security/spring-security-config/6.5.0/spring-security-config-6.5.0.pom
2026-01-27 14:06:08,375 [Worker-65: Importing Maven projects] INFO  o.e.m.c.i.e.AbstractTransferListenerAdapter - Downloaded https://repo.maven.apache.org/maven2/org/springframework/security/spring-security-config/6.5.0/spring-security-config-6.5.0.pom
2026-01-27 14:06:08,524 [Worker-65: Importing Maven projects] INFO  o.e.m.c.i.e.AbstractTransferListenerAdapter - Downloading https://repo.maven.apache.org/maven2/org/springframework/security/spring-security-core/6.5.0/spring-security-core-6.5.0.pom
2026-01-27 14:06:08,530 [Worker-65: Importing Maven projects] INFO  o.e.m.c.i.e.AbstractTransferListenerAdapter - Downloaded https://repo.maven.apache.org/maven2/org/springframework/security/spring-security-core/6.5.0/spring-security-core-6.5.0.pom
2026-01-27 14:06:08,708 [Worker-65: Importing Maven projects] INFO  o.e.m.c.i.e.AbstractTransferListenerAdapter - Downloading https://repo.maven.apache.org/maven2/org/springframework/security/spring-security-crypto/6.5.0/spring-security-crypto-6.5.0.pom
2026-01-27 14:06:08,715 [Worker-65: Importing Maven projects] INFO  o.e.m.c.i.e.AbstractTransferListenerAdapter - Downloaded https://repo.maven.apache.org/maven2/org/springframework/security/spring-security-crypto/6.5.0/spring-security-crypto-6.5.0.pom
2026-01-27 14:06:08,852 [Worker-65: Importing Maven projects] INFO  o.e.m.c.i.e.AbstractTransferListenerAdapter - Downloading https://repo.maven.apache.org/maven2/org/springframework/security/spring-security-web/6.5.0/spring-security-web-6.5.0.pom
2026-01-27 14:06:08,858 [Worker-65: Importing Maven projects] INFO  o.e.m.c.i.e.AbstractTransferListenerAdapter - Downloaded https://repo.maven.apache.org/maven2/org/springframework/security/spring-security-web/6.5.0/spring-security-web-6.5.0.pom
2026-01-27 14:06:09,063 [Worker-65: Importing Maven projects] INFO  o.e.m.c.i.e.AbstractTransferListenerAdapter - Downloading https://repo.maven.apache.org/maven2/org/springframework/boot/spring-boot-devtools/3.5.0/spring-boot-devtools-3.5.0.pom
2026-01-27 14:06:09,071 [Worker-65: Importing Maven projects] INFO  o.e.m.c.i.e.AbstractTransferListenerAdapter - Downloaded https://repo.maven.apache.org/maven2/org/springframework/boot/spring-boot-devtools/3.5.0/spring-boot-devtools-3.5.0.pom
2026-01-27 14:06:09,194 [Worker-65: Importing Maven projects] INFO  o.e.m.c.i.e.AbstractTransferListenerAdapter - Downloading https://repo.maven.apache.org/maven2/org/projectlombok/lombok/1.18.38/lombok-1.18.38.pom
2026-01-27 14:06:09,206 [Worker-65: Importing Maven projects] INFO  o.e.m.c.i.e.AbstractTransferListenerAdapter - Downloaded https://repo.maven.apache.org/maven2/org/projectlombok/lombok/1.18.38/lombok-1.18.38.pom
2026-01-27 14:06:09,348 [Worker-65: Importing Maven projects] INFO  o.e.m.c.i.e.AbstractTransferListenerAdapter - Downloading https://repo.maven.apache.org/maven2/io/jsonwebtoken/jjwt-api/0.12.6/jjwt-api-0.12.6.pom
2026-01-27 14:06:09,355 [Worker-65: Importing Maven projects] INFO  o.e.m.c.i.e.AbstractTransferListenerAdapter - Downloaded https://repo.maven.apache.org/maven2/io/jsonwebtoken/jjwt-api/0.12.6/jjwt-api-0.12.6.pom
2026-01-27 14:06:09,505 [Worker-65: Importing Maven projects] INFO  o.e.m.c.i.e.AbstractTransferListenerAdapter - Downloading https://repo.maven.apache.org/maven2/io/jsonwebtoken/jjwt-root/0.12.6/jjwt-root-0.12.6.pom
2026-01-27 14:06:09,517 [Worker-65: Importing Maven projects] INFO  o.e.m.c.i.e.AbstractTransferListenerAdapter - Downloaded https://repo.maven.apache.org/maven2/io/jsonwebtoken/jjwt-root/0.12.6/jjwt-root-0.12.6.pom
2026-01-27 14:06:09,665 [Worker-65: Importing Maven projects] INFO  o.e.m.c.i.e.AbstractTransferListenerAdapter - Downloading https://repo.maven.apache.org/maven2/io/jsonwebtoken/jjwt/0.12.6/jjwt-0.12.6.pom
2026-01-27 14:06:09,673 [Worker-65: Importing Maven projects] INFO  o.e.m.c.i.e.AbstractTransferListenerAdapter - Downloaded https://repo.maven.apache.org/maven2/io/jsonwebtoken/jjwt/0.12.6/jjwt-0.12.6.pom
2026-01-27 14:06:09,817 [Worker-65: Importing Maven projects] INFO  o.e.m.c.i.e.AbstractTransferListenerAdapter - Downloading https://repo.maven.apache.org/maven2/io/jsonwebtoken/jjwt-impl/0.12.6/jjwt-impl-0.12.6.pom
2026-01-27 14:06:09,823 [Worker-65: Importing Maven projects] INFO  o.e.m.c.i.e.AbstractTransferListenerAdapter - Downloaded https://repo.maven.apache.org/maven2/io/jsonwebtoken/jjwt-impl/0.12.6/jjwt-impl-0.12.6.pom
2026-01-27 14:06:09,956 [Worker-65: Importing Maven projects] INFO  o.e.m.c.i.e.AbstractTransferListenerAdapter - Downloading https://repo.maven.apache.org/maven2/io/jsonwebtoken/jjwt-jackson/0.12.6/jjwt-jackson-0.12.6.pom
2026-01-27 14:06:09,964 [Worker-65: Importing Maven projects] INFO  o.e.m.c.i.e.AbstractTransferListenerAdapter - Downloaded https://repo.maven.apache.org/maven2/io/jsonwebtoken/jjwt-jackson/0.12.6/jjwt-jackson-0.12.6.pom
2026-01-27 14:06:10,467 [Worker-65: Importing Maven projects] INFO  o.e.m.c.i.e.AbstractTransferListenerAdapter - Downloading https://repo.maven.apache.org/maven2/org/springframework/security/spring-security-test/6.5.0/spring-security-test-6.5.0.pom
2026-01-27 14:06:10,473 [Worker-65: Importing Maven projects] INFO  o.e.m.c.i.e.AbstractTransferListenerAdapter - Downloaded https://repo.maven.apache.org/maven2/org/springframework/security/spring-security-test/6.5.0/spring-security-test-6.5.0.pom
2026-01-27 14:06:11,370 [Worker-65: Importing Maven projects] INFO  o.e.m.c.i.e.AbstractTransferListenerAdapter - Downloading https://repo.maven.apache.org/maven2/org/postgresql/postgresql/42.7.5/postgresql-42.7.5.jar
2026-01-27 14:06:12,351 [Worker-65: Importing Maven projects] INFO  o.e.m.c.i.e.AbstractTransferListenerAdapter - Downloaded https://repo.maven.apache.org/maven2/org/postgresql/postgresql/42.7.5/postgresql-42.7.5.jar
2026-01-27 14:06:12,546 [BasicRepositoryConnector-repo.maven.apache.org-0-0] INFO  o.e.m.c.i.e.AbstractTransferListenerAdapter - Downloading https://repo.maven.apache.org/maven2/org/checkerframework/checker-qual/3.48.3/checker-qual-3.48.3.jar
2026-01-27 14:06:12,757 [BasicRepositoryConnector-repo.maven.apache.org-0-0] INFO  o.e.m.c.i.e.AbstractTransferListenerAdapter - Downloaded https://repo.maven.apache.org/maven2/org/checkerframework/checker-qual/3.48.3/checker-qual-3.48.3.jar
2026-01-27 14:06:12,935 [BasicRepositoryConnector-repo.maven.apache.org-0-3] INFO  o.e.m.c.i.e.AbstractTransferListenerAdapter - Downloading https://repo.maven.apache.org/maven2/org/springframework/security/spring-security-web/6.5.0/spring-security-web-6.5.0.jar
2026-01-27 14:06:13,006 [BasicRepositoryConnector-repo.maven.apache.org-0-4] INFO  o.e.m.c.i.e.AbstractTransferListenerAdapter - Downloading https://repo.maven.apache.org/maven2/org/springframework/boot/spring-boot-devtools/3.5.0/spring-boot-devtools-3.5.0.jar
2026-01-27 14:06:13,080 [BasicRepositoryConnector-repo.maven.apache.org-0-0] INFO  o.e.m.c.i.e.AbstractTransferListenerAdapter - Downloading https://repo.maven.apache.org/maven2/org/projectlombok/lombok/1.18.38/lombok-1.18.38.jar
2026-01-27 14:06:13,355 [BasicRepositoryConnector-repo.maven.apache.org-0-2] INFO  o.e.m.c.i.e.AbstractTransferListenerAdapter - Downloading https://repo.maven.apache.org/maven2/org/springframework/security/spring-security-config/6.5.0/spring-security-config-6.5.0.jar
2026-01-27 14:06:13,400 [BasicRepositoryConnector-repo.maven.apache.org-0-1] INFO  o.e.m.c.i.e.AbstractTransferListenerAdapter - Downloading https://repo.maven.apache.org/maven2/org/springframework/boot/spring-boot-starter-security/3.5.0/spring-boot-starter-security-3.5.0.jar
2026-01-27 14:06:13,406 [BasicRepositoryConnector-repo.maven.apache.org-0-1] INFO  o.e.m.c.i.e.AbstractTransferListenerAdapter - Downloaded https://repo.maven.apache.org/maven2/org/springframework/boot/spring-boot-starter-security/3.5.0/spring-boot-starter-security-3.5.0.jar
2026-01-27 14:06:14,364 [BasicRepositoryConnector-repo.maven.apache.org-0-1] INFO  o.e.m.c.i.e.AbstractTransferListenerAdapter - Downloading https://repo.maven.apache.org/maven2/io/jsonwebtoken/jjwt-api/0.12.6/jjwt-api-0.12.6.jar
2026-01-27 14:06:14,466 [BasicRepositoryConnector-repo.maven.apache.org-0-4] INFO  o.e.m.c.i.e.AbstractTransferListenerAdapter - Downloaded https://repo.maven.apache.org/maven2/org/springframework/boot/spring-boot-devtools/3.5.0/spring-boot-devtools-3.5.0.jar
2026-01-27 14:06:15,998 [BasicRepositoryConnector-repo.maven.apache.org-0-1] INFO  o.e.m.c.i.e.AbstractTransferListenerAdapter - Downloaded https://repo.maven.apache.org/maven2/io/jsonwebtoken/jjwt-api/0.12.6/jjwt-api-0.12.6.jar
2026-01-27 14:06:17,214 [BasicRepositoryConnector-repo.maven.apache.org-0-4] INFO  o.e.m.c.i.e.AbstractTransferListenerAdapter - Downloading https://repo.maven.apache.org/maven2/io/jsonwebtoken/jjwt/0.12.6/jjwt-0.12.6.jar
2026-01-27 14:06:17,220 [BasicRepositoryConnector-repo.maven.apache.org-0-4] INFO  o.e.m.c.i.e.AbstractTransferListenerAdapter - Downloaded https://repo.maven.apache.org/maven2/io/jsonwebtoken/jjwt/0.12.6/jjwt-0.12.6.jar
2026-01-27 14:06:18,023 [BasicRepositoryConnector-repo.maven.apache.org-0-1] INFO  o.e.m.c.i.e.AbstractTransferListenerAdapter - Downloading https://repo.maven.apache.org/maven2/io/jsonwebtoken/jjwt-jackson/0.12.6/jjwt-jackson-0.12.6.jar
2026-01-27 14:06:18,065 [BasicRepositoryConnector-repo.maven.apache.org-0-1] INFO  o.e.m.c.i.e.AbstractTransferListenerAdapter - Downloaded https://repo.maven.apache.org/maven2/io/jsonwebtoken/jjwt-jackson/0.12.6/jjwt-jackson-0.12.6.jar
2026-01-27 14:06:18,192 [BasicRepositoryConnector-repo.maven.apache.org-0-0] INFO  o.e.m.c.i.e.AbstractTransferListenerAdapter - Downloaded https://repo.maven.apache.org/maven2/org/projectlombok/lombok/1.18.38/lombok-1.18.38.jar
2026-01-27 14:06:19,512 [BasicRepositoryConnector-repo.maven.apache.org-0-3] INFO  o.e.m.c.i.e.AbstractTransferListenerAdapter - Downloaded https://repo.maven.apache.org/maven2/org/springframework/security/spring-security-web/6.5.0/spring-security-web-6.5.0.jar
2026-01-27 14:06:20,227 [BasicRepositoryConnector-repo.maven.apache.org-0-0] INFO  o.e.m.c.i.e.AbstractTransferListenerAdapter - Downloading https://repo.maven.apache.org/maven2/org/springframework/security/spring-security-core/6.5.0/spring-security-core-6.5.0.jar
2026-01-27 14:06:20,292 [BasicRepositoryConnector-repo.maven.apache.org-0-4] INFO  o.e.m.c.i.e.AbstractTransferListenerAdapter - Downloading https://repo.maven.apache.org/maven2/io/jsonwebtoken/jjwt-impl/0.12.6/jjwt-impl-0.12.6.jar
2026-01-27 14:06:20,495 [BasicRepositoryConnector-repo.maven.apache.org-0-1] INFO  o.e.m.c.i.e.AbstractTransferListenerAdapter - Downloading https://repo.maven.apache.org/maven2/org/springframework/security/spring-security-test/6.5.0/spring-security-test-6.5.0.jar
2026-01-27 14:06:20,791 [BasicRepositoryConnector-repo.maven.apache.org-0-3] INFO  o.e.m.c.i.e.AbstractTransferListenerAdapter - Downloading https://repo.maven.apache.org/maven2/org/springframework/security/spring-security-crypto/6.5.0/spring-security-crypto-6.5.0.jar
2026-01-27 14:06:20,938 [BasicRepositoryConnector-repo.maven.apache.org-0-0] INFO  o.e.m.c.i.e.AbstractTransferListenerAdapter - Downloaded https://repo.maven.apache.org/maven2/org/springframework/security/spring-security-core/6.5.0/spring-security-core-6.5.0.jar
2026-01-27 14:06:21,006 [BasicRepositoryConnector-repo.maven.apache.org-0-1] INFO  o.e.m.c.i.e.AbstractTransferListenerAdapter - Downloaded https://repo.maven.apache.org/maven2/org/springframework/security/spring-security-test/6.5.0/spring-security-test-6.5.0.jar
2026-01-27 14:06:21,171 [BasicRepositoryConnector-repo.maven.apache.org-0-3] INFO  o.e.m.c.i.e.AbstractTransferListenerAdapter - Downloaded https://repo.maven.apache.org/maven2/org/springframework/security/spring-security-crypto/6.5.0/spring-security-crypto-6.5.0.jar
2026-01-27 14:06:21,242 [BasicRepositoryConnector-repo.maven.apache.org-0-4] INFO  o.e.m.c.i.e.AbstractTransferListenerAdapter - Downloaded https://repo.maven.apache.org/maven2/io/jsonwebtoken/jjwt-impl/0.12.6/jjwt-impl-0.12.6.jar
2026-01-27 14:06:24,107 [BasicRepositoryConnector-repo.maven.apache.org-0-2] INFO  o.e.m.c.i.e.AbstractTransferListenerAdapter - Downloaded https://repo.maven.apache.org/maven2/org/springframework/security/spring-security-config/6.5.0/spring-security-config-6.5.0.jar
2026-01-27 14:06:24,470 [Worker-65: Importing Maven projects] INFO  o.e.m.c.i.e.AbstractTransferListenerAdapter - Downloading https://repo.maven.apache.org/maven2/org/apache/maven/plugins/maven-surefire-plugin/3.5.3/maven-surefire-plugin-3.5.3.pom
2026-01-27 14:06:24,476 [Worker-65: Importing Maven projects] INFO  o.e.m.c.i.e.AbstractTransferListenerAdapter - Downloaded https://repo.maven.apache.org/maven2/org/apache/maven/plugins/maven-surefire-plugin/3.5.3/maven-surefire-plugin-3.5.3.pom
2026-01-27 14:06:24,689 [Worker-65: Importing Maven projects] INFO  o.e.m.c.i.e.AbstractTransferListenerAdapter - Downloading https://repo.maven.apache.org/maven2/org/apache/maven/surefire/surefire/3.5.3/surefire-3.5.3.pom
2026-01-27 14:06:24,696 [Worker-65: Importing Maven projects] INFO  o.e.m.c.i.e.AbstractTransferListenerAdapter - Downloaded https://repo.maven.apache.org/maven2/org/apache/maven/surefire/surefire/3.5.3/surefire-3.5.3.pom
2026-01-27 14:06:24,936 [Worker-65: Importing Maven projects] INFO  o.e.m.c.i.e.AbstractTransferListenerAdapter - Downloading https://repo.maven.apache.org/maven2/org/apache/maven/maven-parent/44/maven-parent-44.pom
2026-01-27 14:06:24,945 [Worker-65: Importing Maven projects] INFO  o.e.m.c.i.e.AbstractTransferListenerAdapter - Downloaded https://repo.maven.apache.org/maven2/org/apache/maven/maven-parent/44/maven-parent-44.pom
2026-01-27 14:06:25,096 [Worker-65: Importing Maven projects] INFO  o.e.m.c.i.e.AbstractTransferListenerAdapter - Downloading https://repo.maven.apache.org/maven2/org/apache/apache/34/apache-34.pom
2026-01-27 14:06:25,103 [Worker-65: Importing Maven projects] INFO  o.e.m.c.i.e.AbstractTransferListenerAdapter - Downloaded https://repo.maven.apache.org/maven2/org/apache/apache/34/apache-34.pom
2026-01-27 14:06:25,344 [Worker-65: Importing Maven projects] INFO  o.e.m.c.i.e.AbstractTransferListenerAdapter - Downloading https://repo.maven.apache.org/maven2/org/junit/junit-bom/5.12.1/junit-bom-5.12.1.pom
2026-01-27 14:06:25,352 [Worker-65: Importing Maven projects] INFO  o.e.m.c.i.e.AbstractTransferListenerAdapter - Downloaded https://repo.maven.apache.org/maven2/org/junit/junit-bom/5.12.1/junit-bom-5.12.1.pom
2026-01-27 14:06:25,507 [Worker-65: Importing Maven projects] INFO  o.e.m.c.i.e.AbstractTransferListenerAdapter - Downloading https://repo.maven.apache.org/maven2/org/apache/maven/plugins/maven-jar-plugin/3.4.2/maven-jar-plugin-3.4.2.pom
2026-01-27 14:06:25,517 [Worker-65: Importing Maven projects] INFO  o.e.m.c.i.e.AbstractTransferListenerAdapter - Downloaded https://repo.maven.apache.org/maven2/org/apache/maven/plugins/maven-jar-plugin/3.4.2/maven-jar-plugin-3.4.2.pom
2026-01-27 14:06:25,795 [Worker-65: Importing Maven projects] INFO  o.e.m.c.i.e.AbstractTransferListenerAdapter - Downloading https://repo.maven.apache.org/maven2/org/apache/maven/shared/file-management/3.1.0/file-management-3.1.0.pom
2026-01-27 14:06:25,801 [Worker-65: Importing Maven projects] INFO  o.e.m.c.i.e.AbstractTransferListenerAdapter - Downloaded https://repo.maven.apache.org/maven2/org/apache/maven/shared/file-management/3.1.0/file-management-3.1.0.pom
2026-01-27 14:06:26,128 [Worker-65: Importing Maven projects] INFO  o.e.m.c.i.e.AbstractTransferListenerAdapter - Downloading https://repo.maven.apache.org/maven2/org/apache/maven/shared/maven-shared-components/36/maven-shared-components-36.pom
2026-01-27 14:06:26,134 [Worker-65: Importing Maven projects] INFO  o.e.m.c.i.e.AbstractTransferListenerAdapter - Downloaded https://repo.maven.apache.org/maven2/org/apache/maven/shared/maven-shared-components/36/maven-shared-components-36.pom
2026-01-27 14:06:26,328 [Worker-65: Importing Maven projects] INFO  o.e.m.c.i.e.AbstractTransferListenerAdapter - Downloading https://repo.maven.apache.org/maven2/commons-io/commons-io/2.16.1/commons-io-2.16.1.pom
2026-01-27 14:06:26,336 [Worker-65: Importing Maven projects] INFO  o.e.m.c.i.e.AbstractTransferListenerAdapter - Downloaded https://repo.maven.apache.org/maven2/commons-io/commons-io/2.16.1/commons-io-2.16.1.pom
2026-01-27 14:06:26,517 [Worker-65: Importing Maven projects] INFO  o.e.m.c.i.e.AbstractTransferListenerAdapter - Downloading https://repo.maven.apache.org/maven2/org/apache/maven/maven-archiver/3.6.2/maven-archiver-3.6.2.pom
2026-01-27 14:06:26,523 [Worker-65: Importing Maven projects] INFO  o.e.m.c.i.e.AbstractTransferListenerAdapter - Downloaded https://repo.maven.apache.org/maven2/org/apache/maven/maven-archiver/3.6.2/maven-archiver-3.6.2.pom
2026-01-27 14:06:26,922 [Worker-65: Importing Maven projects] INFO  o.e.m.c.i.e.AbstractTransferListenerAdapter - Downloading https://repo.maven.apache.org/maven2/org/apache/maven/shared/maven-shared-components/41/maven-shared-components-41.pom
2026-01-27 14:06:26,927 [Worker-65: Importing Maven projects] INFO  o.e.m.c.i.e.AbstractTransferListenerAdapter - Downloaded https://repo.maven.apache.org/maven2/org/apache/maven/shared/maven-shared-components/41/maven-shared-components-41.pom
2026-01-27 14:06:27,198 [Worker-65: Importing Maven projects] INFO  o.e.m.c.i.e.AbstractTransferListenerAdapter - Downloading https://repo.maven.apache.org/maven2/org/codehaus/plexus/plexus-interpolation/1.27/plexus-interpolation-1.27.pom
2026-01-27 14:06:27,207 [Worker-65: Importing Maven projects] INFO  o.e.m.c.i.e.AbstractTransferListenerAdapter - Downloaded https://repo.maven.apache.org/maven2/org/codehaus/plexus/plexus-interpolation/1.27/plexus-interpolation-1.27.pom
2026-01-27 14:06:27,487 [Worker-65: Importing Maven projects] INFO  o.e.m.c.i.e.AbstractTransferListenerAdapter - Downloading https://repo.maven.apache.org/maven2/org/apache/maven/shared/file-management/3.1.0/file-management-3.1.0.jar
2026-01-27 14:06:27,545 [Worker-65: Importing Maven projects] INFO  o.e.m.c.i.e.AbstractTransferListenerAdapter - Downloaded https://repo.maven.apache.org/maven2/org/apache/maven/shared/file-management/3.1.0/file-management-3.1.0.jar
2026-01-27 14:06:27,755 [BasicRepositoryConnector-repo.maven.apache.org-1-2] INFO  o.e.m.c.i.e.AbstractTransferListenerAdapter - Downloading https://repo.maven.apache.org/maven2/org/codehaus/plexus/plexus-interpolation/1.27/plexus-interpolation-1.27.jar
2026-01-27 14:06:27,756 [BasicRepositoryConnector-repo.maven.apache.org-1-0] INFO  o.e.m.c.i.e.AbstractTransferListenerAdapter - Downloading https://repo.maven.apache.org/maven2/commons-io/commons-io/2.16.1/commons-io-2.16.1.jar
2026-01-27 14:06:27,779 [BasicRepositoryConnector-repo.maven.apache.org-1-3] INFO  o.e.m.c.i.e.AbstractTransferListenerAdapter - Downloading https://repo.maven.apache.org/maven2/org/apache/commons/commons-lang3/3.14.0/commons-lang3-3.14.0.jar
2026-01-27 14:06:28,000 [BasicRepositoryConnector-repo.maven.apache.org-1-1] INFO  o.e.m.c.i.e.AbstractTransferListenerAdapter - Downloading https://repo.maven.apache.org/maven2/org/apache/maven/maven-archiver/3.6.2/maven-archiver-3.6.2.jar
2026-01-27 14:06:28,011 [BasicRepositoryConnector-repo.maven.apache.org-1-1] INFO  o.e.m.c.i.e.AbstractTransferListenerAdapter - Downloaded https://repo.maven.apache.org/maven2/org/apache/maven/maven-archiver/3.6.2/maven-archiver-3.6.2.jar
2026-01-27 14:06:28,182 [BasicRepositoryConnector-repo.maven.apache.org-1-2] INFO  o.e.m.c.i.e.AbstractTransferListenerAdapter - Downloaded https://repo.maven.apache.org/maven2/org/codehaus/plexus/plexus-interpolation/1.27/plexus-interpolation-1.27.jar
2026-01-27 14:06:28,294 [BasicRepositoryConnector-repo.maven.apache.org-1-3] INFO  o.e.m.c.i.e.AbstractTransferListenerAdapter - Downloaded https://repo.maven.apache.org/maven2/org/apache/commons/commons-lang3/3.14.0/commons-lang3-3.14.0.jar
2026-01-27 14:06:30,253 [BasicRepositoryConnector-repo.maven.apache.org-1-0] INFO  o.e.m.c.i.e.AbstractTransferListenerAdapter - Downloaded https://repo.maven.apache.org/maven2/commons-io/commons-io/2.16.1/commons-io-2.16.1.jar
2026-01-27 14:06:31,075 [Worker-65: Importing Maven projects] INFO  o.e.m.j.i.AbstractJavaProjectConfigurator - Adding source folder /spring-security1/src/main/java
2026-01-27 14:06:31,078 [Worker-65: Importing Maven projects] INFO  o.e.m.j.i.AbstractJavaProjectConfigurator - Adding resource folder /spring-security1/src/main/resources
2026-01-27 14:06:31,085 [Worker-65: Importing Maven projects] INFO  o.e.m.j.i.AbstractJavaProjectConfigurator - Adding resource folder /spring-security1/src/main/resources
2026-01-27 14:06:31,091 [Worker-65: Importing Maven projects] INFO  o.e.m.j.i.AbstractJavaProjectConfigurator - Adding source folder /spring-security1/src/test/java
2026-01-27 14:06:31,093 [Worker-65: Importing Maven projects] INFO  o.e.m.j.i.AbstractJavaProjectConfigurator - Adding resource folder /spring-security1/src/test/resources
2026-01-27 14:06:32,117 [Worker-69: Download sources and javadoc] INFO  o.e.m.c.i.e.AbstractTransferListenerAdapter - Downloading https://repo.maven.apache.org/maven2/org/springframework/boot/spring-boot-starter-data-jpa/3.5.0/spring-boot-starter-data-jpa-3.5.0-sources.jar
2026-01-27 14:06:32,131 [Worker-69: Download sources and javadoc] INFO  o.e.m.c.i.e.AbstractTransferListenerAdapter - Downloaded https://repo.maven.apache.org/maven2/org/springframework/boot/spring-boot-starter-data-jpa/3.5.0/spring-boot-starter-data-jpa-3.5.0-sources.jar
2026-01-27 14:06:32,137 [Worker-69: Download sources and javadoc] INFO  o.e.m.j.internal.DownloadSourcesJob - Downloaded sources for org.springframework.boot:spring-boot-starter-data-jpa:3.5.0
2026-01-27 14:06:32,311 [Worker-65: Importing Maven projects] WARN  o.apache.maven.project.MavenProject - Direct modification of compileSourceRoots through clear() is deprecated and will not work in Maven 4.0.0. Please use the add/remove methods instead. If you're using a plugin that causes this warning, please upgrade to the latest version and report an issue if the warning persists. To disable these warnings, set -Dmaven.project.sourceRoots.warningsDisabled=true on the command line, in the .mvn/maven.config file, or in project POM properties.
2026-01-27 14:06:32,313 [Worker-65: Importing Maven projects] WARN  o.apache.maven.project.MavenProject - Direct modification of compileSourceRoots through add() is deprecated and will not work in Maven 4.0.0. Please use the add/remove methods instead. If you're using a plugin that causes this warning, please upgrade to the latest version and report an issue if the warning persists. To disable these warnings, set -Dmaven.project.sourceRoots.warningsDisabled=true on the command line, in the .mvn/maven.config file, or in project POM properties.
2026-01-27 14:06:32,315 [Worker-65: Importing Maven projects] WARN  o.apache.maven.project.MavenProject - Direct modification of testCompileSourceRoots through clear() is deprecated and will not work in Maven 4.0.0. Please use the add/remove methods instead. If you're using a plugin that causes this warning, please upgrade to the latest version and report an issue if the warning persists. To disable these warnings, set -Dmaven.project.sourceRoots.warningsDisabled=true on the command line, in the .mvn/maven.config file, or in project POM properties.
2026-01-27 14:06:32,316 [Worker-65: Importing Maven projects] WARN  o.apache.maven.project.MavenProject - Direct modification of testCompileSourceRoots through add() is deprecated and will not work in Maven 4.0.0. Please use the add/remove methods instead. If you're using a plugin that causes this warning, please upgrade to the latest version and report an issue if the warning persists. To disable these warnings, set -Dmaven.project.sourceRoots.warningsDisabled=true on the command line, in the .mvn/maven.config file, or in project POM properties.
2026-01-27 14:06:32,360 [Worker-65: Importing Maven projects] INFO  o.e.m.c.i.p.ProjectConfigurationManager - Imported and configured 1 project(s) in 28 sec
2026-01-27 14:06:32,532 [Worker-69: Download sources and javadoc] INFO  o.e.m.c.i.e.AbstractTransferListenerAdapter - Downloading https://repo.maven.apache.org/maven2/org/springframework/boot/spring-boot-starter/3.5.0/spring-boot-starter-3.5.0-sources.jar
2026-01-27 14:06:32,540 [Worker-69: Download sources and javadoc] INFO  o.e.m.c.i.e.AbstractTransferListenerAdapter - Downloaded https://repo.maven.apache.org/maven2/org/springframework/boot/spring-boot-starter/3.5.0/spring-boot-starter-3.5.0-sources.jar
2026-01-27 14:06:32,548 [Worker-69: Download sources and javadoc] INFO  o.e.m.j.internal.DownloadSourcesJob - Downloaded sources for org.springframework.boot:spring-boot-starter:3.5.0
2026-01-27 14:06:32,936 [Worker-69: Download sources and javadoc] INFO  o.e.m.c.i.e.AbstractTransferListenerAdapter - Downloading https://repo.maven.apache.org/maven2/org/springframework/boot/spring-boot-starter-logging/3.5.0/spring-boot-starter-logging-3.5.0-sources.jar
2026-01-27 14:06:32,955 [Worker-69: Download sources and javadoc] INFO  o.e.m.c.i.e.AbstractTransferListenerAdapter - Downloaded https://repo.maven.apache.org/maven2/org/springframework/boot/spring-boot-starter-logging/3.5.0/spring-boot-starter-logging-3.5.0-sources.jar
2026-01-27 14:06:32,966 [Worker-69: Download sources and javadoc] INFO  o.e.m.j.internal.DownloadSourcesJob - Downloaded sources for org.springframework.boot:spring-boot-starter-logging:3.5.0
2026-01-27 14:06:33,537 [Worker-69: Download sources and javadoc] INFO  o.e.m.c.i.e.AbstractTransferListenerAdapter - Downloading https://repo.maven.apache.org/maven2/ch/qos/logback/logback-classic/1.5.18/logback-classic-1.5.18-sources.jar
2026-01-27 14:06:33,756 [Worker-63: Building] INFO  o.a.m.s.f.DefaultMavenResourcesFiltering - Copying 1 resource from src\main\resources to target\classes
2026-01-27 14:06:33,784 [Worker-63: Building] INFO  o.a.m.s.f.DefaultMavenResourcesFiltering - Copying 0 resource from src\main\resources to target\classes
2026-01-27 14:06:33,793 [Worker-63: Building] INFO  o.a.m.s.f.DefaultMavenResourcesFiltering - skip non existing resourceDirectory C:\Users\sahil\Desktop\java-repo-master\java-repo-master\spring-security1\src\test\resources
2026-01-27 14:06:33,952 [Worker-69: Download sources and javadoc] INFO  o.e.m.c.i.e.AbstractTransferListenerAdapter - Downloaded https://repo.maven.apache.org/maven2/ch/qos/logback/logback-classic/1.5.18/logback-classic-1.5.18-sources.jar
2026-01-27 14:06:33,961 [Worker-69: Download sources and javadoc] INFO  o.e.m.j.internal.DownloadSourcesJob - Downloaded sources for ch.qos.logback:logback-classic:1.5.18
2026-01-27 14:06:34,365 [Worker-69: Download sources and javadoc] INFO  o.e.m.c.i.e.AbstractTransferListenerAdapter - Downloading https://repo.maven.apache.org/maven2/ch/qos/logback/logback-core/1.5.18/logback-core-1.5.18-sources.jar
2026-01-27 14:06:34,365 [Worker-63: Building] WARN  o.apache.maven.project.MavenProject - Direct modification of compileSourceRoots through clear() is deprecated and will not work in Maven 4.0.0. Please use the add/remove methods instead. If you're using a plugin that causes this warning, please upgrade to the latest version and report an issue if the warning persists. To disable these warnings, set -Dmaven.project.sourceRoots.warningsDisabled=true on the command line, in the .mvn/maven.config file, or in project POM properties.
2026-01-27 14:06:34,367 [Worker-63: Building] WARN  o.apache.maven.project.MavenProject - Direct modification of compileSourceRoots through add() is deprecated and will not work in Maven 4.0.0. Please use the add/remove methods instead. If you're using a plugin that causes this warning, please upgrade to the latest version and report an issue if the warning persists. To disable these warnings, set -Dmaven.project.sourceRoots.warningsDisabled=true on the command line, in the .mvn/maven.config file, or in project POM properties.
2026-01-27 14:06:34,368 [Worker-63: Building] WARN  o.apache.maven.project.MavenProject - Direct modification of testCompileSourceRoots through clear() is deprecated and will not work in Maven 4.0.0. Please use the add/remove methods instead. If you're using a plugin that causes this warning, please upgrade to the latest version and report an issue if the warning persists. To disable these warnings, set -Dmaven.project.sourceRoots.warningsDisabled=true on the command line, in the .mvn/maven.config file, or in project POM properties.
2026-01-27 14:06:34,370 [Worker-63: Building] WARN  o.apache.maven.project.MavenProject - Direct modification of testCompileSourceRoots through add() is deprecated and will not work in Maven 4.0.0. Please use the add/remove methods instead. If you're using a plugin that causes this warning, please upgrade to the latest version and report an issue if the warning persists. To disable these warnings, set -Dmaven.project.sourceRoots.warningsDisabled=true on the command line, in the .mvn/maven.config file, or in project POM properties.
2026-01-27 14:06:35,090 [Worker-69: Download sources and javadoc] INFO  o.e.m.c.i.e.AbstractTransferListenerAdapter - Downloaded https://repo.maven.apache.org/maven2/ch/qos/logback/logback-core/1.5.18/logback-core-1.5.18-sources.jar
2026-01-27 14:06:35,101 [Worker-69: Download sources and javadoc] INFO  o.e.m.j.internal.DownloadSourcesJob - Downloaded sources for ch.qos.logback:logback-core:1.5.18
2026-01-27 14:06:35,537 [Worker-69: Download sources and javadoc] INFO  o.e.m.c.i.e.AbstractTransferListenerAdapter - Downloading https://repo.maven.apache.org/maven2/org/apache/logging/log4j/log4j-to-slf4j/2.24.3/log4j-to-slf4j-2.24.3-sources.jar
2026-01-27 14:06:35,562 [Worker-69: Download sources and javadoc] INFO  o.e.m.c.i.e.AbstractTransferListenerAdapter - Downloaded https://repo.maven.apache.org/maven2/org/apache/logging/log4j/log4j-to-slf4j/2.24.3/log4j-to-slf4j-2.24.3-sources.jar
2026-01-27 14:06:35,572 [Worker-69: Download sources and javadoc] INFO  o.e.m.j.internal.DownloadSourcesJob - Downloaded sources for org.apache.logging.log4j:log4j-to-slf4j:2.24.3
2026-01-27 14:06:36,030 [Worker-69: Download sources and javadoc] INFO  o.e.m.c.i.e.AbstractTransferListenerAdapter - Downloading https://repo.maven.apache.org/maven2/org/apache/logging/log4j/log4j-api/2.24.3/log4j-api-2.24.3-sources.jar
2026-01-27 14:06:36,461 [Worker-69: Download sources and javadoc] INFO  o.e.m.c.i.e.AbstractTransferListenerAdapter - Downloaded https://repo.maven.apache.org/maven2/org/apache/logging/log4j/log4j-api/2.24.3/log4j-api-2.24.3-sources.jar
2026-01-27 14:06:36,470 [Worker-69: Download sources and javadoc] INFO  o.e.m.j.internal.DownloadSourcesJob - Downloaded sources for org.apache.logging.log4j:log4j-api:2.24.3
2026-01-27 14:06:36,936 [Worker-69: Download sources and javadoc] INFO  o.e.m.c.i.e.AbstractTransferListenerAdapter - Downloading https://repo.maven.apache.org/maven2/org/slf4j/jul-to-slf4j/2.0.17/jul-to-slf4j-2.0.17-sources.jar
2026-01-27 14:06:36,950 [Worker-69: Download sources and javadoc] INFO  o.e.m.c.i.e.AbstractTransferListenerAdapter - Downloaded https://repo.maven.apache.org/maven2/org/slf4j/jul-to-slf4j/2.0.17/jul-to-slf4j-2.0.17-sources.jar
2026-01-27 14:06:36,954 [Worker-69: Download sources and javadoc] INFO  o.e.m.j.internal.DownloadSourcesJob - Downloaded sources for org.slf4j:jul-to-slf4j:2.0.17
2026-01-27 14:06:37,332 [Worker-69: Download sources and javadoc] INFO  o.e.m.c.i.e.AbstractTransferListenerAdapter - Downloading https://repo.maven.apache.org/maven2/jakarta/annotation/jakarta.annotation-api/2.1.1/jakarta.annotation-api-2.1.1-sources.jar
2026-01-27 14:06:37,350 [Worker-69: Download sources and javadoc] INFO  o.e.m.c.i.e.AbstractTransferListenerAdapter - Downloaded https://repo.maven.apache.org/maven2/jakarta/annotation/jakarta.annotation-api/2.1.1/jakarta.annotation-api-2.1.1-sources.jar
2026-01-27 14:06:37,355 [Worker-69: Download sources and javadoc] INFO  o.e.m.j.internal.DownloadSourcesJob - Downloaded sources for jakarta.annotation:jakarta.annotation-api:2.1.1
2026-01-27 14:06:37,752 [Worker-69: Download sources and javadoc] INFO  o.e.m.c.i.e.AbstractTransferListenerAdapter - Downloading https://repo.maven.apache.org/maven2/org/yaml/snakeyaml/2.4/snakeyaml-2.4-sources.jar
2026-01-27 14:06:38,195 [Worker-69: Download sources and javadoc] INFO  o.e.m.c.i.e.AbstractTransferListenerAdapter - Downloaded https://repo.maven.apache.org/maven2/org/yaml/snakeyaml/2.4/snakeyaml-2.4-sources.jar
2026-01-27 14:06:38,201 [Worker-69: Download sources and javadoc] INFO  o.e.m.j.internal.DownloadSourcesJob - Downloaded sources for org.yaml:snakeyaml:2.4
2026-01-27 14:06:38,616 [Worker-69: Download sources and javadoc] INFO  o.e.m.c.i.e.AbstractTransferListenerAdapter - Downloading https://repo.maven.apache.org/maven2/org/springframework/boot/spring-boot-starter-jdbc/3.5.0/spring-boot-starter-jdbc-3.5.0-sources.jar
2026-01-27 14:06:38,624 [Worker-69: Download sources and javadoc] INFO  o.e.m.c.i.e.AbstractTransferListenerAdapter - Downloaded https://repo.maven.apache.org/maven2/org/springframework/boot/spring-boot-starter-jdbc/3.5.0/spring-boot-starter-jdbc-3.5.0-sources.jar
2026-01-27 14:06:38,631 [Worker-69: Download sources and javadoc] INFO  o.e.m.j.internal.DownloadSourcesJob - Downloaded sources for org.springframework.boot:spring-boot-starter-jdbc:3.5.0
2026-01-27 14:06:39,016 [Worker-69: Download sources and javadoc] INFO  o.e.m.c.i.e.AbstractTransferListenerAdapter - Downloading https://repo.maven.apache.org/maven2/com/zaxxer/HikariCP/6.3.0/HikariCP-6.3.0-sources.jar
2026-01-27 14:06:39,557 [Worker-69: Download sources and javadoc] INFO  o.e.m.c.i.e.AbstractTransferListenerAdapter - Downloaded https://repo.maven.apache.org/maven2/com/zaxxer/HikariCP/6.3.0/HikariCP-6.3.0-sources.jar
2026-01-27 14:06:39,565 [Worker-69: Download sources and javadoc] INFO  o.e.m.j.internal.DownloadSourcesJob - Downloaded sources for com.zaxxer:HikariCP:6.3.0
2026-01-27 14:06:39,982 [Worker-69: Download sources and javadoc] INFO  o.e.m.c.i.e.AbstractTransferListenerAdapter - Downloading https://repo.maven.apache.org/maven2/org/springframework/spring-jdbc/6.2.7/spring-jdbc-6.2.7-sources.jar
2026-01-27 14:06:40,776 [Worker-69: Download sources and javadoc] INFO  o.e.m.c.i.e.AbstractTransferListenerAdapter - Downloaded https://repo.maven.apache.org/maven2/org/springframework/spring-jdbc/6.2.7/spring-jdbc-6.2.7-sources.jar
2026-01-27 14:06:40,781 [Worker-69: Download sources and javadoc] INFO  o.e.m.j.internal.DownloadSourcesJob - Downloaded sources for org.springframework:spring-jdbc:6.2.7
2026-01-27 14:06:41,454 [Worker-69: Download sources and javadoc] INFO  o.e.m.c.i.e.AbstractTransferListenerAdapter - Downloading https://repo.maven.apache.org/maven2/org/hibernate/orm/hibernate-core/6.6.15.Final/hibernate-core-6.6.15.Final-sources.jar
2026-01-27 14:06:45,901 [Worker-69: Download sources and javadoc] INFO  o.e.m.c.i.e.AbstractTransferListenerAdapter - Downloaded https://repo.maven.apache.org/maven2/org/hibernate/orm/hibernate-core/6.6.15.Final/hibernate-core-6.6.15.Final-sources.jar
2026-01-27 14:06:45,909 [Worker-69: Download sources and javadoc] INFO  o.e.m.j.internal.DownloadSourcesJob - Downloaded sources for org.hibernate.orm:hibernate-core:6.6.15.Final
2026-01-27 14:06:46,335 [Worker-69: Download sources and javadoc] INFO  o.e.m.c.i.e.AbstractTransferListenerAdapter - Downloading https://repo.maven.apache.org/maven2/jakarta/transaction/jakarta.transaction-api/2.0.1/jakarta.transaction-api-2.0.1-sources.jar
2026-01-27 14:06:46,375 [Worker-69: Download sources and javadoc] INFO  o.e.m.c.i.e.AbstractTransferListenerAdapter - Downloaded https://repo.maven.apache.org/maven2/jakarta/transaction/jakarta.transaction-api/2.0.1/jakarta.transaction-api-2.0.1-sources.jar
2026-01-27 14:06:46,384 [Worker-69: Download sources and javadoc] INFO  o.e.m.j.internal.DownloadSourcesJob - Downloaded sources for jakarta.transaction:jakarta.transaction-api:2.0.1
2026-01-27 14:06:46,796 [Worker-69: Download sources and javadoc] INFO  o.e.m.c.i.e.AbstractTransferListenerAdapter - Downloading https://repo.maven.apache.org/maven2/org/jboss/logging/jboss-logging/3.6.1.Final/jboss-logging-3.6.1.Final-sources.jar
2026-01-27 14:06:46,830 [Worker-69: Download sources and javadoc] INFO  o.e.m.c.i.e.AbstractTransferListenerAdapter - Downloaded https://repo.maven.apache.org/maven2/org/jboss/logging/jboss-logging/3.6.1.Final/jboss-logging-3.6.1.Final-sources.jar
2026-01-27 14:06:46,839 [Worker-69: Download sources and javadoc] INFO  o.e.m.j.internal.DownloadSourcesJob - Downloaded sources for org.jboss.logging:jboss-logging:3.6.1.Final
2026-01-27 14:06:47,202 [Worker-69: Download sources and javadoc] INFO  o.e.m.c.i.e.AbstractTransferListenerAdapter - Downloading https://repo.maven.apache.org/maven2/org/hibernate/common/hibernate-commons-annotations/7.0.3.Final/hibernate-commons-annotations-7.0.3.Final-sources.jar
2026-01-27 14:06:47,242 [Worker-69: Download sources and javadoc] INFO  o.e.m.c.i.e.AbstractTransferListenerAdapter - Downloaded https://repo.maven.apache.org/maven2/org/hibernate/common/hibernate-commons-annotations/7.0.3.Final/hibernate-commons-annotations-7.0.3.Final-sources.jar
2026-01-27 14:06:47,250 [Worker-69: Download sources and javadoc] INFO  o.e.m.j.internal.DownloadSourcesJob - Downloaded sources for org.hibernate.common:hibernate-commons-annotations:7.0.3.Final
2026-01-27 14:06:47,620 [Worker-69: Download sources and javadoc] INFO  o.e.m.c.i.e.AbstractTransferListenerAdapter - Downloading https://repo.maven.apache.org/maven2/io/smallrye/jandex/3.2.0/jandex-3.2.0-sources.jar
2026-01-27 14:06:47,921 [Worker-69: Download sources and javadoc] INFO  o.e.m.c.i.e.AbstractTransferListenerAdapter - Downloaded https://repo.maven.apache.org/maven2/io/smallrye/jandex/3.2.0/jandex-3.2.0-sources.jar
2026-01-27 14:06:47,927 [Worker-69: Download sources and javadoc] INFO  o.e.m.j.internal.DownloadSourcesJob - Downloaded sources for io.smallrye:jandex:3.2.0
2026-01-27 14:06:48,335 [Worker-69: Download sources and javadoc] INFO  o.e.m.c.i.e.AbstractTransferListenerAdapter - Downloading https://repo.maven.apache.org/maven2/com/fasterxml/classmate/1.7.0/classmate-1.7.0-sources.jar
2026-01-27 14:06:48,352 [Worker-69: Download sources and javadoc] INFO  o.e.m.c.i.e.AbstractTransferListenerAdapter - Downloaded https://repo.maven.apache.org/maven2/com/fasterxml/classmate/1.7.0/classmate-1.7.0-sources.jar
2026-01-27 14:06:48,358 [Worker-69: Download sources and javadoc] INFO  o.e.m.j.internal.DownloadSourcesJob - Downloaded sources for com.fasterxml:classmate:1.7.0
2026-01-27 14:06:48,359 [Worker-69: Download sources and javadoc] WARN  o.e.m.j.internal.DownloadSourcesJob - IPackageFragmentRoot is missing, skipping javadoc/source attachment for project P/spring-security1
2026-01-27 14:06:48,730 [Worker-69: Download sources and javadoc] INFO  o.e.m.c.i.e.AbstractTransferListenerAdapter - Downloading https://repo.maven.apache.org/maven2/net/bytebuddy/byte-buddy/1.17.5/byte-buddy-1.17.5-sources.jar
2026-01-27 14:06:49,826 [Worker-69: Download sources and javadoc] INFO  o.e.m.c.i.e.AbstractTransferListenerAdapter - Downloaded https://repo.maven.apache.org/maven2/net/bytebuddy/byte-buddy/1.17.5/byte-buddy-1.17.5-sources.jar
2026-01-27 14:06:49,830 [Worker-69: Download sources and javadoc] INFO  o.e.m.j.internal.DownloadSourcesJob - Downloaded sources for net.bytebuddy:byte-buddy:1.17.5
2026-01-27 14:06:49,830 [Worker-69: Download sources and javadoc] WARN  o.e.m.j.internal.DownloadSourcesJob - IPackageFragmentRoot is missing, skipping javadoc/source attachment for project P/spring-security1
2026-01-27 14:06:50,252 [Worker-69: Download sources and javadoc] INFO  o.e.m.c.i.e.AbstractTransferListenerAdapter - Downloading https://repo.maven.apache.org/maven2/org/glassfish/jaxb/jaxb-runtime/4.0.5/jaxb-runtime-4.0.5-sources.jar
2026-01-27 14:06:50,852 [Worker-69: Download sources and javadoc] INFO  o.e.m.c.i.e.AbstractTransferListenerAdapter - Downloaded https://repo.maven.apache.org/maven2/org/glassfish/jaxb/jaxb-runtime/4.0.5/jaxb-runtime-4.0.5-sources.jar
2026-01-27 14:06:50,858 [Worker-69: Download sources and javadoc] INFO  o.e.m.j.internal.DownloadSourcesJob - Downloaded sources for org.glassfish.jaxb:jaxb-runtime:4.0.5
2026-01-27 14:06:50,858 [Worker-69: Download sources and javadoc] WARN  o.e.m.j.internal.DownloadSourcesJob - IPackageFragmentRoot is missing, skipping javadoc/source attachment for project P/spring-security1
2026-01-27 14:06:51,271 [Worker-69: Download sources and javadoc] INFO  o.e.m.c.i.e.AbstractTransferListenerAdapter - Downloading https://repo.maven.apache.org/maven2/org/glassfish/jaxb/jaxb-core/4.0.5/jaxb-core-4.0.5-sources.jar
2026-01-27 14:06:51,585 [Worker-69: Download sources and javadoc] INFO  o.e.m.c.i.e.AbstractTransferListenerAdapter - Downloaded https://repo.maven.apache.org/maven2/org/glassfish/jaxb/jaxb-core/4.0.5/jaxb-core-4.0.5-sources.jar
2026-01-27 14:06:51,589 [Worker-69: Download sources and javadoc] INFO  o.e.m.j.internal.DownloadSourcesJob - Downloaded sources for org.glassfish.jaxb:jaxb-core:4.0.5
2026-01-27 14:06:51,589 [Worker-69: Download sources and javadoc] WARN  o.e.m.j.internal.DownloadSourcesJob - IPackageFragmentRoot is missing, skipping javadoc/source attachment for project P/spring-security1
2026-01-27 14:06:51,988 [Worker-69: Download sources and javadoc] INFO  o.e.m.c.i.e.AbstractTransferListenerAdapter - Downloading https://repo.maven.apache.org/maven2/org/eclipse/angus/angus-activation/2.0.2/angus-activation-2.0.2-sources.jar
2026-01-27 14:06:52,012 [Worker-69: Download sources and javadoc] INFO  o.e.m.c.i.e.AbstractTransferListenerAdapter - Downloaded https://repo.maven.apache.org/maven2/org/eclipse/angus/angus-activation/2.0.2/angus-activation-2.0.2-sources.jar
2026-01-27 14:06:52,016 [Worker-69: Download sources and javadoc] INFO  o.e.m.j.internal.DownloadSourcesJob - Downloaded sources for org.eclipse.angus:angus-activation:2.0.2
2026-01-27 14:06:52,016 [Worker-69: Download sources and javadoc] WARN  o.e.m.j.internal.DownloadSourcesJob - IPackageFragmentRoot is missing, skipping javadoc/source attachment for project P/spring-security1
2026-01-27 14:06:52,555 [Worker-69: Download sources and javadoc] INFO  o.e.m.c.i.e.AbstractTransferListenerAdapter - Downloading https://repo.maven.apache.org/maven2/org/glassfish/jaxb/txw2/4.0.5/txw2-4.0.5-sources.jar
2026-01-27 14:06:52,667 [Worker-69: Download sources and javadoc] INFO  o.e.m.c.i.e.AbstractTransferListenerAdapter - Downloaded https://repo.maven.apache.org/maven2/org/glassfish/jaxb/txw2/4.0.5/txw2-4.0.5-sources.jar
2026-01-27 14:06:52,672 [Worker-69: Download sources and javadoc] INFO  o.e.m.j.internal.DownloadSourcesJob - Downloaded sources for org.glassfish.jaxb:txw2:4.0.5
2026-01-27 14:06:52,672 [Worker-69: Download sources and javadoc] WARN  o.e.m.j.internal.DownloadSourcesJob - IPackageFragmentRoot is missing, skipping javadoc/source attachment for project P/spring-security1
2026-01-27 14:06:53,171 [Worker-69: Download sources and javadoc] INFO  o.e.m.c.i.e.AbstractTransferListenerAdapter - Downloading https://repo.maven.apache.org/maven2/com/sun/istack/istack-commons-runtime/4.1.2/istack-commons-runtime-4.1.2-sources.jar
2026-01-27 14:06:53,182 [Worker-69: Download sources and javadoc] INFO  o.e.m.c.i.e.AbstractTransferListenerAdapter - Downloaded https://repo.maven.apache.org/maven2/com/sun/istack/istack-commons-runtime/4.1.2/istack-commons-runtime-4.1.2-sources.jar
2026-01-27 14:06:53,187 [Worker-69: Download sources and javadoc] INFO  o.e.m.j.internal.DownloadSourcesJob - Downloaded sources for com.sun.istack:istack-commons-runtime:4.1.2
2026-01-27 14:06:53,187 [Worker-69: Download sources and javadoc] WARN  o.e.m.j.internal.DownloadSourcesJob - IPackageFragmentRoot is missing, skipping javadoc/source attachment for project P/spring-security1
2026-01-27 14:06:53,715 [Worker-69: Download sources and javadoc] INFO  o.e.m.c.i.e.AbstractTransferListenerAdapter - Downloading https://repo.maven.apache.org/maven2/jakarta/inject/jakarta.inject-api/2.0.1/jakarta.inject-api-2.0.1-sources.jar
2026-01-27 14:06:53,749 [Worker-69: Download sources and javadoc] INFO  o.e.m.c.i.e.AbstractTransferListenerAdapter - Downloaded https://repo.maven.apache.org/maven2/jakarta/inject/jakarta.inject-api/2.0.1/jakarta.inject-api-2.0.1-sources.jar
2026-01-27 14:06:53,752 [Worker-69: Download sources and javadoc] INFO  o.e.m.j.internal.DownloadSourcesJob - Downloaded sources for jakarta.inject:jakarta.inject-api:2.0.1
2026-01-27 14:06:53,752 [Worker-69: Download sources and javadoc] WARN  o.e.m.j.internal.DownloadSourcesJob - IPackageFragmentRoot is missing, skipping javadoc/source attachment for project P/spring-security1
2026-01-27 14:06:54,162 [Worker-69: Download sources and javadoc] INFO  o.e.m.c.i.e.AbstractTransferListenerAdapter - Downloading https://repo.maven.apache.org/maven2/org/antlr/antlr4-runtime/4.13.0/antlr4-runtime-4.13.0-sources.jar
2026-01-27 14:06:54,614 [Worker-69: Download sources and javadoc] INFO  o.e.m.c.i.e.AbstractTransferListenerAdapter - Downloaded https://repo.maven.apache.org/maven2/org/antlr/antlr4-runtime/4.13.0/antlr4-runtime-4.13.0-sources.jar
2026-01-27 14:06:54,617 [Worker-69: Download sources and javadoc] INFO  o.e.m.j.internal.DownloadSourcesJob - Downloaded sources for org.antlr:antlr4-runtime:4.13.0
2026-01-27 14:06:54,617 [Worker-69: Download sources and javadoc] WARN  o.e.m.j.internal.DownloadSourcesJob - IPackageFragmentRoot is missing, skipping javadoc/source attachment for project P/spring-security1
2026-01-27 14:06:55,140 [Worker-69: Download sources and javadoc] INFO  o.e.m.c.i.e.AbstractTransferListenerAdapter - Downloading https://repo.maven.apache.org/maven2/org/springframework/spring-orm/6.2.7/spring-orm-6.2.7-sources.jar
2026-01-27 14:06:55,448 [Worker-69: Download sources and javadoc] INFO  o.e.m.c.i.e.AbstractTransferListenerAdapter - Downloaded https://repo.maven.apache.org/maven2/org/springframework/spring-orm/6.2.7/spring-orm-6.2.7-sources.jar
2026-01-27 14:06:55,452 [Worker-69: Download sources and javadoc] INFO  o.e.m.j.internal.DownloadSourcesJob - Downloaded sources for org.springframework:spring-orm:6.2.7
2026-01-27 14:06:55,453 [Worker-69: Download sources and javadoc] WARN  o.e.m.j.internal.DownloadSourcesJob - IPackageFragmentRoot is missing, skipping javadoc/source attachment for project P/spring-security1
2026-01-27 14:06:55,894 [Worker-69: Download sources and javadoc] INFO  o.e.m.c.i.e.AbstractTransferListenerAdapter - Downloading https://repo.maven.apache.org/maven2/org/springframework/spring-context/6.2.7/spring-context-6.2.7-sources.jar
2026-01-27 14:06:56,768 [Worker-69: Download sources and javadoc] INFO  o.e.m.c.i.e.AbstractTransferListenerAdapter - Downloaded https://repo.maven.apache.org/maven2/org/springframework/spring-context/6.2.7/spring-context-6.2.7-sources.jar
2026-01-27 14:06:56,772 [Worker-69: Download sources and javadoc] INFO  o.e.m.j.internal.DownloadSourcesJob - Downloaded sources for org.springframework:spring-context:6.2.7
2026-01-27 14:06:56,772 [Worker-69: Download sources and javadoc] WARN  o.e.m.j.internal.DownloadSourcesJob - IPackageFragmentRoot is missing, skipping javadoc/source attachment for project P/spring-security1
2026-01-27 14:06:57,159 [Worker-69: Download sources and javadoc] INFO  o.e.m.c.i.e.AbstractTransferListenerAdapter - Downloading https://repo.maven.apache.org/maven2/org/springframework/spring-tx/6.2.7/spring-tx-6.2.7-sources.jar
2026-01-27 14:06:57,544 [Worker-69: Download sources and javadoc] INFO  o.e.m.c.i.e.AbstractTransferListenerAdapter - Downloaded https://repo.maven.apache.org/maven2/org/springframework/spring-tx/6.2.7/spring-tx-6.2.7-sources.jar
2026-01-27 14:06:57,547 [Worker-69: Download sources and javadoc] INFO  o.e.m.j.internal.DownloadSourcesJob - Downloaded sources for org.springframework:spring-tx:6.2.7
2026-01-27 14:06:57,548 [Worker-69: Download sources and javadoc] WARN  o.e.m.j.internal.DownloadSourcesJob - IPackageFragmentRoot is missing, skipping javadoc/source attachment for project P/spring-security1
2026-01-27 14:06:57,902 [Worker-69: Download sources and javadoc] INFO  o.e.m.c.i.e.AbstractTransferListenerAdapter - Downloading https://repo.maven.apache.org/maven2/org/springframework/spring-beans/6.2.7/spring-beans-6.2.7-sources.jar
2026-01-27 14:06:58,717 [Worker-69: Download sources and javadoc] INFO  o.e.m.c.i.e.AbstractTransferListenerAdapter - Downloaded https://repo.maven.apache.org/maven2/org/springframework/spring-beans/6.2.7/spring-beans-6.2.7-sources.jar
2026-01-27 14:06:58,722 [Worker-69: Download sources and javadoc] INFO  o.e.m.j.internal.DownloadSourcesJob - Downloaded sources for org.springframework:spring-beans:6.2.7
2026-01-27 14:06:58,722 [Worker-69: Download sources and javadoc] WARN  o.e.m.j.internal.DownloadSourcesJob - IPackageFragmentRoot is missing, skipping javadoc/source attachment for project P/spring-security1
2026-01-27 14:06:59,087 [Worker-69: Download sources and javadoc] INFO  o.e.m.c.i.e.AbstractTransferListenerAdapter - Downloading https://repo.maven.apache.org/maven2/org/slf4j/slf4j-api/2.0.17/slf4j-api-2.0.17-sources.jar
2026-01-27 14:06:59,220 [Worker-69: Download sources and javadoc] INFO  o.e.m.c.i.e.AbstractTransferListenerAdapter - Downloaded https://repo.maven.apache.org/maven2/org/slf4j/slf4j-api/2.0.17/slf4j-api-2.0.17-sources.jar
2026-01-27 14:06:59,224 [Worker-69: Download sources and javadoc] INFO  o.e.m.j.internal.DownloadSourcesJob - Downloaded sources for org.slf4j:slf4j-api:2.0.17
2026-01-27 14:06:59,225 [Worker-69: Download sources and javadoc] WARN  o.e.m.j.internal.DownloadSourcesJob - IPackageFragmentRoot is missing, skipping javadoc/source attachment for project P/spring-security1
2026-01-27 14:06:59,636 [Worker-69: Download sources and javadoc] INFO  o.e.m.c.i.e.AbstractTransferListenerAdapter - Downloading https://repo.maven.apache.org/maven2/org/springframework/spring-aspects/6.2.7/spring-aspects-6.2.7-sources.jar
2026-01-27 14:06:59,654 [Worker-69: Download sources and javadoc] INFO  o.e.m.c.i.e.AbstractTransferListenerAdapter - Downloaded https://repo.maven.apache.org/maven2/org/springframework/spring-aspects/6.2.7/spring-aspects-6.2.7-sources.jar
2026-01-27 14:06:59,658 [Worker-69: Download sources and javadoc] INFO  o.e.m.j.internal.DownloadSourcesJob - Downloaded sources for org.springframework:spring-aspects:6.2.7
2026-01-27 14:06:59,658 [Worker-69: Download sources and javadoc] WARN  o.e.m.j.internal.DownloadSourcesJob - IPackageFragmentRoot is missing, skipping javadoc/source attachment for project P/spring-security1
2026-01-27 14:07:00,053 [Worker-69: Download sources and javadoc] INFO  o.e.m.c.i.e.AbstractTransferListenerAdapter - Downloading https://repo.maven.apache.org/maven2/org/aspectj/aspectjweaver/1.9.24/aspectjweaver-1.9.24-sources.jar
2026-01-27 14:07:01,510 [Worker-69: Download sources and javadoc] INFO  o.e.m.c.i.e.AbstractTransferListenerAdapter - Downloaded https://repo.maven.apache.org/maven2/org/aspectj/aspectjweaver/1.9.24/aspectjweaver-1.9.24-sources.jar
2026-01-27 14:07:01,514 [Worker-69: Download sources and javadoc] INFO  o.e.m.j.internal.DownloadSourcesJob - Downloaded sources for org.aspectj:aspectjweaver:1.9.24
2026-01-27 14:07:01,514 [Worker-69: Download sources and javadoc] WARN  o.e.m.j.internal.DownloadSourcesJob - IPackageFragmentRoot is missing, skipping javadoc/source attachment for project P/spring-security1
2026-01-27 14:07:01,993 [Worker-69: Download sources and javadoc] INFO  o.e.m.c.i.e.AbstractTransferListenerAdapter - Downloading https://repo.maven.apache.org/maven2/org/postgresql/postgresql/42.7.5/postgresql-42.7.5-sources.jar
2026-01-27 14:07:03,245 [Worker-69: Download sources and javadoc] INFO  o.e.m.c.i.e.AbstractTransferListenerAdapter - Downloaded https://repo.maven.apache.org/maven2/org/postgresql/postgresql/42.7.5/postgresql-42.7.5-sources.jar
2026-01-27 14:07:03,248 [Worker-69: Download sources and javadoc] INFO  o.e.m.j.internal.DownloadSourcesJob - Downloaded sources for org.postgresql:postgresql:42.7.5
2026-01-27 14:07:03,248 [Worker-69: Download sources and javadoc] WARN  o.e.m.j.internal.DownloadSourcesJob - IPackageFragmentRoot is missing, skipping javadoc/source attachment for project P/spring-security1
2026-01-27 14:07:03,667 [Worker-69: Download sources and javadoc] INFO  o.e.m.c.i.e.AbstractTransferListenerAdapter - Downloading https://repo.maven.apache.org/maven2/org/checkerframework/checker-qual/3.48.3/checker-qual-3.48.3-sources.jar
2026-01-27 14:07:04,095 [Worker-69: Download sources and javadoc] INFO  o.e.m.c.i.e.AbstractTransferListenerAdapter - Downloaded https://repo.maven.apache.org/maven2/org/checkerframework/checker-qual/3.48.3/checker-qual-3.48.3-sources.jar
2026-01-27 14:07:04,099 [Worker-69: Download sources and javadoc] INFO  o.e.m.j.internal.DownloadSourcesJob - Downloaded sources for org.checkerframework:checker-qual:3.48.3
2026-01-27 14:07:04,099 [Worker-69: Download sources and javadoc] WARN  o.e.m.j.internal.DownloadSourcesJob - IPackageFragmentRoot is missing, skipping javadoc/source attachment for project P/spring-security1
2026-01-27 14:07:04,570 [Worker-69: Download sources and javadoc] INFO  o.e.m.c.i.e.AbstractTransferListenerAdapter - Downloading https://repo.maven.apache.org/maven2/org/springframework/boot/spring-boot-starter-security/3.5.0/spring-boot-starter-security-3.5.0-sources.jar
2026-01-27 14:07:04,616 [Worker-69: Download sources and javadoc] INFO  o.e.m.c.i.e.AbstractTransferListenerAdapter - Downloaded https://repo.maven.apache.org/maven2/org/springframework/boot/spring-boot-starter-security/3.5.0/spring-boot-starter-security-3.5.0-sources.jar
2026-01-27 14:07:04,621 [Worker-69: Download sources and javadoc] INFO  o.e.m.j.internal.DownloadSourcesJob - Downloaded sources for org.springframework.boot:spring-boot-starter-security:3.5.0
2026-01-27 14:07:04,621 [Worker-69: Download sources and javadoc] WARN  o.e.m.j.internal.DownloadSourcesJob - IPackageFragmentRoot is missing, skipping javadoc/source attachment for project P/spring-security1
2026-01-27 14:07:05,059 [Worker-69: Download sources and javadoc] INFO  o.e.m.c.i.e.AbstractTransferListenerAdapter - Downloading https://repo.maven.apache.org/maven2/org/springframework/spring-aop/6.2.7/spring-aop-6.2.7-sources.jar
2026-01-27 14:07:05,664 [Worker-69: Download sources and javadoc] INFO  o.e.m.c.i.e.AbstractTransferListenerAdapter - Downloaded https://repo.maven.apache.org/maven2/org/springframework/spring-aop/6.2.7/spring-aop-6.2.7-sources.jar
2026-01-27 14:07:05,669 [Worker-69: Download sources and javadoc] INFO  o.e.m.j.internal.DownloadSourcesJob - Downloaded sources for org.springframework:spring-aop:6.2.7
2026-01-27 14:07:05,669 [Worker-69: Download sources and javadoc] WARN  o.e.m.j.internal.DownloadSourcesJob - IPackageFragmentRoot is missing, skipping javadoc/source attachment for project P/spring-security1
2026-01-27 14:07:06,078 [Worker-69: Download sources and javadoc] INFO  o.e.m.c.i.e.AbstractTransferListenerAdapter - Downloading https://repo.maven.apache.org/maven2/org/springframework/security/spring-security-config/6.5.0/spring-security-config-6.5.0-sources.jar
2026-01-27 14:07:07,611 [Worker-69: Download sources and javadoc] INFO  o.e.m.c.i.e.AbstractTransferListenerAdapter - Downloaded https://repo.maven.apache.org/maven2/org/springframework/security/spring-security-config/6.5.0/spring-security-config-6.5.0-sources.jar
2026-01-27 14:07:07,615 [Worker-69: Download sources and javadoc] INFO  o.e.m.j.internal.DownloadSourcesJob - Downloaded sources for org.springframework.security:spring-security-config:6.5.0
2026-01-27 14:07:07,615 [Worker-69: Download sources and javadoc] WARN  o.e.m.j.internal.DownloadSourcesJob - IPackageFragmentRoot is missing, skipping javadoc/source attachment for project P/spring-security1
2026-01-27 14:07:08,066 [Worker-69: Download sources and javadoc] INFO  o.e.m.c.i.e.AbstractTransferListenerAdapter - Downloading https://repo.maven.apache.org/maven2/org/springframework/security/spring-security-web/6.5.0/spring-security-web-6.5.0-sources.jar
2026-01-27 14:07:08,736 [Worker-69: Download sources and javadoc] INFO  o.e.m.c.i.e.AbstractTransferListenerAdapter - Downloaded https://repo.maven.apache.org/maven2/org/springframework/security/spring-security-web/6.5.0/spring-security-web-6.5.0-sources.jar
2026-01-27 14:07:08,744 [Worker-69: Download sources and javadoc] INFO  o.e.m.j.internal.DownloadSourcesJob - Downloaded sources for org.springframework.security:spring-security-web:6.5.0
2026-01-27 14:07:08,744 [Worker-69: Download sources and javadoc] WARN  o.e.m.j.internal.DownloadSourcesJob - IPackageFragmentRoot is missing, skipping javadoc/source attachment for project P/spring-security1
2026-01-27 14:07:09,237 [Worker-69: Download sources and javadoc] INFO  o.e.m.c.i.e.AbstractTransferListenerAdapter - Downloading https://repo.maven.apache.org/maven2/org/springframework/spring-expression/6.2.7/spring-expression-6.2.7-sources.jar
2026-01-27 14:07:09,691 [Worker-69: Download sources and javadoc] INFO  o.e.m.c.i.e.AbstractTransferListenerAdapter - Downloaded https://repo.maven.apache.org/maven2/org/springframework/spring-expression/6.2.7/spring-expression-6.2.7-sources.jar
2026-01-27 14:07:09,700 [Worker-69: Download sources and javadoc] INFO  o.e.m.j.internal.DownloadSourcesJob - Downloaded sources for org.springframework:spring-expression:6.2.7
2026-01-27 14:07:09,700 [Worker-69: Download sources and javadoc] WARN  o.e.m.j.internal.DownloadSourcesJob - IPackageFragmentRoot is missing, skipping javadoc/source attachment for project P/spring-security1
2026-01-27 14:07:10,153 [Worker-69: Download sources and javadoc] INFO  o.e.m.c.i.e.AbstractTransferListenerAdapter - Downloading https://repo.maven.apache.org/maven2/org/springframework/boot/spring-boot-starter-web/3.5.0/spring-boot-starter-web-3.5.0-sources.jar
2026-01-27 14:07:10,164 [Worker-69: Download sources and javadoc] INFO  o.e.m.c.i.e.AbstractTransferListenerAdapter - Downloaded https://repo.maven.apache.org/maven2/org/springframework/boot/spring-boot-starter-web/3.5.0/spring-boot-starter-web-3.5.0-sources.jar
2026-01-27 14:07:10,171 [Worker-69: Download sources and javadoc] INFO  o.e.m.j.internal.DownloadSourcesJob - Downloaded sources for org.springframework.boot:spring-boot-starter-web:3.5.0
2026-01-27 14:07:10,171 [Worker-69: Download sources and javadoc] WARN  o.e.m.j.internal.DownloadSourcesJob - IPackageFragmentRoot is missing, skipping javadoc/source attachment for project P/spring-security1
2026-01-27 14:07:10,598 [Worker-69: Download sources and javadoc] INFO  o.e.m.c.i.e.AbstractTransferListenerAdapter - Downloading https://repo.maven.apache.org/maven2/org/springframework/boot/spring-boot-starter-json/3.5.0/spring-boot-starter-json-3.5.0-sources.jar
2026-01-27 14:07:10,618 [Worker-69: Download sources and javadoc] INFO  o.e.m.c.i.e.AbstractTransferListenerAdapter - Downloaded https://repo.maven.apache.org/maven2/org/springframework/boot/spring-boot-starter-json/3.5.0/spring-boot-starter-json-3.5.0-sources.jar
2026-01-27 14:07:10,626 [Worker-69: Download sources and javadoc] INFO  o.e.m.j.internal.DownloadSourcesJob - Downloaded sources for org.springframework.boot:spring-boot-starter-json:3.5.0
2026-01-27 14:07:10,626 [Worker-69: Download sources and javadoc] WARN  o.e.m.j.internal.DownloadSourcesJob - IPackageFragmentRoot is missing, skipping javadoc/source attachment for project P/spring-security1
2026-01-27 14:07:11,013 [Worker-69: Download sources and javadoc] INFO  o.e.m.c.i.e.AbstractTransferListenerAdapter - Downloading https://repo.maven.apache.org/maven2/com/fasterxml/jackson/core/jackson-databind/2.19.0/jackson-databind-2.19.0-sources.jar
2026-01-27 14:07:12,230 [Worker-69: Download sources and javadoc] INFO  o.e.m.c.i.e.AbstractTransferListenerAdapter - Downloaded https://repo.maven.apache.org/maven2/com/fasterxml/jackson/core/jackson-databind/2.19.0/jackson-databind-2.19.0-sources.jar
2026-01-27 14:07:12,238 [Worker-69: Download sources and javadoc] INFO  o.e.m.j.internal.DownloadSourcesJob - Downloaded sources for com.fasterxml.jackson.core:jackson-databind:2.19.0
2026-01-27 14:07:12,238 [Worker-69: Download sources and javadoc] WARN  o.e.m.j.internal.DownloadSourcesJob - IPackageFragmentRoot is missing, skipping javadoc/source attachment for project P/spring-security1
2026-01-27 14:07:12,632 [Worker-69: Download sources and javadoc] INFO  o.e.m.c.i.e.AbstractTransferListenerAdapter - Downloading https://repo.maven.apache.org/maven2/com/fasterxml/jackson/core/jackson-annotations/2.19.0/jackson-annotations-2.19.0-sources.jar
2026-01-27 14:07:12,850 [Worker-69: Download sources and javadoc] INFO  o.e.m.c.i.e.AbstractTransferListenerAdapter - Downloaded https://repo.maven.apache.org/maven2/com/fasterxml/jackson/core/jackson-annotations/2.19.0/jackson-annotations-2.19.0-sources.jar
2026-01-27 14:07:12,857 [Worker-69: Download sources and javadoc] INFO  o.e.m.j.internal.DownloadSourcesJob - Downloaded sources for com.fasterxml.jackson.core:jackson-annotations:2.19.0
2026-01-27 14:07:12,857 [Worker-69: Download sources and javadoc] WARN  o.e.m.j.internal.DownloadSourcesJob - IPackageFragmentRoot is missing, skipping javadoc/source attachment for project P/spring-security1
2026-01-27 14:07:13,234 [Worker-69: Download sources and javadoc] INFO  o.e.m.c.i.e.AbstractTransferListenerAdapter - Downloading https://repo.maven.apache.org/maven2/com/fasterxml/jackson/core/jackson-core/2.19.0/jackson-core-2.19.0-sources.jar
2026-01-27 14:07:13,727 [Worker-69: Download sources and javadoc] INFO  o.e.m.c.i.e.AbstractTransferListenerAdapter - Downloaded https://repo.maven.apache.org/maven2/com/fasterxml/jackson/core/jackson-core/2.19.0/jackson-core-2.19.0-sources.jar
2026-01-27 14:07:13,733 [Worker-69: Download sources and javadoc] INFO  o.e.m.j.internal.DownloadSourcesJob - Downloaded sources for com.fasterxml.jackson.core:jackson-core:2.19.0
2026-01-27 14:07:13,733 [Worker-69: Download sources and javadoc] WARN  o.e.m.j.internal.DownloadSourcesJob - IPackageFragmentRoot is missing, skipping javadoc/source attachment for project P/spring-security1
2026-01-27 14:07:14,151 [Worker-69: Download sources and javadoc] INFO  o.e.m.c.i.e.AbstractTransferListenerAdapter - Downloading https://repo.maven.apache.org/maven2/com/fasterxml/jackson/datatype/jackson-datatype-jdk8/2.19.0/jackson-datatype-jdk8-2.19.0-sources.jar
2026-01-27 14:07:14,183 [Worker-69: Download sources and javadoc] INFO  o.e.m.c.i.e.AbstractTransferListenerAdapter - Downloaded https://repo.maven.apache.org/maven2/com/fasterxml/jackson/datatype/jackson-datatype-jdk8/2.19.0/jackson-datatype-jdk8-2.19.0-sources.jar
2026-01-27 14:07:14,191 [Worker-69: Download sources and javadoc] INFO  o.e.m.j.internal.DownloadSourcesJob - Downloaded sources for com.fasterxml.jackson.datatype:jackson-datatype-jdk8:2.19.0
2026-01-27 14:07:14,191 [Worker-69: Download sources and javadoc] WARN  o.e.m.j.internal.DownloadSourcesJob - IPackageFragmentRoot is missing, skipping javadoc/source attachment for project P/spring-security1
2026-01-27 14:07:14,605 [Worker-69: Download sources and javadoc] INFO  o.e.m.c.i.e.AbstractTransferListenerAdapter - Downloading https://repo.maven.apache.org/maven2/com/fasterxml/jackson/datatype/jackson-datatype-jsr310/2.19.0/jackson-datatype-jsr310-2.19.0-sources.jar
2026-01-27 14:07:14,749 [Worker-69: Download sources and javadoc] INFO  o.e.m.c.i.e.AbstractTransferListenerAdapter - Downloaded https://repo.maven.apache.org/maven2/com/fasterxml/jackson/datatype/jackson-datatype-jsr310/2.19.0/jackson-datatype-jsr310-2.19.0-sources.jar
2026-01-27 14:07:14,754 [Worker-69: Download sources and javadoc] INFO  o.e.m.j.internal.DownloadSourcesJob - Downloaded sources for com.fasterxml.jackson.datatype:jackson-datatype-jsr310:2.19.0
2026-01-27 14:07:14,754 [Worker-69: Download sources and javadoc] WARN  o.e.m.j.internal.DownloadSourcesJob - IPackageFragmentRoot is missing, skipping javadoc/source attachment for project P/spring-security1
2026-01-27 14:07:15,169 [Worker-69: Download sources and javadoc] INFO  o.e.m.c.i.e.AbstractTransferListenerAdapter - Downloading https://repo.maven.apache.org/maven2/com/fasterxml/jackson/module/jackson-module-parameter-names/2.19.0/jackson-module-parameter-names-2.19.0-sources.jar
2026-01-27 14:07:15,186 [Worker-69: Download sources and javadoc] INFO  o.e.m.c.i.e.AbstractTransferListenerAdapter - Downloaded https://repo.maven.apache.org/maven2/com/fasterxml/jackson/module/jackson-module-parameter-names/2.19.0/jackson-module-parameter-names-2.19.0-sources.jar
2026-01-27 14:07:15,190 [Worker-69: Download sources and javadoc] INFO  o.e.m.j.internal.DownloadSourcesJob - Downloaded sources for com.fasterxml.jackson.module:jackson-module-parameter-names:2.19.0
2026-01-27 14:07:15,190 [Worker-69: Download sources and javadoc] WARN  o.e.m.j.internal.DownloadSourcesJob - IPackageFragmentRoot is missing, skipping javadoc/source attachment for project P/spring-security1
2026-01-27 14:07:15,610 [Worker-69: Download sources and javadoc] INFO  o.e.m.c.i.e.AbstractTransferListenerAdapter - Downloading https://repo.maven.apache.org/maven2/org/springframework/boot/spring-boot-starter-tomcat/3.5.0/spring-boot-starter-tomcat-3.5.0-sources.jar
2026-01-27 14:07:15,614 [Worker-69: Download sources and javadoc] INFO  o.e.m.c.i.e.AbstractTransferListenerAdapter - Downloaded https://repo.maven.apache.org/maven2/org/springframework/boot/spring-boot-starter-tomcat/3.5.0/spring-boot-starter-tomcat-3.5.0-sources.jar
2026-01-27 14:07:15,618 [Worker-69: Download sources and javadoc] INFO  o.e.m.j.internal.DownloadSourcesJob - Downloaded sources for org.springframework.boot:spring-boot-starter-tomcat:3.5.0
2026-01-27 14:07:15,619 [Worker-69: Download sources and javadoc] WARN  o.e.m.j.internal.DownloadSourcesJob - IPackageFragmentRoot is missing, skipping javadoc/source attachment for project P/spring-security1
2026-01-27 14:07:16,012 [Worker-69: Download sources and javadoc] INFO  o.e.m.c.i.e.AbstractTransferListenerAdapter - Downloading https://repo.maven.apache.org/maven2/org/apache/tomcat/embed/tomcat-embed-core/10.1.41/tomcat-embed-core-10.1.41-sources.jar
2026-01-27 14:07:18,108 [Worker-69: Download sources and javadoc] INFO  o.e.m.c.i.e.AbstractTransferListenerAdapter - Downloaded https://repo.maven.apache.org/maven2/org/apache/tomcat/embed/tomcat-embed-core/10.1.41/tomcat-embed-core-10.1.41-sources.jar
2026-01-27 14:07:18,112 [Worker-69: Download sources and javadoc] INFO  o.e.m.j.internal.DownloadSourcesJob - Downloaded sources for org.apache.tomcat.embed:tomcat-embed-core:10.1.41
2026-01-27 14:07:18,113 [Worker-69: Download sources and javadoc] WARN  o.e.m.j.internal.DownloadSourcesJob - IPackageFragmentRoot is missing, skipping javadoc/source attachment for project P/spring-security1
2026-01-27 14:07:18,544 [Worker-69: Download sources and javadoc] INFO  o.e.m.c.i.e.AbstractTransferListenerAdapter - Downloading https://repo.maven.apache.org/maven2/org/apache/tomcat/embed/tomcat-embed-el/10.1.41/tomcat-embed-el-10.1.41-sources.jar
2026-01-27 14:07:18,901 [Worker-69: Download sources and javadoc] INFO  o.e.m.c.i.e.AbstractTransferListenerAdapter - Downloaded https://repo.maven.apache.org/maven2/org/apache/tomcat/embed/tomcat-embed-el/10.1.41/tomcat-embed-el-10.1.41-sources.jar
2026-01-27 14:07:18,906 [Worker-69: Download sources and javadoc] INFO  o.e.m.j.internal.DownloadSourcesJob - Downloaded sources for org.apache.tomcat.embed:tomcat-embed-el:10.1.41
2026-01-27 14:07:18,906 [Worker-69: Download sources and javadoc] WARN  o.e.m.j.internal.DownloadSourcesJob - IPackageFragmentRoot is missing, skipping javadoc/source attachment for project P/spring-security1
2026-01-27 14:07:19,369 [Worker-69: Download sources and javadoc] INFO  o.e.m.c.i.e.AbstractTransferListenerAdapter - Downloading https://repo.maven.apache.org/maven2/org/apache/tomcat/embed/tomcat-embed-websocket/10.1.41/tomcat-embed-websocket-10.1.41-sources.jar
2026-01-27 14:07:19,893 [Worker-69: Download sources and javadoc] INFO  o.e.m.c.i.e.AbstractTransferListenerAdapter - Downloaded https://repo.maven.apache.org/maven2/org/apache/tomcat/embed/tomcat-embed-websocket/10.1.41/tomcat-embed-websocket-10.1.41-sources.jar
2026-01-27 14:07:19,898 [Worker-69: Download sources and javadoc] INFO  o.e.m.j.internal.DownloadSourcesJob - Downloaded sources for org.apache.tomcat.embed:tomcat-embed-websocket:10.1.41
2026-01-27 14:07:19,898 [Worker-69: Download sources and javadoc] WARN  o.e.m.j.internal.DownloadSourcesJob - IPackageFragmentRoot is missing, skipping javadoc/source attachment for project P/spring-security1
2026-01-27 14:07:20,251 [Worker-69: Download sources and javadoc] INFO  o.e.m.c.i.e.AbstractTransferListenerAdapter - Downloading https://repo.maven.apache.org/maven2/io/micrometer/micrometer-observation/1.15.0/micrometer-observation-1.15.0-sources.jar
2026-01-27 14:07:20,288 [Worker-69: Download sources and javadoc] INFO  o.e.m.c.i.e.AbstractTransferListenerAdapter - Downloaded https://repo.maven.apache.org/maven2/io/micrometer/micrometer-observation/1.15.0/micrometer-observation-1.15.0-sources.jar
2026-01-27 14:07:20,292 [Worker-69: Download sources and javadoc] INFO  o.e.m.j.internal.DownloadSourcesJob - Downloaded sources for io.micrometer:micrometer-observation:1.15.0
2026-01-27 14:07:20,292 [Worker-69: Download sources and javadoc] WARN  o.e.m.j.internal.DownloadSourcesJob - IPackageFragmentRoot is missing, skipping javadoc/source attachment for project P/spring-security1
2026-01-27 14:07:20,669 [Worker-69: Download sources and javadoc] INFO  o.e.m.c.i.e.AbstractTransferListenerAdapter - Downloading https://repo.maven.apache.org/maven2/io/micrometer/micrometer-commons/1.15.0/micrometer-commons-1.15.0-sources.jar
2026-01-27 14:07:20,697 [Worker-69: Download sources and javadoc] INFO  o.e.m.c.i.e.AbstractTransferListenerAdapter - Downloaded https://repo.maven.apache.org/maven2/io/micrometer/micrometer-commons/1.15.0/micrometer-commons-1.15.0-sources.jar
2026-01-27 14:07:20,702 [Worker-69: Download sources and javadoc] INFO  o.e.m.j.internal.DownloadSourcesJob - Downloaded sources for io.micrometer:micrometer-commons:1.15.0
2026-01-27 14:07:20,702 [Worker-69: Download sources and javadoc] WARN  o.e.m.j.internal.DownloadSourcesJob - IPackageFragmentRoot is missing, skipping javadoc/source attachment for project P/spring-security1
2026-01-27 14:07:21,054 [Worker-69: Download sources and javadoc] INFO  o.e.m.c.i.e.AbstractTransferListenerAdapter - Downloading https://repo.maven.apache.org/maven2/org/springframework/spring-webmvc/6.2.7/spring-webmvc-6.2.7-sources.jar
2026-01-27 14:07:21,742 [Worker-69: Download sources and javadoc] INFO  o.e.m.c.i.e.AbstractTransferListenerAdapter - Downloaded https://repo.maven.apache.org/maven2/org/springframework/spring-webmvc/6.2.7/spring-webmvc-6.2.7-sources.jar
2026-01-27 14:07:21,748 [Worker-69: Download sources and javadoc] INFO  o.e.m.j.internal.DownloadSourcesJob - Downloaded sources for org.springframework:spring-webmvc:6.2.7
2026-01-27 14:07:21,748 [Worker-69: Download sources and javadoc] WARN  o.e.m.j.internal.DownloadSourcesJob - IPackageFragmentRoot is missing, skipping javadoc/source attachment for project P/spring-security1
2026-01-27 14:07:22,102 [Worker-69: Download sources and javadoc] INFO  o.e.m.c.i.e.AbstractTransferListenerAdapter - Downloading https://repo.maven.apache.org/maven2/org/springframework/boot/spring-boot-devtools/3.5.0/spring-boot-devtools-3.5.0-sources.jar
2026-01-27 14:07:22,421 [Worker-69: Download sources and javadoc] INFO  o.e.m.c.i.e.AbstractTransferListenerAdapter - Downloaded https://repo.maven.apache.org/maven2/org/springframework/boot/spring-boot-devtools/3.5.0/spring-boot-devtools-3.5.0-sources.jar
2026-01-27 14:07:22,430 [Worker-69: Download sources and javadoc] INFO  o.e.m.j.internal.DownloadSourcesJob - Downloaded sources for org.springframework.boot:spring-boot-devtools:3.5.0
2026-01-27 14:07:22,430 [Worker-69: Download sources and javadoc] WARN  o.e.m.j.internal.DownloadSourcesJob - IPackageFragmentRoot is missing, skipping javadoc/source attachment for project P/spring-security1
2026-01-27 14:07:22,779 [Worker-69: Download sources and javadoc] INFO  o.e.m.c.i.e.AbstractTransferListenerAdapter - Downloading https://repo.maven.apache.org/maven2/org/projectlombok/lombok/1.18.38/lombok-1.18.38-sources.jar
2026-01-27 14:07:23,632 [Worker-69: Download sources and javadoc] INFO  o.e.m.c.i.e.AbstractTransferListenerAdapter - Downloaded https://repo.maven.apache.org/maven2/org/projectlombok/lombok/1.18.38/lombok-1.18.38-sources.jar
2026-01-27 14:07:23,635 [Worker-69: Download sources and javadoc] INFO  o.e.m.j.internal.DownloadSourcesJob - Downloaded sources for org.projectlombok:lombok:1.18.38
2026-01-27 14:07:23,635 [Worker-69: Download sources and javadoc] WARN  o.e.m.j.internal.DownloadSourcesJob - IPackageFragmentRoot is missing, skipping javadoc/source attachment for project P/spring-security1
2026-01-27 14:07:24,113 [Worker-69: Download sources and javadoc] INFO  o.e.m.c.i.e.AbstractTransferListenerAdapter - Downloading https://repo.maven.apache.org/maven2/io/jsonwebtoken/jjwt-api/0.12.6/jjwt-api-0.12.6-sources.jar
2026-01-27 14:07:24,444 [Worker-69: Download sources and javadoc] INFO  o.e.m.c.i.e.AbstractTransferListenerAdapter - Downloaded https://repo.maven.apache.org/maven2/io/jsonwebtoken/jjwt-api/0.12.6/jjwt-api-0.12.6-sources.jar
2026-01-27 14:07:24,450 [Worker-69: Download sources and javadoc] INFO  o.e.m.j.internal.DownloadSourcesJob - Downloaded sources for io.jsonwebtoken:jjwt-api:0.12.6
2026-01-27 14:07:24,450 [Worker-69: Download sources and javadoc] WARN  o.e.m.j.internal.DownloadSourcesJob - IPackageFragmentRoot is missing, skipping javadoc/source attachment for project P/spring-security1
2026-01-27 14:07:25,668 [Worker-69: Download sources and javadoc] INFO  o.e.m.c.i.e.AbstractTransferListenerAdapter - Downloaded https://repo.maven.apache.org/maven2/io/jsonwebtoken/jjwt/0.12.6/jjwt-0.12.6-sources.jar
2026-01-27 14:07:25,673 [Worker-69: Download sources and javadoc] ERROR o.e.m.j.internal.DownloadSourcesJob - Could not download sources for io.jsonwebtoken:jjwt:0.12.6
org.eclipse.core.runtime.CoreException: Could not resolve artifact io.jsonwebtoken:jjwt:jar:sources:0.12.6
	at org.eclipse.m2e.core.internal.embedder.MavenImpl.lambda$7(MavenImpl.java:554)
	at org.eclipse.m2e.core.internal.embedder.MavenExecutionContext.executeBare(MavenExecutionContext.java:462)
	at org.eclipse.m2e.core.internal.embedder.MavenExecutionContext.execute(MavenExecutionContext.java:295)
	at org.eclipse.m2e.core.internal.embedder.MavenExecutionContext.execute(MavenExecutionContext.java:281)
	at org.eclipse.m2e.core.internal.embedder.MavenImpl.resolve(MavenImpl.java:523)
	at org.eclipse.m2e.core.internal.embedder.MavenImpl.resolve(MavenImpl.java:508)
	at org.eclipse.m2e.jdt.internal.DownloadSourcesJob.download(DownloadSourcesJob.java:308)
	at org.eclipse.m2e.jdt.internal.DownloadSourcesJob.downloadAttachments(DownloadSourcesJob.java:282)
	at org.eclipse.m2e.jdt.internal.DownloadSourcesJob.downloadFilesAndPopulateToUpdate(DownloadSourcesJob.java:228)
	at org.eclipse.m2e.jdt.internal.DownloadSourcesJob.lambda$0(DownloadSourcesJob.java:149)
	at org.eclipse.m2e.core.internal.embedder.MavenExecutionContext.executeBare(MavenExecutionContext.java:462)
	at org.eclipse.m2e.core.internal.embedder.MavenExecutionContext.execute(MavenExecutionContext.java:342)
	at org.eclipse.m2e.core.internal.embedder.MavenExecutionContext.execute(MavenExecutionContext.java:281)
	at org.eclipse.m2e.core.embedder.IMaven.execute(IMaven.java:300)
	at org.eclipse.m2e.jdt.internal.DownloadSourcesJob.run(DownloadSourcesJob.java:149)
	at org.eclipse.core.internal.jobs.Worker.run(Worker.java:63)
2026-01-27 14:07:25,694 [Worker-69: Download sources and javadoc] WARN  o.e.m.j.internal.DownloadSourcesJob - IPackageFragmentRoot is missing, skipping javadoc/source attachment for project P/spring-security1
2026-01-27 14:07:28,454 [Worker-69: Download sources and javadoc] INFO  o.e.m.c.i.e.AbstractTransferListenerAdapter - Downloading https://repo.maven.apache.org/maven2/io/jsonwebtoken/jjwt-jackson/0.12.6/jjwt-jackson-0.12.6-sources.jar
2026-01-27 14:07:28,482 [Worker-69: Download sources and javadoc] INFO  o.e.m.c.i.e.AbstractTransferListenerAdapter - Downloaded https://repo.maven.apache.org/maven2/io/jsonwebtoken/jjwt-jackson/0.12.6/jjwt-jackson-0.12.6-sources.jar
2026-01-27 14:07:28,487 [Worker-69: Download sources and javadoc] INFO  o.e.m.j.internal.DownloadSourcesJob - Downloaded sources for io.jsonwebtoken:jjwt-jackson:0.12.6
2026-01-27 14:07:28,487 [Worker-69: Download sources and javadoc] WARN  o.e.m.j.internal.DownloadSourcesJob - IPackageFragmentRoot is missing, skipping javadoc/source attachment for project P/spring-security1
2026-01-27 14:07:29,159 [Worker-69: Download sources and javadoc] INFO  o.e.m.c.i.e.AbstractTransferListenerAdapter - Downloading https://repo.maven.apache.org/maven2/io/jsonwebtoken/jjwt-impl/0.12.6/jjwt-impl-0.12.6-sources.jar
2026-01-27 14:07:29,541 [Worker-69: Download sources and javadoc] INFO  o.e.m.c.i.e.AbstractTransferListenerAdapter - Downloaded https://repo.maven.apache.org/maven2/io/jsonwebtoken/jjwt-impl/0.12.6/jjwt-impl-0.12.6-sources.jar
2026-01-27 14:07:29,544 [Worker-69: Download sources and javadoc] INFO  o.e.m.j.internal.DownloadSourcesJob - Downloaded sources for io.jsonwebtoken:jjwt-impl:0.12.6
2026-01-27 14:07:29,544 [Worker-69: Download sources and javadoc] WARN  o.e.m.j.internal.DownloadSourcesJob - IPackageFragmentRoot is missing, skipping javadoc/source attachment for project P/spring-security1
2026-01-27 14:07:30,210 [Worker-69: Download sources and javadoc] INFO  o.e.m.c.i.e.AbstractTransferListenerAdapter - Downloading https://repo.maven.apache.org/maven2/org/springframework/boot/spring-boot-starter-test/3.5.0/spring-boot-starter-test-3.5.0-sources.jar
2026-01-27 14:07:30,217 [Worker-69: Download sources and javadoc] INFO  o.e.m.c.i.e.AbstractTransferListenerAdapter - Downloaded https://repo.maven.apache.org/maven2/org/springframework/boot/spring-boot-starter-test/3.5.0/spring-boot-starter-test-3.5.0-sources.jar
2026-01-27 14:07:30,222 [Worker-69: Download sources and javadoc] INFO  o.e.m.j.internal.DownloadSourcesJob - Downloaded sources for org.springframework.boot:spring-boot-starter-test:3.5.0
2026-01-27 14:07:30,222 [Worker-69: Download sources and javadoc] WARN  o.e.m.j.internal.DownloadSourcesJob - IPackageFragmentRoot is missing, skipping javadoc/source attachment for project P/spring-security1
2026-01-27 14:07:30,688 [Worker-69: Download sources and javadoc] INFO  o.e.m.c.i.e.AbstractTransferListenerAdapter - Downloading https://repo.maven.apache.org/maven2/org/springframework/boot/spring-boot-test/3.5.0/spring-boot-test-3.5.0-sources.jar
2026-01-27 14:07:31,007 [Worker-69: Download sources and javadoc] INFO  o.e.m.c.i.e.AbstractTransferListenerAdapter - Downloaded https://repo.maven.apache.org/maven2/org/springframework/boot/spring-boot-test/3.5.0/spring-boot-test-3.5.0-sources.jar
2026-01-27 14:07:31,012 [Worker-69: Download sources and javadoc] INFO  o.e.m.j.internal.DownloadSourcesJob - Downloaded sources for org.springframework.boot:spring-boot-test:3.5.0
2026-01-27 14:07:31,012 [Worker-69: Download sources and javadoc] WARN  o.e.m.j.internal.DownloadSourcesJob - IPackageFragmentRoot is missing, skipping javadoc/source attachment for project P/spring-security1
2026-01-27 14:07:31,432 [Worker-69: Download sources and javadoc] INFO  o.e.m.c.i.e.AbstractTransferListenerAdapter - Downloading https://repo.maven.apache.org/maven2/org/springframework/boot/spring-boot-test-autoconfigure/3.5.0/spring-boot-test-autoconfigure-3.5.0-sources.jar
2026-01-27 14:07:31,827 [Worker-69: Download sources and javadoc] INFO  o.e.m.c.i.e.AbstractTransferListenerAdapter - Downloaded https://repo.maven.apache.org/maven2/org/springframework/boot/spring-boot-test-autoconfigure/3.5.0/spring-boot-test-autoconfigure-3.5.0-sources.jar
2026-01-27 14:07:31,832 [Worker-69: Download sources and javadoc] INFO  o.e.m.j.internal.DownloadSourcesJob - Downloaded sources for org.springframework.boot:spring-boot-test-autoconfigure:3.5.0
2026-01-27 14:07:31,832 [Worker-69: Download sources and javadoc] WARN  o.e.m.j.internal.DownloadSourcesJob - IPackageFragmentRoot is missing, skipping javadoc/source attachment for project P/spring-security1
2026-01-27 14:07:32,400 [Worker-69: Download sources and javadoc] INFO  o.e.m.c.i.e.AbstractTransferListenerAdapter - Downloading https://repo.maven.apache.org/maven2/com/jayway/jsonpath/json-path/2.9.0/json-path-2.9.0-sources.jar
2026-01-27 14:07:32,634 [Worker-69: Download sources and javadoc] INFO  o.e.m.c.i.e.AbstractTransferListenerAdapter - Downloaded https://repo.maven.apache.org/maven2/com/jayway/jsonpath/json-path/2.9.0/json-path-2.9.0-sources.jar
2026-01-27 14:07:32,638 [Worker-69: Download sources and javadoc] INFO  o.e.m.j.internal.DownloadSourcesJob - Downloaded sources for com.jayway.jsonpath:json-path:2.9.0
2026-01-27 14:07:32,638 [Worker-69: Download sources and javadoc] WARN  o.e.m.j.internal.DownloadSourcesJob - IPackageFragmentRoot is missing, skipping javadoc/source attachment for project P/spring-security1
2026-01-27 14:07:33,044 [Worker-69: Download sources and javadoc] INFO  o.e.m.c.i.e.AbstractTransferListenerAdapter - Downloading https://repo.maven.apache.org/maven2/jakarta/xml/bind/jakarta.xml.bind-api/4.0.2/jakarta.xml.bind-api-4.0.2-sources.jar
2026-01-27 14:07:33,382 [Worker-69: Download sources and javadoc] INFO  o.e.m.c.i.e.AbstractTransferListenerAdapter - Downloaded https://repo.maven.apache.org/maven2/jakarta/xml/bind/jakarta.xml.bind-api/4.0.2/jakarta.xml.bind-api-4.0.2-sources.jar
2026-01-27 14:07:33,387 [Worker-69: Download sources and javadoc] INFO  o.e.m.j.internal.DownloadSourcesJob - Downloaded sources for jakarta.xml.bind:jakarta.xml.bind-api:4.0.2
2026-01-27 14:07:33,387 [Worker-69: Download sources and javadoc] WARN  o.e.m.j.internal.DownloadSourcesJob - IPackageFragmentRoot is missing, skipping javadoc/source attachment for project P/spring-security1
2026-01-27 14:07:33,775 [Worker-69: Download sources and javadoc] INFO  o.e.m.c.i.e.AbstractTransferListenerAdapter - Downloading https://repo.maven.apache.org/maven2/jakarta/activation/jakarta.activation-api/2.1.3/jakarta.activation-api-2.1.3-sources.jar
2026-01-27 14:07:33,817 [Worker-69: Download sources and javadoc] INFO  o.e.m.c.i.e.AbstractTransferListenerAdapter - Downloaded https://repo.maven.apache.org/maven2/jakarta/activation/jakarta.activation-api/2.1.3/jakarta.activation-api-2.1.3-sources.jar
2026-01-27 14:07:33,821 [Worker-69: Download sources and javadoc] INFO  o.e.m.j.internal.DownloadSourcesJob - Downloaded sources for jakarta.activation:jakarta.activation-api:2.1.3
2026-01-27 14:07:33,822 [Worker-69: Download sources and javadoc] WARN  o.e.m.j.internal.DownloadSourcesJob - IPackageFragmentRoot is missing, skipping javadoc/source attachment for project P/spring-security1
2026-01-27 14:07:34,217 [Worker-69: Download sources and javadoc] INFO  o.e.m.c.i.e.AbstractTransferListenerAdapter - Downloading https://repo.maven.apache.org/maven2/net/minidev/json-smart/2.5.2/json-smart-2.5.2-sources.jar
2026-01-27 14:07:34,347 [Worker-69: Download sources and javadoc] INFO  o.e.m.c.i.e.AbstractTransferListenerAdapter - Downloaded https://repo.maven.apache.org/maven2/net/minidev/json-smart/2.5.2/json-smart-2.5.2-sources.jar
2026-01-27 14:07:34,352 [Worker-69: Download sources and javadoc] INFO  o.e.m.j.internal.DownloadSourcesJob - Downloaded sources for net.minidev:json-smart:2.5.2
2026-01-27 14:07:34,352 [Worker-69: Download sources and javadoc] WARN  o.e.m.j.internal.DownloadSourcesJob - IPackageFragmentRoot is missing, skipping javadoc/source attachment for project P/spring-security1
2026-01-27 14:07:34,878 [Worker-69: Download sources and javadoc] INFO  o.e.m.c.i.e.AbstractTransferListenerAdapter - Downloading https://repo.maven.apache.org/maven2/net/minidev/accessors-smart/2.5.2/accessors-smart-2.5.2-sources.jar
2026-01-27 14:07:34,929 [Worker-69: Download sources and javadoc] INFO  o.e.m.c.i.e.AbstractTransferListenerAdapter - Downloaded https://repo.maven.apache.org/maven2/net/minidev/accessors-smart/2.5.2/accessors-smart-2.5.2-sources.jar
2026-01-27 14:07:34,933 [Worker-69: Download sources and javadoc] INFO  o.e.m.j.internal.DownloadSourcesJob - Downloaded sources for net.minidev:accessors-smart:2.5.2
2026-01-27 14:07:34,933 [Worker-69: Download sources and javadoc] WARN  o.e.m.j.internal.DownloadSourcesJob - IPackageFragmentRoot is missing, skipping javadoc/source attachment for project P/spring-security1
2026-01-27 14:07:35,314 [Worker-69: Download sources and javadoc] INFO  o.e.m.c.i.e.AbstractTransferListenerAdapter - Downloading https://repo.maven.apache.org/maven2/org/ow2/asm/asm/9.7.1/asm-9.7.1-sources.jar
2026-01-27 14:07:35,682 [Worker-69: Download sources and javadoc] INFO  o.e.m.c.i.e.AbstractTransferListenerAdapter - Downloaded https://repo.maven.apache.org/maven2/org/ow2/asm/asm/9.7.1/asm-9.7.1-sources.jar
2026-01-27 14:07:35,688 [Worker-69: Download sources and javadoc] INFO  o.e.m.j.internal.DownloadSourcesJob - Downloaded sources for org.ow2.asm:asm:9.7.1
2026-01-27 14:07:35,688 [Worker-69: Download sources and javadoc] WARN  o.e.m.j.internal.DownloadSourcesJob - IPackageFragmentRoot is missing, skipping javadoc/source attachment for project P/spring-security1
2026-01-27 14:07:36,193 [Worker-69: Download sources and javadoc] INFO  o.e.m.c.i.e.AbstractTransferListenerAdapter - Downloading https://repo.maven.apache.org/maven2/org/awaitility/awaitility/4.3.0/awaitility-4.3.0-sources.jar
2026-01-27 14:07:36,387 [Worker-69: Download sources and javadoc] INFO  o.e.m.c.i.e.AbstractTransferListenerAdapter - Downloaded https://repo.maven.apache.org/maven2/org/awaitility/awaitility/4.3.0/awaitility-4.3.0-sources.jar
2026-01-27 14:07:36,392 [Worker-69: Download sources and javadoc] INFO  o.e.m.j.internal.DownloadSourcesJob - Downloaded sources for org.awaitility:awaitility:4.3.0
2026-01-27 14:07:36,393 [Worker-69: Download sources and javadoc] WARN  o.e.m.j.internal.DownloadSourcesJob - IPackageFragmentRoot is missing, skipping javadoc/source attachment for project P/spring-security1
2026-01-27 14:07:36,895 [Worker-69: Download sources and javadoc] INFO  o.e.m.c.i.e.AbstractTransferListenerAdapter - Downloading https://repo.maven.apache.org/maven2/org/hamcrest/hamcrest/3.0/hamcrest-3.0-sources.jar
2026-01-27 14:07:37,098 [Worker-69: Download sources and javadoc] INFO  o.e.m.c.i.e.AbstractTransferListenerAdapter - Downloaded https://repo.maven.apache.org/maven2/org/hamcrest/hamcrest/3.0/hamcrest-3.0-sources.jar
2026-01-27 14:07:37,102 [Worker-69: Download sources and javadoc] INFO  o.e.m.j.internal.DownloadSourcesJob - Downloaded sources for org.hamcrest:hamcrest:3.0
2026-01-27 14:07:37,103 [Worker-69: Download sources and javadoc] WARN  o.e.m.j.internal.DownloadSourcesJob - IPackageFragmentRoot is missing, skipping javadoc/source attachment for project P/spring-security1
2026-01-27 14:07:37,625 [Worker-69: Download sources and javadoc] INFO  o.e.m.c.i.e.AbstractTransferListenerAdapter - Downloading https://repo.maven.apache.org/maven2/org/junit/jupiter/junit-jupiter/5.12.2/junit-jupiter-5.12.2-sources.jar
2026-01-27 14:07:37,634 [Worker-69: Download sources and javadoc] INFO  o.e.m.c.i.e.AbstractTransferListenerAdapter - Downloaded https://repo.maven.apache.org/maven2/org/junit/jupiter/junit-jupiter/5.12.2/junit-jupiter-5.12.2-sources.jar
2026-01-27 14:07:37,639 [Worker-69: Download sources and javadoc] INFO  o.e.m.j.internal.DownloadSourcesJob - Downloaded sources for org.junit.jupiter:junit-jupiter:5.12.2
2026-01-27 14:07:37,639 [Worker-69: Download sources and javadoc] WARN  o.e.m.j.internal.DownloadSourcesJob - IPackageFragmentRoot is missing, skipping javadoc/source attachment for project P/spring-security1
2026-01-27 14:07:38,119 [Worker-69: Download sources and javadoc] INFO  o.e.m.c.i.e.AbstractTransferListenerAdapter - Downloading https://repo.maven.apache.org/maven2/org/opentest4j/opentest4j/1.3.0/opentest4j-1.3.0-sources.jar
2026-01-27 14:07:38,128 [Worker-69: Download sources and javadoc] INFO  o.e.m.c.i.e.AbstractTransferListenerAdapter - Downloaded https://repo.maven.apache.org/maven2/org/opentest4j/opentest4j/1.3.0/opentest4j-1.3.0-sources.jar
2026-01-27 14:07:38,131 [Worker-69: Download sources and javadoc] INFO  o.e.m.j.internal.DownloadSourcesJob - Downloaded sources for org.opentest4j:opentest4j:1.3.0
2026-01-27 14:07:38,132 [Worker-69: Download sources and javadoc] WARN  o.e.m.j.internal.DownloadSourcesJob - IPackageFragmentRoot is missing, skipping javadoc/source attachment for project P/spring-security1
2026-01-27 14:07:38,828 [Worker-69: Download sources and javadoc] INFO  o.e.m.c.i.e.AbstractTransferListenerAdapter - Downloading https://repo.maven.apache.org/maven2/org/junit/platform/junit-platform-commons/1.12.2/junit-platform-commons-1.12.2-sources.jar
2026-01-27 14:07:39,112 [Worker-69: Download sources and javadoc] INFO  o.e.m.c.i.e.AbstractTransferListenerAdapter - Downloaded https://repo.maven.apache.org/maven2/org/junit/platform/junit-platform-commons/1.12.2/junit-platform-commons-1.12.2-sources.jar
2026-01-27 14:07:39,116 [Worker-69: Download sources and javadoc] INFO  o.e.m.j.internal.DownloadSourcesJob - Downloaded sources for org.junit.platform:junit-platform-commons:1.12.2
2026-01-27 14:07:39,116 [Worker-69: Download sources and javadoc] WARN  o.e.m.j.internal.DownloadSourcesJob - IPackageFragmentRoot is missing, skipping javadoc/source attachment for project P/spring-security1
2026-01-27 14:07:39,587 [Worker-69: Download sources and javadoc] INFO  o.e.m.c.i.e.AbstractTransferListenerAdapter - Downloading https://repo.maven.apache.org/maven2/org/apiguardian/apiguardian-api/1.1.2/apiguardian-api-1.1.2-sources.jar
2026-01-27 14:07:39,600 [Worker-69: Download sources and javadoc] INFO  o.e.m.c.i.e.AbstractTransferListenerAdapter - Downloaded https://repo.maven.apache.org/maven2/org/apiguardian/apiguardian-api/1.1.2/apiguardian-api-1.1.2-sources.jar
2026-01-27 14:07:39,604 [Worker-69: Download sources and javadoc] INFO  o.e.m.j.internal.DownloadSourcesJob - Downloaded sources for org.apiguardian:apiguardian-api:1.1.2
2026-01-27 14:07:39,604 [Worker-69: Download sources and javadoc] WARN  o.e.m.j.internal.DownloadSourcesJob - IPackageFragmentRoot is missing, skipping javadoc/source attachment for project P/spring-security1
2026-01-27 14:07:42,305 [Worker-69: Download sources and javadoc] INFO  o.e.m.c.i.e.AbstractTransferListenerAdapter - Downloading https://repo.maven.apache.org/maven2/org/junit/jupiter/junit-jupiter-params/5.12.2/junit-jupiter-params-5.12.2-sources.jar
2026-01-27 14:07:42,680 [Worker-69: Download sources and javadoc] INFO  o.e.m.c.i.e.AbstractTransferListenerAdapter - Downloaded https://repo.maven.apache.org/maven2/org/junit/jupiter/junit-jupiter-params/5.12.2/junit-jupiter-params-5.12.2-sources.jar
2026-01-27 14:07:42,689 [Worker-69: Download sources and javadoc] INFO  o.e.m.j.internal.DownloadSourcesJob - Downloaded sources for org.junit.jupiter:junit-jupiter-params:5.12.2
2026-01-27 14:07:42,689 [Worker-69: Download sources and javadoc] WARN  o.e.m.j.internal.DownloadSourcesJob - IPackageFragmentRoot is missing, skipping javadoc/source attachment for project P/spring-security1
2026-01-27 14:07:47,724 [Worker-69: Download sources and javadoc] INFO  o.e.m.c.i.e.AbstractTransferListenerAdapter - Downloading https://repo.maven.apache.org/maven2/org/junit/jupiter/junit-jupiter-engine/5.12.2/junit-jupiter-engine-5.12.2-sources.jar
2026-01-27 14:07:48,278 [Worker-69: Download sources and javadoc] INFO  o.e.m.c.i.e.AbstractTransferListenerAdapter - Downloaded https://repo.maven.apache.org/maven2/org/junit/jupiter/junit-jupiter-engine/5.12.2/junit-jupiter-engine-5.12.2-sources.jar
2026-01-27 14:07:48,284 [Worker-69: Download sources and javadoc] INFO  o.e.m.j.internal.DownloadSourcesJob - Downloaded sources for org.junit.jupiter:junit-jupiter-engine:5.12.2
2026-01-27 14:07:48,284 [Worker-69: Download sources and javadoc] WARN  o.e.m.j.internal.DownloadSourcesJob - IPackageFragmentRoot is missing, skipping javadoc/source attachment for project P/spring-security1
2026-01-27 14:07:49,824 [Worker-69: Download sources and javadoc] INFO  o.e.m.c.i.e.AbstractTransferListenerAdapter - Downloading https://repo.maven.apache.org/maven2/org/junit/platform/junit-platform-engine/1.12.2/junit-platform-engine-1.12.2-sources.jar
2026-01-27 14:07:50,393 [Worker-69: Download sources and javadoc] INFO  o.e.m.c.i.e.AbstractTransferListenerAdapter - Downloaded https://repo.maven.apache.org/maven2/org/junit/platform/junit-platform-engine/1.12.2/junit-platform-engine-1.12.2-sources.jar
2026-01-27 14:07:50,397 [Worker-69: Download sources and javadoc] INFO  o.e.m.j.internal.DownloadSourcesJob - Downloaded sources for org.junit.platform:junit-platform-engine:1.12.2
2026-01-27 14:07:50,397 [Worker-69: Download sources and javadoc] WARN  o.e.m.j.internal.DownloadSourcesJob - IPackageFragmentRoot is missing, skipping javadoc/source attachment for project P/spring-security1
2026-01-27 14:07:50,955 [Worker-69: Download sources and javadoc] INFO  o.e.m.c.i.e.AbstractTransferListenerAdapter - Downloading https://repo.maven.apache.org/maven2/net/bytebuddy/byte-buddy-agent/1.17.5/byte-buddy-agent-1.17.5-sources.jar
2026-01-27 14:07:51,246 [Worker-69: Download sources and javadoc] INFO  o.e.m.c.i.e.AbstractTransferListenerAdapter - Downloaded https://repo.maven.apache.org/maven2/net/bytebuddy/byte-buddy-agent/1.17.5/byte-buddy-agent-1.17.5-sources.jar
2026-01-27 14:07:51,250 [Worker-69: Download sources and javadoc] INFO  o.e.m.j.internal.DownloadSourcesJob - Downloaded sources for net.bytebuddy:byte-buddy-agent:1.17.5
2026-01-27 14:07:51,250 [Worker-69: Download sources and javadoc] WARN  o.e.m.j.internal.DownloadSourcesJob - IPackageFragmentRoot is missing, skipping javadoc/source attachment for project P/spring-security1
2026-01-27 14:07:51,714 [Worker-69: Download sources and javadoc] INFO  o.e.m.c.i.e.AbstractTransferListenerAdapter - Downloading https://repo.maven.apache.org/maven2/org/objenesis/objenesis/3.3/objenesis-3.3-sources.jar
2026-01-27 14:07:51,738 [Worker-69: Download sources and javadoc] INFO  o.e.m.c.i.e.AbstractTransferListenerAdapter - Downloaded https://repo.maven.apache.org/maven2/org/objenesis/objenesis/3.3/objenesis-3.3-sources.jar
2026-01-27 14:07:51,743 [Worker-69: Download sources and javadoc] INFO  o.e.m.j.internal.DownloadSourcesJob - Downloaded sources for org.objenesis:objenesis:3.3
2026-01-27 14:07:51,743 [Worker-69: Download sources and javadoc] WARN  o.e.m.j.internal.DownloadSourcesJob - IPackageFragmentRoot is missing, skipping javadoc/source attachment for project P/spring-security1
2026-01-27 14:07:52,219 [Worker-69: Download sources and javadoc] INFO  o.e.m.c.i.e.AbstractTransferListenerAdapter - Downloading https://repo.maven.apache.org/maven2/org/mockito/mockito-junit-jupiter/5.17.0/mockito-junit-jupiter-5.17.0-sources.jar
2026-01-27 14:07:52,263 [Worker-69: Download sources and javadoc] INFO  o.e.m.c.i.e.AbstractTransferListenerAdapter - Downloaded https://repo.maven.apache.org/maven2/org/mockito/mockito-junit-jupiter/5.17.0/mockito-junit-jupiter-5.17.0-sources.jar
2026-01-27 14:07:52,268 [Worker-69: Download sources and javadoc] INFO  o.e.m.j.internal.DownloadSourcesJob - Downloaded sources for org.mockito:mockito-junit-jupiter:5.17.0
2026-01-27 14:07:52,268 [Worker-69: Download sources and javadoc] WARN  o.e.m.j.internal.DownloadSourcesJob - IPackageFragmentRoot is missing, skipping javadoc/source attachment for project P/spring-security1
2026-01-27 14:07:52,758 [Worker-69: Download sources and javadoc] INFO  o.e.m.c.i.e.AbstractTransferListenerAdapter - Downloading https://repo.maven.apache.org/maven2/org/skyscreamer/jsonassert/1.5.3/jsonassert-1.5.3-sources.jar
2026-01-27 14:07:52,793 [Worker-69: Download sources and javadoc] INFO  o.e.m.c.i.e.AbstractTransferListenerAdapter - Downloaded https://repo.maven.apache.org/maven2/org/skyscreamer/jsonassert/1.5.3/jsonassert-1.5.3-sources.jar
2026-01-27 14:07:52,799 [Worker-69: Download sources and javadoc] INFO  o.e.m.j.internal.DownloadSourcesJob - Downloaded sources for org.skyscreamer:jsonassert:1.5.3
2026-01-27 14:07:52,799 [Worker-69: Download sources and javadoc] WARN  o.e.m.j.internal.DownloadSourcesJob - IPackageFragmentRoot is missing, skipping javadoc/source attachment for project P/spring-security1
2026-01-27 14:07:53,327 [Worker-69: Download sources and javadoc] INFO  o.e.m.c.i.e.AbstractTransferListenerAdapter - Downloading https://repo.maven.apache.org/maven2/com/vaadin/external/google/android-json/0.0.20131108.vaadin1/android-json-0.0.20131108.vaadin1-sources.jar
2026-01-27 14:07:53,350 [Worker-69: Download sources and javadoc] INFO  o.e.m.c.i.e.AbstractTransferListenerAdapter - Downloaded https://repo.maven.apache.org/maven2/com/vaadin/external/google/android-json/0.0.20131108.vaadin1/android-json-0.0.20131108.vaadin1-sources.jar
2026-01-27 14:07:53,355 [Worker-69: Download sources and javadoc] INFO  o.e.m.j.internal.DownloadSourcesJob - Downloaded sources for com.vaadin.external.google:android-json:0.0.20131108.vaadin1
2026-01-27 14:07:53,355 [Worker-69: Download sources and javadoc] WARN  o.e.m.j.internal.DownloadSourcesJob - IPackageFragmentRoot is missing, skipping javadoc/source attachment for project P/spring-security1
2026-01-27 14:07:53,789 [Worker-69: Download sources and javadoc] INFO  o.e.m.c.i.e.AbstractTransferListenerAdapter - Downloading https://repo.maven.apache.org/maven2/org/springframework/spring-core/6.2.7/spring-core-6.2.7-sources.jar
2026-01-27 14:07:55,514 [Worker-69: Download sources and javadoc] INFO  o.e.m.c.i.e.AbstractTransferListenerAdapter - Downloaded https://repo.maven.apache.org/maven2/org/springframework/spring-core/6.2.7/spring-core-6.2.7-sources.jar
2026-01-27 14:07:55,518 [Worker-69: Download sources and javadoc] INFO  o.e.m.j.internal.DownloadSourcesJob - Downloaded sources for org.springframework:spring-core:6.2.7
2026-01-27 14:07:55,518 [Worker-69: Download sources and javadoc] WARN  o.e.m.j.internal.DownloadSourcesJob - IPackageFragmentRoot is missing, skipping javadoc/source attachment for project P/spring-security1
2026-01-27 14:07:56,078 [Worker-69: Download sources and javadoc] INFO  o.e.m.c.i.e.AbstractTransferListenerAdapter - Downloading https://repo.maven.apache.org/maven2/org/springframework/spring-jcl/6.2.7/spring-jcl-6.2.7-sources.jar
2026-01-27 14:07:56,084 [Worker-69: Download sources and javadoc] INFO  o.e.m.c.i.e.AbstractTransferListenerAdapter - Downloaded https://repo.maven.apache.org/maven2/org/springframework/spring-jcl/6.2.7/spring-jcl-6.2.7-sources.jar
2026-01-27 14:07:56,088 [Worker-69: Download sources and javadoc] INFO  o.e.m.j.internal.DownloadSourcesJob - Downloaded sources for org.springframework:spring-jcl:6.2.7
2026-01-27 14:07:56,088 [Worker-69: Download sources and javadoc] WARN  o.e.m.j.internal.DownloadSourcesJob - IPackageFragmentRoot is missing, skipping javadoc/source attachment for project P/spring-security1
2026-01-27 14:07:56,429 [Worker-69: Download sources and javadoc] INFO  o.e.m.c.i.e.AbstractTransferListenerAdapter - Downloading https://repo.maven.apache.org/maven2/org/springframework/spring-test/6.2.7/spring-test-6.2.7-sources.jar
2026-01-27 14:07:57,270 [Worker-69: Download sources and javadoc] INFO  o.e.m.c.i.e.AbstractTransferListenerAdapter - Downloaded https://repo.maven.apache.org/maven2/org/springframework/spring-test/6.2.7/spring-test-6.2.7-sources.jar
2026-01-27 14:07:57,274 [Worker-69: Download sources and javadoc] INFO  o.e.m.j.internal.DownloadSourcesJob - Downloaded sources for org.springframework:spring-test:6.2.7
2026-01-27 14:07:57,274 [Worker-69: Download sources and javadoc] WARN  o.e.m.j.internal.DownloadSourcesJob - IPackageFragmentRoot is missing, skipping javadoc/source attachment for project P/spring-security1
2026-01-27 14:07:57,669 [Worker-69: Download sources and javadoc] INFO  o.e.m.c.i.e.AbstractTransferListenerAdapter - Downloading https://repo.maven.apache.org/maven2/org/xmlunit/xmlunit-core/2.10.1/xmlunit-core-2.10.1-sources.jar
2026-01-27 14:07:57,867 [Worker-69: Download sources and javadoc] INFO  o.e.m.c.i.e.AbstractTransferListenerAdapter - Downloaded https://repo.maven.apache.org/maven2/org/xmlunit/xmlunit-core/2.10.1/xmlunit-core-2.10.1-sources.jar
2026-01-27 14:07:57,872 [Worker-69: Download sources and javadoc] INFO  o.e.m.j.internal.DownloadSourcesJob - Downloaded sources for org.xmlunit:xmlunit-core:2.10.1
2026-01-27 14:07:57,872 [Worker-69: Download sources and javadoc] WARN  o.e.m.j.internal.DownloadSourcesJob - IPackageFragmentRoot is missing, skipping javadoc/source attachment for project P/spring-security1
2026-01-27 14:07:58,244 [Worker-69: Download sources and javadoc] INFO  o.e.m.c.i.e.AbstractTransferListenerAdapter - Downloading https://repo.maven.apache.org/maven2/org/springframework/security/spring-security-test/6.5.0/spring-security-test-6.5.0-sources.jar
2026-01-27 14:07:58,282 [Worker-69: Download sources and javadoc] INFO  o.e.m.c.i.e.AbstractTransferListenerAdapter - Downloaded https://repo.maven.apache.org/maven2/org/springframework/security/spring-security-test/6.5.0/spring-security-test-6.5.0-sources.jar
2026-01-27 14:07:58,287 [Worker-69: Download sources and javadoc] INFO  o.e.m.j.internal.DownloadSourcesJob - Downloaded sources for org.springframework.security:spring-security-test:6.5.0
2026-01-27 14:07:58,287 [Worker-69: Download sources and javadoc] WARN  o.e.m.j.internal.DownloadSourcesJob - IPackageFragmentRoot is missing, skipping javadoc/source attachment for project P/spring-security1
2026-01-27 14:07:58,758 [Worker-69: Download sources and javadoc] INFO  o.e.m.c.i.e.AbstractTransferListenerAdapter - Downloading https://repo.maven.apache.org/maven2/org/springframework/security/spring-security-core/6.5.0/spring-security-core-6.5.0-sources.jar
2026-01-27 14:07:59,249 [Worker-69: Download sources and javadoc] INFO  o.e.m.c.i.e.AbstractTransferListenerAdapter - Downloaded https://repo.maven.apache.org/maven2/org/springframework/security/spring-security-core/6.5.0/spring-security-core-6.5.0-sources.jar
2026-01-27 14:07:59,252 [Worker-69: Download sources and javadoc] INFO  o.e.m.j.internal.DownloadSourcesJob - Downloaded sources for org.springframework.security:spring-security-core:6.5.0
2026-01-27 14:07:59,252 [Worker-69: Download sources and javadoc] WARN  o.e.m.j.internal.DownloadSourcesJob - IPackageFragmentRoot is missing, skipping javadoc/source attachment for project P/spring-security1
2026-01-27 14:07:59,824 [Worker-69: Download sources and javadoc] INFO  o.e.m.c.i.e.AbstractTransferListenerAdapter - Downloading https://repo.maven.apache.org/maven2/org/springframework/security/spring-security-crypto/6.5.0/spring-security-crypto-6.5.0-sources.jar
2026-01-27 14:08:00,021 [Worker-69: Download sources and javadoc] INFO  o.e.m.c.i.e.AbstractTransferListenerAdapter - Downloaded https://repo.maven.apache.org/maven2/org/springframework/security/spring-security-crypto/6.5.0/spring-security-crypto-6.5.0-sources.jar
2026-01-27 14:08:00,026 [Worker-69: Download sources and javadoc] INFO  o.e.m.j.internal.DownloadSourcesJob - Downloaded sources for org.springframework.security:spring-security-crypto:6.5.0
2026-01-27 14:08:00,026 [Worker-69: Download sources and javadoc] WARN  o.e.m.j.internal.DownloadSourcesJob - IPackageFragmentRoot is missing, skipping javadoc/source attachment for project P/spring-security1
2026-01-28 09:46:10,165 [Worker-2: Loading available Gradle versions] INFO  o.e.b.c.i.u.g.PublishedGradleVersions - Gradle version information cache is out-of-date. Trying to update.
2026-01-28 15:07:07,591 [Worker-1: Loading available Gradle versions] INFO  o.e.b.c.i.u.g.PublishedGradleVersions - Gradle version information cache is up-to-date. Trying to read.
2026-01-29 09:33:57,923 [Worker-7: Loading available Gradle versions] INFO  o.e.b.c.i.u.g.PublishedGradleVersions - Gradle version information cache is up-to-date. Trying to read.
2026-01-29 09:48:53,585 [Worker-7: Loading available Gradle versions] INFO  o.e.b.c.i.u.g.PublishedGradleVersions - Gradle version information cache is out-of-date. Trying to update.
2026-01-30 09:47:40,636 [Worker-4: Loading available Gradle versions] INFO  o.e.b.c.i.u.g.PublishedGradleVersions - Gradle version information cache is up-to-date. Trying to read.
2026-01-30 16:20:51,553 [Worker-6: Loading available Gradle versions] INFO  o.e.b.c.i.u.g.PublishedGradleVersions - Gradle version information cache is out-of-date. Trying to update.
2026-02-01 20:19:53,716 [Worker-7: Loading available Gradle versions] INFO  o.e.b.c.i.u.g.PublishedGradleVersions - Gradle version information cache is out-of-date. Trying to update.
2026-02-03 10:58:02,940 [Worker-6: Loading available Gradle versions] INFO  o.e.b.c.i.u.g.PublishedGradleVersions - Gradle version information cache is up-to-date. Trying to read.
2026-02-03 11:02:17,498 [Worker-4: Loading available Gradle versions] INFO  o.e.b.c.i.u.g.PublishedGradleVersions - Gradle version information cache is up-to-date. Trying to read.
2026-02-04 10:07:49,244 [Worker-7: Loading available Gradle versions] INFO  o.e.b.c.i.u.g.PublishedGradleVersions - Gradle version information cache is up-to-date. Trying to read.
2026-02-05 09:43:31,515 [Worker-6: Loading available Gradle versions] INFO  o.e.b.c.i.u.g.PublishedGradleVersions - Gradle version information cache is out-of-date. Trying to update.
2026-02-13 10:01:05,011 [Worker-8: Loading available Gradle versions] INFO  o.e.b.c.i.u.g.PublishedGradleVersions - Gradle version information cache is out-of-date. Trying to update.
2026-02-17 10:04:22,323 [Worker-7: Loading available Gradle versions] INFO  o.e.b.c.i.u.g.PublishedGradleVersions - Gradle version information cache is out-of-date. Trying to update.
2026-02-18 10:05:36,064 [Worker-7: Loading available Gradle versions] INFO  o.e.b.c.i.u.g.PublishedGradleVersions - Gradle version information cache is out-of-date. Trying to update.
2026-02-19 09:43:55,026 [Worker-4: Loading available Gradle versions] INFO  o.e.b.c.i.u.g.PublishedGradleVersions - Gradle version information cache is up-to-date. Trying to read.
2026-02-20 09:54:01,070 [Worker-7: Loading available Gradle versions] INFO  o.e.b.c.i.u.g.PublishedGradleVersions - Gradle version information cache is out-of-date. Trying to update.
2026-02-20 19:43:22,030 [Worker-8: Loading available Gradle versions] INFO  o.e.b.c.i.u.g.PublishedGradleVersions - Gradle version information cache is up-to-date. Trying to read.
2026-02-21 09:16:31,469 [Worker-4: Loading available Gradle versions] INFO  o.e.b.c.i.u.g.PublishedGradleVersions - Gradle version information cache is up-to-date. Trying to read.
2026-02-21 12:41:31,953 [Worker-7: Loading available Gradle versions] INFO  o.e.b.c.i.u.g.PublishedGradleVersions - Gradle version information cache is out-of-date. Trying to update.
2026-02-23 09:08:56,783 [Worker-4: Loading available Gradle versions] INFO  o.e.b.c.i.u.g.PublishedGradleVersions - Gradle version information cache is out-of-date. Trying to update.
2026-02-24 09:30:27,980 [Worker-1: Loading available Gradle versions] INFO  o.e.b.c.i.u.g.PublishedGradleVersions - Gradle version information cache is out-of-date. Trying to update.
2026-02-24 12:10:24,272 [Worker-83: Launching mavenrun-f63c358f-b920-443f-ba4f-e3f002fd32b8] INFO  o.eclipse.m2e.core.internal.Bundles - getClasspathEntries(Bundle=org.eclipse.m2e.maven.runtime_3.9.1101.20251020-1549 [649])
2026-02-24 12:10:24,290 [Worker-83: Launching mavenrun-f63c358f-b920-443f-ba4f-e3f002fd32b8] INFO  o.eclipse.m2e.core.internal.Bundles - 	Entry: C:\Users\sahil\Desktop\eclipse-jee-2025-12-R-win32-x86_64\eclipse\plugins\org.eclipse.m2e.maven.runtime_3.9.1101.20251020-1549
2026-02-24 12:10:24,294 [Worker-83: Launching mavenrun-f63c358f-b920-443f-ba4f-e3f002fd32b8] INFO  o.eclipse.m2e.core.internal.Bundles - 	Entry: C:\Users\sahil\Desktop\eclipse-jee-2025-12-R-win32-x86_64\eclipse\plugins\org.eclipse.m2e.maven.runtime_3.9.1101.20251020-1549\jars\aopalliance-1.0.jar
2026-02-24 12:10:24,295 [Worker-83: Launching mavenrun-f63c358f-b920-443f-ba4f-e3f002fd32b8] INFO  o.eclipse.m2e.core.internal.Bundles - 	Entry: C:\Users\sahil\Desktop\eclipse-jee-2025-12-R-win32-x86_64\eclipse\plugins\org.eclipse.m2e.maven.runtime_3.9.1101.20251020-1549\jars\asm-9.8.jar
2026-02-24 12:10:24,296 [Worker-83: Launching mavenrun-f63c358f-b920-443f-ba4f-e3f002fd32b8] INFO  o.eclipse.m2e.core.internal.Bundles - 	Entry: C:\Users\sahil\Desktop\eclipse-jee-2025-12-R-win32-x86_64\eclipse\plugins\org.eclipse.m2e.maven.runtime_3.9.1101.20251020-1549\jars\error_prone_annotations-2.38.0.jar
2026-02-24 12:10:24,296 [Worker-83: Launching mavenrun-f63c358f-b920-443f-ba4f-e3f002fd32b8] INFO  o.eclipse.m2e.core.internal.Bundles - 	Entry: C:\Users\sahil\Desktop\eclipse-jee-2025-12-R-win32-x86_64\eclipse\plugins\org.eclipse.m2e.maven.runtime_3.9.1101.20251020-1549\jars\gson-2.13.1.jar
2026-02-24 12:10:24,297 [Worker-83: Launching mavenrun-f63c358f-b920-443f-ba4f-e3f002fd32b8] INFO  o.eclipse.m2e.core.internal.Bundles - 	Entry: C:\Users\sahil\Desktop\eclipse-jee-2025-12-R-win32-x86_64\eclipse\plugins\org.eclipse.m2e.maven.runtime_3.9.1101.20251020-1549\jars\guice-5.1.0-classes.jar
2026-02-24 12:10:24,298 [Worker-83: Launching mavenrun-f63c358f-b920-443f-ba4f-e3f002fd32b8] INFO  o.eclipse.m2e.core.internal.Bundles - 	Entry: C:\Users\sahil\Desktop\eclipse-jee-2025-12-R-win32-x86_64\eclipse\plugins\org.eclipse.m2e.maven.runtime_3.9.1101.20251020-1549\jars\httpclient-4.5.14.jar
2026-02-24 12:10:24,298 [Worker-83: Launching mavenrun-f63c358f-b920-443f-ba4f-e3f002fd32b8] INFO  o.eclipse.m2e.core.internal.Bundles - 	Entry: C:\Users\sahil\Desktop\eclipse-jee-2025-12-R-win32-x86_64\eclipse\plugins\org.eclipse.m2e.maven.runtime_3.9.1101.20251020-1549\jars\httpcore-4.4.16.jar
2026-02-24 12:10:24,299 [Worker-83: Launching mavenrun-f63c358f-b920-443f-ba4f-e3f002fd32b8] INFO  o.eclipse.m2e.core.internal.Bundles - 	Entry: C:\Users\sahil\Desktop\eclipse-jee-2025-12-R-win32-x86_64\eclipse\plugins\org.eclipse.m2e.maven.runtime_3.9.1101.20251020-1549\jars\jansi-2.4.2.jar
2026-02-24 12:10:24,299 [Worker-83: Launching mavenrun-f63c358f-b920-443f-ba4f-e3f002fd32b8] INFO  o.eclipse.m2e.core.internal.Bundles - 	Entry: C:\Users\sahil\Desktop\eclipse-jee-2025-12-R-win32-x86_64\eclipse\plugins\org.eclipse.m2e.maven.runtime_3.9.1101.20251020-1549\jars\jcl-over-slf4j-1.7.36.jar
2026-02-24 12:10:24,301 [Worker-83: Launching mavenrun-f63c358f-b920-443f-ba4f-e3f002fd32b8] INFO  o.eclipse.m2e.core.internal.Bundles - 	Entry: C:\Users\sahil\Desktop\eclipse-jee-2025-12-R-win32-x86_64\eclipse\plugins\org.eclipse.m2e.maven.runtime_3.9.1101.20251020-1549\jars\maven-artifact-3.9.11.jar
2026-02-24 12:10:24,301 [Worker-83: Launching mavenrun-f63c358f-b920-443f-ba4f-e3f002fd32b8] INFO  o.eclipse.m2e.core.internal.Bundles - 	Entry: C:\Users\sahil\Desktop\eclipse-jee-2025-12-R-win32-x86_64\eclipse\plugins\org.eclipse.m2e.maven.runtime_3.9.1101.20251020-1549\jars\maven-builder-support-3.9.11.jar
2026-02-24 12:10:24,301 [Worker-83: Launching mavenrun-f63c358f-b920-443f-ba4f-e3f002fd32b8] INFO  o.eclipse.m2e.core.internal.Bundles - 	Entry: C:\Users\sahil\Desktop\eclipse-jee-2025-12-R-win32-x86_64\eclipse\plugins\org.eclipse.m2e.maven.runtime_3.9.1101.20251020-1549\jars\maven-compat-3.9.11.jar
2026-02-24 12:10:24,302 [Worker-83: Launching mavenrun-f63c358f-b920-443f-ba4f-e3f002fd32b8] INFO  o.eclipse.m2e.core.internal.Bundles - 	Entry: C:\Users\sahil\Desktop\eclipse-jee-2025-12-R-win32-x86_64\eclipse\plugins\org.eclipse.m2e.maven.runtime_3.9.1101.20251020-1549\jars\maven-core-3.9.11.jar
2026-02-24 12:10:24,302 [Worker-83: Launching mavenrun-f63c358f-b920-443f-ba4f-e3f002fd32b8] INFO  o.eclipse.m2e.core.internal.Bundles - 	Entry: C:\Users\sahil\Desktop\eclipse-jee-2025-12-R-win32-x86_64\eclipse\plugins\org.eclipse.m2e.maven.runtime_3.9.1101.20251020-1549\jars\maven-embedder-3.9.11.jar
2026-02-24 12:10:24,303 [Worker-83: Launching mavenrun-f63c358f-b920-443f-ba4f-e3f002fd32b8] INFO  o.eclipse.m2e.core.internal.Bundles - 	Entry: C:\Users\sahil\Desktop\eclipse-jee-2025-12-R-win32-x86_64\eclipse\plugins\org.eclipse.m2e.maven.runtime_3.9.1101.20251020-1549\jars\maven-model-3.9.11.jar
2026-02-24 12:10:24,303 [Worker-83: Launching mavenrun-f63c358f-b920-443f-ba4f-e3f002fd32b8] INFO  o.eclipse.m2e.core.internal.Bundles - 	Entry: C:\Users\sahil\Desktop\eclipse-jee-2025-12-R-win32-x86_64\eclipse\plugins\org.eclipse.m2e.maven.runtime_3.9.1101.20251020-1549\jars\maven-model-builder-3.9.11.jar
2026-02-24 12:10:24,304 [Worker-83: Launching mavenrun-f63c358f-b920-443f-ba4f-e3f002fd32b8] INFO  o.eclipse.m2e.core.internal.Bundles - 	Entry: C:\Users\sahil\Desktop\eclipse-jee-2025-12-R-win32-x86_64\eclipse\plugins\org.eclipse.m2e.maven.runtime_3.9.1101.20251020-1549\jars\maven-plugin-api-3.9.11.jar
2026-02-24 12:10:24,304 [Worker-83: Launching mavenrun-f63c358f-b920-443f-ba4f-e3f002fd32b8] INFO  o.eclipse.m2e.core.internal.Bundles - 	Entry: C:\Users\sahil\Desktop\eclipse-jee-2025-12-R-win32-x86_64\eclipse\plugins\org.eclipse.m2e.maven.runtime_3.9.1101.20251020-1549\jars\maven-repository-metadata-3.9.11.jar
2026-02-24 12:10:24,304 [Worker-83: Launching mavenrun-f63c358f-b920-443f-ba4f-e3f002fd32b8] INFO  o.eclipse.m2e.core.internal.Bundles - 	Entry: C:\Users\sahil\Desktop\eclipse-jee-2025-12-R-win32-x86_64\eclipse\plugins\org.eclipse.m2e.maven.runtime_3.9.1101.20251020-1549\jars\maven-resolver-api-1.9.24.jar
2026-02-24 12:10:24,305 [Worker-83: Launching mavenrun-f63c358f-b920-443f-ba4f-e3f002fd32b8] INFO  o.eclipse.m2e.core.internal.Bundles - 	Entry: C:\Users\sahil\Desktop\eclipse-jee-2025-12-R-win32-x86_64\eclipse\plugins\org.eclipse.m2e.maven.runtime_3.9.1101.20251020-1549\jars\maven-resolver-connector-basic-1.9.24.jar
2026-02-24 12:10:24,305 [Worker-83: Launching mavenrun-f63c358f-b920-443f-ba4f-e3f002fd32b8] INFO  o.eclipse.m2e.core.internal.Bundles - 	Entry: C:\Users\sahil\Desktop\eclipse-jee-2025-12-R-win32-x86_64\eclipse\plugins\org.eclipse.m2e.maven.runtime_3.9.1101.20251020-1549\jars\maven-resolver-impl-1.9.24.jar
2026-02-24 12:10:24,306 [Worker-83: Launching mavenrun-f63c358f-b920-443f-ba4f-e3f002fd32b8] INFO  o.eclipse.m2e.core.internal.Bundles - 	Entry: C:\Users\sahil\Desktop\eclipse-jee-2025-12-R-win32-x86_64\eclipse\plugins\org.eclipse.m2e.maven.runtime_3.9.1101.20251020-1549\jars\maven-resolver-named-locks-1.9.24.jar
2026-02-24 12:10:24,307 [Worker-83: Launching mavenrun-f63c358f-b920-443f-ba4f-e3f002fd32b8] INFO  o.eclipse.m2e.core.internal.Bundles - 	Entry: C:\Users\sahil\Desktop\eclipse-jee-2025-12-R-win32-x86_64\eclipse\plugins\org.eclipse.m2e.maven.runtime_3.9.1101.20251020-1549\jars\maven-resolver-provider-3.9.11.jar
2026-02-24 12:10:24,307 [Worker-83: Launching mavenrun-f63c358f-b920-443f-ba4f-e3f002fd32b8] INFO  o.eclipse.m2e.core.internal.Bundles - 	Entry: C:\Users\sahil\Desktop\eclipse-jee-2025-12-R-win32-x86_64\eclipse\plugins\org.eclipse.m2e.maven.runtime_3.9.1101.20251020-1549\jars\maven-resolver-spi-1.9.24.jar
2026-02-24 12:10:24,308 [Worker-83: Launching mavenrun-f63c358f-b920-443f-ba4f-e3f002fd32b8] INFO  o.eclipse.m2e.core.internal.Bundles - 	Entry: C:\Users\sahil\Desktop\eclipse-jee-2025-12-R-win32-x86_64\eclipse\plugins\org.eclipse.m2e.maven.runtime_3.9.1101.20251020-1549\jars\maven-resolver-transport-file-1.9.24.jar
2026-02-24 12:10:24,308 [Worker-83: Launching mavenrun-f63c358f-b920-443f-ba4f-e3f002fd32b8] INFO  o.eclipse.m2e.core.internal.Bundles - 	Entry: C:\Users\sahil\Desktop\eclipse-jee-2025-12-R-win32-x86_64\eclipse\plugins\org.eclipse.m2e.maven.runtime_3.9.1101.20251020-1549\jars\maven-resolver-transport-http-1.9.24.jar
2026-02-24 12:10:24,309 [Worker-83: Launching mavenrun-f63c358f-b920-443f-ba4f-e3f002fd32b8] INFO  o.eclipse.m2e.core.internal.Bundles - 	Entry: C:\Users\sahil\Desktop\eclipse-jee-2025-12-R-win32-x86_64\eclipse\plugins\org.eclipse.m2e.maven.runtime_3.9.1101.20251020-1549\jars\maven-resolver-transport-wagon-1.9.24.jar
2026-02-24 12:10:24,310 [Worker-83: Launching mavenrun-f63c358f-b920-443f-ba4f-e3f002fd32b8] INFO  o.eclipse.m2e.core.internal.Bundles - 	Entry: C:\Users\sahil\Desktop\eclipse-jee-2025-12-R-win32-x86_64\eclipse\plugins\org.eclipse.m2e.maven.runtime_3.9.1101.20251020-1549\jars\maven-resolver-util-1.9.24.jar
2026-02-24 12:10:24,311 [Worker-83: Launching mavenrun-f63c358f-b920-443f-ba4f-e3f002fd32b8] INFO  o.eclipse.m2e.core.internal.Bundles - 	Entry: C:\Users\sahil\Desktop\eclipse-jee-2025-12-R-win32-x86_64\eclipse\plugins\org.eclipse.m2e.maven.runtime_3.9.1101.20251020-1549\jars\maven-settings-3.9.11.jar
2026-02-24 12:10:24,312 [Worker-83: Launching mavenrun-f63c358f-b920-443f-ba4f-e3f002fd32b8] INFO  o.eclipse.m2e.core.internal.Bundles - 	Entry: C:\Users\sahil\Desktop\eclipse-jee-2025-12-R-win32-x86_64\eclipse\plugins\org.eclipse.m2e.maven.runtime_3.9.1101.20251020-1549\jars\maven-settings-builder-3.9.11.jar
2026-02-24 12:10:24,312 [Worker-83: Launching mavenrun-f63c358f-b920-443f-ba4f-e3f002fd32b8] INFO  o.eclipse.m2e.core.internal.Bundles - 	Entry: C:\Users\sahil\Desktop\eclipse-jee-2025-12-R-win32-x86_64\eclipse\plugins\org.eclipse.m2e.maven.runtime_3.9.1101.20251020-1549\jars\maven-shared-utils-3.4.2.jar
2026-02-24 12:10:24,312 [Worker-83: Launching mavenrun-f63c358f-b920-443f-ba4f-e3f002fd32b8] INFO  o.eclipse.m2e.core.internal.Bundles - 	Entry: C:\Users\sahil\Desktop\eclipse-jee-2025-12-R-win32-x86_64\eclipse\plugins\org.eclipse.m2e.maven.runtime_3.9.1101.20251020-1549\jars\org.eclipse.sisu.inject-0.9.0.M4.jar
2026-02-24 12:10:24,313 [Worker-83: Launching mavenrun-f63c358f-b920-443f-ba4f-e3f002fd32b8] INFO  o.eclipse.m2e.core.internal.Bundles - 	Entry: C:\Users\sahil\Desktop\eclipse-jee-2025-12-R-win32-x86_64\eclipse\plugins\org.eclipse.m2e.maven.runtime_3.9.1101.20251020-1549\jars\org.eclipse.sisu.plexus-0.9.0.M4.jar
2026-02-24 12:10:24,313 [Worker-83: Launching mavenrun-f63c358f-b920-443f-ba4f-e3f002fd32b8] INFO  o.eclipse.m2e.core.internal.Bundles - 	Entry: C:\Users\sahil\Desktop\eclipse-jee-2025-12-R-win32-x86_64\eclipse\plugins\org.eclipse.m2e.maven.runtime_3.9.1101.20251020-1549\jars\plexus-build-api-0.0.7.jar
2026-02-24 12:10:24,313 [Worker-83: Launching mavenrun-f63c358f-b920-443f-ba4f-e3f002fd32b8] INFO  o.eclipse.m2e.core.internal.Bundles - 	Entry: C:\Users\sahil\Desktop\eclipse-jee-2025-12-R-win32-x86_64\eclipse\plugins\org.eclipse.m2e.maven.runtime_3.9.1101.20251020-1549\jars\plexus-build-api-1.2.0.jar
2026-02-24 12:10:24,314 [Worker-83: Launching mavenrun-f63c358f-b920-443f-ba4f-e3f002fd32b8] INFO  o.eclipse.m2e.core.internal.Bundles - 	Entry: C:\Users\sahil\Desktop\eclipse-jee-2025-12-R-win32-x86_64\eclipse\plugins\org.eclipse.m2e.maven.runtime_3.9.1101.20251020-1549\jars\plexus-cipher-2.0.jar
2026-02-24 12:10:24,314 [Worker-83: Launching mavenrun-f63c358f-b920-443f-ba4f-e3f002fd32b8] INFO  o.eclipse.m2e.core.internal.Bundles - 	Entry: C:\Users\sahil\Desktop\eclipse-jee-2025-12-R-win32-x86_64\eclipse\plugins\org.eclipse.m2e.maven.runtime_3.9.1101.20251020-1549\jars\plexus-classworlds-2.9.0.jar
2026-02-24 12:10:24,314 [Worker-83: Launching mavenrun-f63c358f-b920-443f-ba4f-e3f002fd32b8] INFO  o.eclipse.m2e.core.internal.Bundles - 	Entry: C:\Users\sahil\Desktop\eclipse-jee-2025-12-R-win32-x86_64\eclipse\plugins\org.eclipse.m2e.maven.runtime_3.9.1101.20251020-1549\jars\plexus-component-annotations-2.2.0.jar
2026-02-24 12:10:24,315 [Worker-83: Launching mavenrun-f63c358f-b920-443f-ba4f-e3f002fd32b8] INFO  o.eclipse.m2e.core.internal.Bundles - 	Entry: C:\Users\sahil\Desktop\eclipse-jee-2025-12-R-win32-x86_64\eclipse\plugins\org.eclipse.m2e.maven.runtime_3.9.1101.20251020-1549\jars\plexus-interpolation-1.28.jar
2026-02-24 12:10:24,315 [Worker-83: Launching mavenrun-f63c358f-b920-443f-ba4f-e3f002fd32b8] INFO  o.eclipse.m2e.core.internal.Bundles - 	Entry: C:\Users\sahil\Desktop\eclipse-jee-2025-12-R-win32-x86_64\eclipse\plugins\org.eclipse.m2e.maven.runtime_3.9.1101.20251020-1549\jars\plexus-sec-dispatcher-2.0.jar
2026-02-24 12:10:24,316 [Worker-83: Launching mavenrun-f63c358f-b920-443f-ba4f-e3f002fd32b8] INFO  o.eclipse.m2e.core.internal.Bundles - 	Entry: C:\Users\sahil\Desktop\eclipse-jee-2025-12-R-win32-x86_64\eclipse\plugins\org.eclipse.m2e.maven.runtime_3.9.1101.20251020-1549\jars\plexus-utils-3.6.0.jar
2026-02-24 12:10:24,316 [Worker-83: Launching mavenrun-f63c358f-b920-443f-ba4f-e3f002fd32b8] INFO  o.eclipse.m2e.core.internal.Bundles - 	Entry: C:\Users\sahil\Desktop\eclipse-jee-2025-12-R-win32-x86_64\eclipse\plugins\org.eclipse.m2e.maven.runtime_3.9.1101.20251020-1549\jars\wagon-file-3.5.3.jar
2026-02-24 12:10:24,317 [Worker-83: Launching mavenrun-f63c358f-b920-443f-ba4f-e3f002fd32b8] INFO  o.eclipse.m2e.core.internal.Bundles - 	Entry: C:\Users\sahil\Desktop\eclipse-jee-2025-12-R-win32-x86_64\eclipse\plugins\org.eclipse.m2e.maven.runtime_3.9.1101.20251020-1549\jars\wagon-http-3.5.3.jar
2026-02-24 12:10:24,317 [Worker-83: Launching mavenrun-f63c358f-b920-443f-ba4f-e3f002fd32b8] INFO  o.eclipse.m2e.core.internal.Bundles - 	Entry: C:\Users\sahil\Desktop\eclipse-jee-2025-12-R-win32-x86_64\eclipse\plugins\org.eclipse.m2e.maven.runtime_3.9.1101.20251020-1549\jars\wagon-http-shared-3.5.3.jar
2026-02-24 12:10:24,318 [Worker-83: Launching mavenrun-f63c358f-b920-443f-ba4f-e3f002fd32b8] INFO  o.eclipse.m2e.core.internal.Bundles - 	Entry: C:\Users\sahil\Desktop\eclipse-jee-2025-12-R-win32-x86_64\eclipse\plugins\org.eclipse.m2e.maven.runtime_3.9.1101.20251020-1549\jars\wagon-provider-api-3.5.3.jar
2026-02-24 12:10:24,320 [Worker-83: Launching mavenrun-f63c358f-b920-443f-ba4f-e3f002fd32b8] INFO  o.eclipse.m2e.core.internal.Bundles - getClasspathEntries(Bundle=com.google.guava_33.5.0.jre [18])
2026-02-24 12:10:24,321 [Worker-83: Launching mavenrun-f63c358f-b920-443f-ba4f-e3f002fd32b8] INFO  o.eclipse.m2e.core.internal.Bundles - 	Entry: C:\Users\sahil\Desktop\eclipse-jee-2025-12-R-win32-x86_64\eclipse\plugins\com.google.guava_33.5.0.jre.jar
2026-02-24 12:10:24,321 [Worker-83: Launching mavenrun-f63c358f-b920-443f-ba4f-e3f002fd32b8] INFO  o.eclipse.m2e.core.internal.Bundles - getClasspathEntries(Bundle=slf4j.api_2.0.17 [1014])
2026-02-24 12:10:24,322 [Worker-83: Launching mavenrun-f63c358f-b920-443f-ba4f-e3f002fd32b8] INFO  o.eclipse.m2e.core.internal.Bundles - 	Entry: C:\Users\sahil\Desktop\eclipse-jee-2025-12-R-win32-x86_64\eclipse\plugins\slf4j.api_2.0.17.jar
2026-02-24 12:10:24,322 [Worker-83: Launching mavenrun-f63c358f-b920-443f-ba4f-e3f002fd32b8] INFO  o.eclipse.m2e.core.internal.Bundles - getClasspathEntries(Bundle=jakarta.inject.jakarta.inject-api_1.0.5 [35])
2026-02-24 12:10:24,323 [Worker-83: Launching mavenrun-f63c358f-b920-443f-ba4f-e3f002fd32b8] INFO  o.eclipse.m2e.core.internal.Bundles - 	Entry: C:\Users\sahil\Desktop\eclipse-jee-2025-12-R-win32-x86_64\eclipse\plugins\jakarta.inject.jakarta.inject-api_1.0.5.jar
2026-02-24 12:10:24,323 [Worker-83: Launching mavenrun-f63c358f-b920-443f-ba4f-e3f002fd32b8] INFO  o.eclipse.m2e.core.internal.Bundles - getClasspathEntries(Bundle=jakarta.annotation-api_1.3.5 [31])
2026-02-24 12:10:24,325 [Worker-83: Launching mavenrun-f63c358f-b920-443f-ba4f-e3f002fd32b8] INFO  o.eclipse.m2e.core.internal.Bundles - 	Entry: C:\Users\sahil\Desktop\eclipse-jee-2025-12-R-win32-x86_64\eclipse\plugins\jakarta.annotation-api_1.3.5.jar
2026-02-24 12:10:24,325 [Worker-83: Launching mavenrun-f63c358f-b920-443f-ba4f-e3f002fd32b8] INFO  o.eclipse.m2e.core.internal.Bundles - getClasspathEntries(Bundle=org.apache.commons.cli_1.11.0 [82])
2026-02-24 12:10:24,326 [Worker-83: Launching mavenrun-f63c358f-b920-443f-ba4f-e3f002fd32b8] INFO  o.eclipse.m2e.core.internal.Bundles - 	Entry: C:\Users\sahil\Desktop\eclipse-jee-2025-12-R-win32-x86_64\eclipse\plugins\org.apache.commons.cli_1.11.0.jar
2026-02-24 12:10:24,327 [Worker-83: Launching mavenrun-f63c358f-b920-443f-ba4f-e3f002fd32b8] INFO  o.eclipse.m2e.core.internal.Bundles - getClasspathEntries(Bundle=org.apache.commons.commons-codec_1.20.0 [84])
2026-02-24 12:10:24,328 [Worker-83: Launching mavenrun-f63c358f-b920-443f-ba4f-e3f002fd32b8] INFO  o.eclipse.m2e.core.internal.Bundles - 	Entry: C:\Users\sahil\Desktop\eclipse-jee-2025-12-R-win32-x86_64\eclipse\plugins\org.apache.commons.commons-codec_1.20.0.jar
2026-02-24 12:10:24,328 [Worker-83: Launching mavenrun-f63c358f-b920-443f-ba4f-e3f002fd32b8] INFO  o.eclipse.m2e.core.internal.Bundles - getClasspathEntries(Bundle=com.google.guava.failureaccess_1.0.3 [19])
2026-02-24 12:10:24,329 [Worker-83: Launching mavenrun-f63c358f-b920-443f-ba4f-e3f002fd32b8] INFO  o.eclipse.m2e.core.internal.Bundles - 	Entry: C:\Users\sahil\Desktop\eclipse-jee-2025-12-R-win32-x86_64\eclipse\plugins\com.google.guava.failureaccess_1.0.3.jar
2026-02-24 12:10:24,337 [Worker-83: Launching mavenrun-f63c358f-b920-443f-ba4f-e3f002fd32b8] INFO  o.e.m.i.launch.MavenLaunchDelegate - Run build in "C:\Users\sahil\AppData\Local\Temp\m2e-archetypeGenerator14859277384458077391":
2026-02-24 12:10:24,339 [Worker-83: Launching mavenrun-f63c358f-b920-443f-ba4f-e3f002fd32b8] INFO  o.e.m.i.launch.MavenLaunchDelegate -  mvn  -DarchetypeGroupId=org.apache.maven.archetypes -DarchetypeArtifactId=maven-archetype-quickstart -DarchetypeVersion=1.1 -DgroupId=com -DartifactId=first_Maven_Project -Dversion=0.0.1-SNAPSHOT -Dpackage=com -DoutputDirectory=C:\Users\sahil\Desktop\Training(CapG) -Dstyle.color=always -U archetype:generate
2026-02-24 12:13:14,035 [ModalContext] INFO  o.e.m.c.i.e.AbstractTransferListenerAdapter - Downloading https://repo.maven.apache.org/maven2/org/apache/maven/archetypes/maven-archetype-quickstart/1.1/maven-archetype-quickstart-1.1.pom
2026-02-24 12:13:14,059 [ModalContext] INFO  o.e.m.c.i.e.AbstractTransferListenerAdapter - Downloaded https://repo.maven.apache.org/maven2/org/apache/maven/archetypes/maven-archetype-quickstart/1.1/maven-archetype-quickstart-1.1.pom
2026-02-24 12:13:14,240 [ModalContext] INFO  o.e.m.c.i.e.AbstractTransferListenerAdapter - Downloading https://repo.maven.apache.org/maven2/org/apache/maven/archetypes/maven-archetype-bundles/4/maven-archetype-bundles-4.pom
2026-02-24 12:13:14,250 [ModalContext] INFO  o.e.m.c.i.e.AbstractTransferListenerAdapter - Downloaded https://repo.maven.apache.org/maven2/org/apache/maven/archetypes/maven-archetype-bundles/4/maven-archetype-bundles-4.pom
2026-02-24 12:13:14,398 [ModalContext] INFO  o.e.m.c.i.e.AbstractTransferListenerAdapter - Downloading https://repo.maven.apache.org/maven2/org/apache/maven/archetype/maven-archetype/2.0-alpha-5/maven-archetype-2.0-alpha-5.pom
2026-02-24 12:13:14,409 [ModalContext] INFO  o.e.m.c.i.e.AbstractTransferListenerAdapter - Downloaded https://repo.maven.apache.org/maven2/org/apache/maven/archetype/maven-archetype/2.0-alpha-5/maven-archetype-2.0-alpha-5.pom
2026-02-24 12:13:14,590 [ModalContext] INFO  o.e.m.c.i.e.AbstractTransferListenerAdapter - Downloading https://repo.maven.apache.org/maven2/org/apache/maven/archetypes/maven-archetype-quickstart/1.1/maven-archetype-quickstart-1.1.jar
2026-02-24 12:13:14,597 [ModalContext] INFO  o.e.m.c.i.e.AbstractTransferListenerAdapter - Downloaded https://repo.maven.apache.org/maven2/org/apache/maven/archetypes/maven-archetype-quickstart/1.1/maven-archetype-quickstart-1.1.jar
2026-02-24 12:13:42,848 [Worker-83: Launching mavenrun-675301cc-fce4-4447-b38e-c286431fbcd7] INFO  o.eclipse.m2e.core.internal.Bundles - getClasspathEntries(Bundle=org.eclipse.m2e.maven.runtime_3.9.1101.20251020-1549 [649])
2026-02-24 12:13:42,850 [Worker-83: Launching mavenrun-675301cc-fce4-4447-b38e-c286431fbcd7] INFO  o.eclipse.m2e.core.internal.Bundles - 	Entry: C:\Users\sahil\Desktop\eclipse-jee-2025-12-R-win32-x86_64\eclipse\plugins\org.eclipse.m2e.maven.runtime_3.9.1101.20251020-1549
2026-02-24 12:13:42,850 [Worker-83: Launching mavenrun-675301cc-fce4-4447-b38e-c286431fbcd7] INFO  o.eclipse.m2e.core.internal.Bundles - 	Entry: C:\Users\sahil\Desktop\eclipse-jee-2025-12-R-win32-x86_64\eclipse\plugins\org.eclipse.m2e.maven.runtime_3.9.1101.20251020-1549\jars\aopalliance-1.0.jar
2026-02-24 12:13:42,851 [Worker-83: Launching mavenrun-675301cc-fce4-4447-b38e-c286431fbcd7] INFO  o.eclipse.m2e.core.internal.Bundles - 	Entry: C:\Users\sahil\Desktop\eclipse-jee-2025-12-R-win32-x86_64\eclipse\plugins\org.eclipse.m2e.maven.runtime_3.9.1101.20251020-1549\jars\asm-9.8.jar
2026-02-24 12:13:42,851 [Worker-83: Launching mavenrun-675301cc-fce4-4447-b38e-c286431fbcd7] INFO  o.eclipse.m2e.core.internal.Bundles - 	Entry: C:\Users\sahil\Desktop\eclipse-jee-2025-12-R-win32-x86_64\eclipse\plugins\org.eclipse.m2e.maven.runtime_3.9.1101.20251020-1549\jars\error_prone_annotations-2.38.0.jar
2026-02-24 12:13:42,851 [Worker-83: Launching mavenrun-675301cc-fce4-4447-b38e-c286431fbcd7] INFO  o.eclipse.m2e.core.internal.Bundles - 	Entry: C:\Users\sahil\Desktop\eclipse-jee-2025-12-R-win32-x86_64\eclipse\plugins\org.eclipse.m2e.maven.runtime_3.9.1101.20251020-1549\jars\gson-2.13.1.jar
2026-02-24 12:13:42,852 [Worker-83: Launching mavenrun-675301cc-fce4-4447-b38e-c286431fbcd7] INFO  o.eclipse.m2e.core.internal.Bundles - 	Entry: C:\Users\sahil\Desktop\eclipse-jee-2025-12-R-win32-x86_64\eclipse\plugins\org.eclipse.m2e.maven.runtime_3.9.1101.20251020-1549\jars\guice-5.1.0-classes.jar
2026-02-24 12:13:42,852 [Worker-83: Launching mavenrun-675301cc-fce4-4447-b38e-c286431fbcd7] INFO  o.eclipse.m2e.core.internal.Bundles - 	Entry: C:\Users\sahil\Desktop\eclipse-jee-2025-12-R-win32-x86_64\eclipse\plugins\org.eclipse.m2e.maven.runtime_3.9.1101.20251020-1549\jars\httpclient-4.5.14.jar
2026-02-24 12:13:42,853 [Worker-83: Launching mavenrun-675301cc-fce4-4447-b38e-c286431fbcd7] INFO  o.eclipse.m2e.core.internal.Bundles - 	Entry: C:\Users\sahil\Desktop\eclipse-jee-2025-12-R-win32-x86_64\eclipse\plugins\org.eclipse.m2e.maven.runtime_3.9.1101.20251020-1549\jars\httpcore-4.4.16.jar
2026-02-24 12:13:42,853 [Worker-83: Launching mavenrun-675301cc-fce4-4447-b38e-c286431fbcd7] INFO  o.eclipse.m2e.core.internal.Bundles - 	Entry: C:\Users\sahil\Desktop\eclipse-jee-2025-12-R-win32-x86_64\eclipse\plugins\org.eclipse.m2e.maven.runtime_3.9.1101.20251020-1549\jars\jansi-2.4.2.jar
2026-02-24 12:13:42,853 [Worker-83: Launching mavenrun-675301cc-fce4-4447-b38e-c286431fbcd7] INFO  o.eclipse.m2e.core.internal.Bundles - 	Entry: C:\Users\sahil\Desktop\eclipse-jee-2025-12-R-win32-x86_64\eclipse\plugins\org.eclipse.m2e.maven.runtime_3.9.1101.20251020-1549\jars\jcl-over-slf4j-1.7.36.jar
2026-02-24 12:13:42,854 [Worker-83: Launching mavenrun-675301cc-fce4-4447-b38e-c286431fbcd7] INFO  o.eclipse.m2e.core.internal.Bundles - 	Entry: C:\Users\sahil\Desktop\eclipse-jee-2025-12-R-win32-x86_64\eclipse\plugins\org.eclipse.m2e.maven.runtime_3.9.1101.20251020-1549\jars\maven-artifact-3.9.11.jar
2026-02-24 12:13:42,854 [Worker-83: Launching mavenrun-675301cc-fce4-4447-b38e-c286431fbcd7] INFO  o.eclipse.m2e.core.internal.Bundles - 	Entry: C:\Users\sahil\Desktop\eclipse-jee-2025-12-R-win32-x86_64\eclipse\plugins\org.eclipse.m2e.maven.runtime_3.9.1101.20251020-1549\jars\maven-builder-support-3.9.11.jar
2026-02-24 12:13:42,855 [Worker-83: Launching mavenrun-675301cc-fce4-4447-b38e-c286431fbcd7] INFO  o.eclipse.m2e.core.internal.Bundles - 	Entry: C:\Users\sahil\Desktop\eclipse-jee-2025-12-R-win32-x86_64\eclipse\plugins\org.eclipse.m2e.maven.runtime_3.9.1101.20251020-1549\jars\maven-compat-3.9.11.jar
2026-02-24 12:13:42,856 [Worker-83: Launching mavenrun-675301cc-fce4-4447-b38e-c286431fbcd7] INFO  o.eclipse.m2e.core.internal.Bundles - 	Entry: C:\Users\sahil\Desktop\eclipse-jee-2025-12-R-win32-x86_64\eclipse\plugins\org.eclipse.m2e.maven.runtime_3.9.1101.20251020-1549\jars\maven-core-3.9.11.jar
2026-02-24 12:13:42,856 [Worker-83: Launching mavenrun-675301cc-fce4-4447-b38e-c286431fbcd7] INFO  o.eclipse.m2e.core.internal.Bundles - 	Entry: C:\Users\sahil\Desktop\eclipse-jee-2025-12-R-win32-x86_64\eclipse\plugins\org.eclipse.m2e.maven.runtime_3.9.1101.20251020-1549\jars\maven-embedder-3.9.11.jar
2026-02-24 12:13:42,857 [Worker-83: Launching mavenrun-675301cc-fce4-4447-b38e-c286431fbcd7] INFO  o.eclipse.m2e.core.internal.Bundles - 	Entry: C:\Users\sahil\Desktop\eclipse-jee-2025-12-R-win32-x86_64\eclipse\plugins\org.eclipse.m2e.maven.runtime_3.9.1101.20251020-1549\jars\maven-model-3.9.11.jar
2026-02-24 12:13:42,858 [Worker-83: Launching mavenrun-675301cc-fce4-4447-b38e-c286431fbcd7] INFO  o.eclipse.m2e.core.internal.Bundles - 	Entry: C:\Users\sahil\Desktop\eclipse-jee-2025-12-R-win32-x86_64\eclipse\plugins\org.eclipse.m2e.maven.runtime_3.9.1101.20251020-1549\jars\maven-model-builder-3.9.11.jar
2026-02-24 12:13:42,858 [Worker-83: Launching mavenrun-675301cc-fce4-4447-b38e-c286431fbcd7] INFO  o.eclipse.m2e.core.internal.Bundles - 	Entry: C:\Users\sahil\Desktop\eclipse-jee-2025-12-R-win32-x86_64\eclipse\plugins\org.eclipse.m2e.maven.runtime_3.9.1101.20251020-1549\jars\maven-plugin-api-3.9.11.jar
2026-02-24 12:13:42,859 [Worker-83: Launching mavenrun-675301cc-fce4-4447-b38e-c286431fbcd7] INFO  o.eclipse.m2e.core.internal.Bundles - 	Entry: C:\Users\sahil\Desktop\eclipse-jee-2025-12-R-win32-x86_64\eclipse\plugins\org.eclipse.m2e.maven.runtime_3.9.1101.20251020-1549\jars\maven-repository-metadata-3.9.11.jar
2026-02-24 12:13:42,859 [Worker-83: Launching mavenrun-675301cc-fce4-4447-b38e-c286431fbcd7] INFO  o.eclipse.m2e.core.internal.Bundles - 	Entry: C:\Users\sahil\Desktop\eclipse-jee-2025-12-R-win32-x86_64\eclipse\plugins\org.eclipse.m2e.maven.runtime_3.9.1101.20251020-1549\jars\maven-resolver-api-1.9.24.jar
2026-02-24 12:13:42,860 [Worker-83: Launching mavenrun-675301cc-fce4-4447-b38e-c286431fbcd7] INFO  o.eclipse.m2e.core.internal.Bundles - 	Entry: C:\Users\sahil\Desktop\eclipse-jee-2025-12-R-win32-x86_64\eclipse\plugins\org.eclipse.m2e.maven.runtime_3.9.1101.20251020-1549\jars\maven-resolver-connector-basic-1.9.24.jar
2026-02-24 12:13:42,860 [Worker-83: Launching mavenrun-675301cc-fce4-4447-b38e-c286431fbcd7] INFO  o.eclipse.m2e.core.internal.Bundles - 	Entry: C:\Users\sahil\Desktop\eclipse-jee-2025-12-R-win32-x86_64\eclipse\plugins\org.eclipse.m2e.maven.runtime_3.9.1101.20251020-1549\jars\maven-resolver-impl-1.9.24.jar
2026-02-24 12:13:42,861 [Worker-83: Launching mavenrun-675301cc-fce4-4447-b38e-c286431fbcd7] INFO  o.eclipse.m2e.core.internal.Bundles - 	Entry: C:\Users\sahil\Desktop\eclipse-jee-2025-12-R-win32-x86_64\eclipse\plugins\org.eclipse.m2e.maven.runtime_3.9.1101.20251020-1549\jars\maven-resolver-named-locks-1.9.24.jar
2026-02-24 12:13:42,861 [Worker-83: Launching mavenrun-675301cc-fce4-4447-b38e-c286431fbcd7] INFO  o.eclipse.m2e.core.internal.Bundles - 	Entry: C:\Users\sahil\Desktop\eclipse-jee-2025-12-R-win32-x86_64\eclipse\plugins\org.eclipse.m2e.maven.runtime_3.9.1101.20251020-1549\jars\maven-resolver-provider-3.9.11.jar
2026-02-24 12:13:42,862 [Worker-83: Launching mavenrun-675301cc-fce4-4447-b38e-c286431fbcd7] INFO  o.eclipse.m2e.core.internal.Bundles - 	Entry: C:\Users\sahil\Desktop\eclipse-jee-2025-12-R-win32-x86_64\eclipse\plugins\org.eclipse.m2e.maven.runtime_3.9.1101.20251020-1549\jars\maven-resolver-spi-1.9.24.jar
2026-02-24 12:13:42,862 [Worker-83: Launching mavenrun-675301cc-fce4-4447-b38e-c286431fbcd7] INFO  o.eclipse.m2e.core.internal.Bundles - 	Entry: C:\Users\sahil\Desktop\eclipse-jee-2025-12-R-win32-x86_64\eclipse\plugins\org.eclipse.m2e.maven.runtime_3.9.1101.20251020-1549\jars\maven-resolver-transport-file-1.9.24.jar
2026-02-24 12:13:42,863 [Worker-83: Launching mavenrun-675301cc-fce4-4447-b38e-c286431fbcd7] INFO  o.eclipse.m2e.core.internal.Bundles - 	Entry: C:\Users\sahil\Desktop\eclipse-jee-2025-12-R-win32-x86_64\eclipse\plugins\org.eclipse.m2e.maven.runtime_3.9.1101.20251020-1549\jars\maven-resolver-transport-http-1.9.24.jar
2026-02-24 12:13:42,863 [Worker-83: Launching mavenrun-675301cc-fce4-4447-b38e-c286431fbcd7] INFO  o.eclipse.m2e.core.internal.Bundles - 	Entry: C:\Users\sahil\Desktop\eclipse-jee-2025-12-R-win32-x86_64\eclipse\plugins\org.eclipse.m2e.maven.runtime_3.9.1101.20251020-1549\jars\maven-resolver-transport-wagon-1.9.24.jar
2026-02-24 12:13:42,864 [Worker-83: Launching mavenrun-675301cc-fce4-4447-b38e-c286431fbcd7] INFO  o.eclipse.m2e.core.internal.Bundles - 	Entry: C:\Users\sahil\Desktop\eclipse-jee-2025-12-R-win32-x86_64\eclipse\plugins\org.eclipse.m2e.maven.runtime_3.9.1101.20251020-1549\jars\maven-resolver-util-1.9.24.jar
2026-02-24 12:13:42,865 [Worker-83: Launching mavenrun-675301cc-fce4-4447-b38e-c286431fbcd7] INFO  o.eclipse.m2e.core.internal.Bundles - 	Entry: C:\Users\sahil\Desktop\eclipse-jee-2025-12-R-win32-x86_64\eclipse\plugins\org.eclipse.m2e.maven.runtime_3.9.1101.20251020-1549\jars\maven-settings-3.9.11.jar
2026-02-24 12:13:42,865 [Worker-83: Launching mavenrun-675301cc-fce4-4447-b38e-c286431fbcd7] INFO  o.eclipse.m2e.core.internal.Bundles - 	Entry: C:\Users\sahil\Desktop\eclipse-jee-2025-12-R-win32-x86_64\eclipse\plugins\org.eclipse.m2e.maven.runtime_3.9.1101.20251020-1549\jars\maven-settings-builder-3.9.11.jar
2026-02-24 12:13:42,866 [Worker-83: Launching mavenrun-675301cc-fce4-4447-b38e-c286431fbcd7] INFO  o.eclipse.m2e.core.internal.Bundles - 	Entry: C:\Users\sahil\Desktop\eclipse-jee-2025-12-R-win32-x86_64\eclipse\plugins\org.eclipse.m2e.maven.runtime_3.9.1101.20251020-1549\jars\maven-shared-utils-3.4.2.jar
2026-02-24 12:13:42,866 [Worker-83: Launching mavenrun-675301cc-fce4-4447-b38e-c286431fbcd7] INFO  o.eclipse.m2e.core.internal.Bundles - 	Entry: C:\Users\sahil\Desktop\eclipse-jee-2025-12-R-win32-x86_64\eclipse\plugins\org.eclipse.m2e.maven.runtime_3.9.1101.20251020-1549\jars\org.eclipse.sisu.inject-0.9.0.M4.jar
2026-02-24 12:13:42,866 [Worker-83: Launching mavenrun-675301cc-fce4-4447-b38e-c286431fbcd7] INFO  o.eclipse.m2e.core.internal.Bundles - 	Entry: C:\Users\sahil\Desktop\eclipse-jee-2025-12-R-win32-x86_64\eclipse\plugins\org.eclipse.m2e.maven.runtime_3.9.1101.20251020-1549\jars\org.eclipse.sisu.plexus-0.9.0.M4.jar
2026-02-24 12:13:42,866 [Worker-83: Launching mavenrun-675301cc-fce4-4447-b38e-c286431fbcd7] INFO  o.eclipse.m2e.core.internal.Bundles - 	Entry: C:\Users\sahil\Desktop\eclipse-jee-2025-12-R-win32-x86_64\eclipse\plugins\org.eclipse.m2e.maven.runtime_3.9.1101.20251020-1549\jars\plexus-build-api-0.0.7.jar
2026-02-24 12:13:42,866 [Worker-83: Launching mavenrun-675301cc-fce4-4447-b38e-c286431fbcd7] INFO  o.eclipse.m2e.core.internal.Bundles - 	Entry: C:\Users\sahil\Desktop\eclipse-jee-2025-12-R-win32-x86_64\eclipse\plugins\org.eclipse.m2e.maven.runtime_3.9.1101.20251020-1549\jars\plexus-build-api-1.2.0.jar
2026-02-24 12:13:42,867 [Worker-83: Launching mavenrun-675301cc-fce4-4447-b38e-c286431fbcd7] INFO  o.eclipse.m2e.core.internal.Bundles - 	Entry: C:\Users\sahil\Desktop\eclipse-jee-2025-12-R-win32-x86_64\eclipse\plugins\org.eclipse.m2e.maven.runtime_3.9.1101.20251020-1549\jars\plexus-cipher-2.0.jar
2026-02-24 12:13:42,867 [Worker-83: Launching mavenrun-675301cc-fce4-4447-b38e-c286431fbcd7] INFO  o.eclipse.m2e.core.internal.Bundles - 	Entry: C:\Users\sahil\Desktop\eclipse-jee-2025-12-R-win32-x86_64\eclipse\plugins\org.eclipse.m2e.maven.runtime_3.9.1101.20251020-1549\jars\plexus-classworlds-2.9.0.jar
2026-02-24 12:13:42,867 [Worker-83: Launching mavenrun-675301cc-fce4-4447-b38e-c286431fbcd7] INFO  o.eclipse.m2e.core.internal.Bundles - 	Entry: C:\Users\sahil\Desktop\eclipse-jee-2025-12-R-win32-x86_64\eclipse\plugins\org.eclipse.m2e.maven.runtime_3.9.1101.20251020-1549\jars\plexus-component-annotations-2.2.0.jar
2026-02-24 12:13:42,867 [Worker-83: Launching mavenrun-675301cc-fce4-4447-b38e-c286431fbcd7] INFO  o.eclipse.m2e.core.internal.Bundles - 	Entry: C:\Users\sahil\Desktop\eclipse-jee-2025-12-R-win32-x86_64\eclipse\plugins\org.eclipse.m2e.maven.runtime_3.9.1101.20251020-1549\jars\plexus-interpolation-1.28.jar
2026-02-24 12:13:42,868 [Worker-83: Launching mavenrun-675301cc-fce4-4447-b38e-c286431fbcd7] INFO  o.eclipse.m2e.core.internal.Bundles - 	Entry: C:\Users\sahil\Desktop\eclipse-jee-2025-12-R-win32-x86_64\eclipse\plugins\org.eclipse.m2e.maven.runtime_3.9.1101.20251020-1549\jars\plexus-sec-dispatcher-2.0.jar
2026-02-24 12:13:42,868 [Worker-83: Launching mavenrun-675301cc-fce4-4447-b38e-c286431fbcd7] INFO  o.eclipse.m2e.core.internal.Bundles - 	Entry: C:\Users\sahil\Desktop\eclipse-jee-2025-12-R-win32-x86_64\eclipse\plugins\org.eclipse.m2e.maven.runtime_3.9.1101.20251020-1549\jars\plexus-utils-3.6.0.jar
2026-02-24 12:13:42,868 [Worker-83: Launching mavenrun-675301cc-fce4-4447-b38e-c286431fbcd7] INFO  o.eclipse.m2e.core.internal.Bundles - 	Entry: C:\Users\sahil\Desktop\eclipse-jee-2025-12-R-win32-x86_64\eclipse\plugins\org.eclipse.m2e.maven.runtime_3.9.1101.20251020-1549\jars\wagon-file-3.5.3.jar
2026-02-24 12:13:42,868 [Worker-83: Launching mavenrun-675301cc-fce4-4447-b38e-c286431fbcd7] INFO  o.eclipse.m2e.core.internal.Bundles - 	Entry: C:\Users\sahil\Desktop\eclipse-jee-2025-12-R-win32-x86_64\eclipse\plugins\org.eclipse.m2e.maven.runtime_3.9.1101.20251020-1549\jars\wagon-http-3.5.3.jar
2026-02-24 12:13:42,869 [Worker-83: Launching mavenrun-675301cc-fce4-4447-b38e-c286431fbcd7] INFO  o.eclipse.m2e.core.internal.Bundles - 	Entry: C:\Users\sahil\Desktop\eclipse-jee-2025-12-R-win32-x86_64\eclipse\plugins\org.eclipse.m2e.maven.runtime_3.9.1101.20251020-1549\jars\wagon-http-shared-3.5.3.jar
2026-02-24 12:13:42,869 [Worker-83: Launching mavenrun-675301cc-fce4-4447-b38e-c286431fbcd7] INFO  o.eclipse.m2e.core.internal.Bundles - 	Entry: C:\Users\sahil\Desktop\eclipse-jee-2025-12-R-win32-x86_64\eclipse\plugins\org.eclipse.m2e.maven.runtime_3.9.1101.20251020-1549\jars\wagon-provider-api-3.5.3.jar
2026-02-24 12:13:42,869 [Worker-83: Launching mavenrun-675301cc-fce4-4447-b38e-c286431fbcd7] INFO  o.eclipse.m2e.core.internal.Bundles - getClasspathEntries(Bundle=com.google.guava_33.5.0.jre [18])
2026-02-24 12:13:42,870 [Worker-83: Launching mavenrun-675301cc-fce4-4447-b38e-c286431fbcd7] INFO  o.eclipse.m2e.core.internal.Bundles - 	Entry: C:\Users\sahil\Desktop\eclipse-jee-2025-12-R-win32-x86_64\eclipse\plugins\com.google.guava_33.5.0.jre.jar
2026-02-24 12:13:42,870 [Worker-83: Launching mavenrun-675301cc-fce4-4447-b38e-c286431fbcd7] INFO  o.eclipse.m2e.core.internal.Bundles - getClasspathEntries(Bundle=slf4j.api_2.0.17 [1014])
2026-02-24 12:13:42,871 [Worker-83: Launching mavenrun-675301cc-fce4-4447-b38e-c286431fbcd7] INFO  o.eclipse.m2e.core.internal.Bundles - 	Entry: C:\Users\sahil\Desktop\eclipse-jee-2025-12-R-win32-x86_64\eclipse\plugins\slf4j.api_2.0.17.jar
2026-02-24 12:13:42,871 [Worker-83: Launching mavenrun-675301cc-fce4-4447-b38e-c286431fbcd7] INFO  o.eclipse.m2e.core.internal.Bundles - getClasspathEntries(Bundle=jakarta.inject.jakarta.inject-api_1.0.5 [35])
2026-02-24 12:13:42,872 [Worker-83: Launching mavenrun-675301cc-fce4-4447-b38e-c286431fbcd7] INFO  o.eclipse.m2e.core.internal.Bundles - 	Entry: C:\Users\sahil\Desktop\eclipse-jee-2025-12-R-win32-x86_64\eclipse\plugins\jakarta.inject.jakarta.inject-api_1.0.5.jar
2026-02-24 12:13:42,872 [Worker-83: Launching mavenrun-675301cc-fce4-4447-b38e-c286431fbcd7] INFO  o.eclipse.m2e.core.internal.Bundles - getClasspathEntries(Bundle=jakarta.annotation-api_1.3.5 [31])
2026-02-24 12:13:42,873 [Worker-83: Launching mavenrun-675301cc-fce4-4447-b38e-c286431fbcd7] INFO  o.eclipse.m2e.core.internal.Bundles - 	Entry: C:\Users\sahil\Desktop\eclipse-jee-2025-12-R-win32-x86_64\eclipse\plugins\jakarta.annotation-api_1.3.5.jar
2026-02-24 12:13:42,873 [Worker-83: Launching mavenrun-675301cc-fce4-4447-b38e-c286431fbcd7] INFO  o.eclipse.m2e.core.internal.Bundles - getClasspathEntries(Bundle=org.apache.commons.cli_1.11.0 [82])
2026-02-24 12:13:42,874 [Worker-83: Launching mavenrun-675301cc-fce4-4447-b38e-c286431fbcd7] INFO  o.eclipse.m2e.core.internal.Bundles - 	Entry: C:\Users\sahil\Desktop\eclipse-jee-2025-12-R-win32-x86_64\eclipse\plugins\org.apache.commons.cli_1.11.0.jar
2026-02-24 12:13:42,874 [Worker-83: Launching mavenrun-675301cc-fce4-4447-b38e-c286431fbcd7] INFO  o.eclipse.m2e.core.internal.Bundles - getClasspathEntries(Bundle=org.apache.commons.commons-codec_1.20.0 [84])
2026-02-24 12:13:42,875 [Worker-83: Launching mavenrun-675301cc-fce4-4447-b38e-c286431fbcd7] INFO  o.eclipse.m2e.core.internal.Bundles - 	Entry: C:\Users\sahil\Desktop\eclipse-jee-2025-12-R-win32-x86_64\eclipse\plugins\org.apache.commons.commons-codec_1.20.0.jar
2026-02-24 12:13:42,875 [Worker-83: Launching mavenrun-675301cc-fce4-4447-b38e-c286431fbcd7] INFO  o.eclipse.m2e.core.internal.Bundles - getClasspathEntries(Bundle=com.google.guava.failureaccess_1.0.3 [19])
2026-02-24 12:13:42,876 [Worker-83: Launching mavenrun-675301cc-fce4-4447-b38e-c286431fbcd7] INFO  o.eclipse.m2e.core.internal.Bundles - 	Entry: C:\Users\sahil\Desktop\eclipse-jee-2025-12-R-win32-x86_64\eclipse\plugins\com.google.guava.failureaccess_1.0.3.jar
2026-02-24 12:13:42,879 [Worker-83: Launching mavenrun-675301cc-fce4-4447-b38e-c286431fbcd7] INFO  o.e.m.i.launch.MavenLaunchDelegate - Run build in "C:\Users\sahil\AppData\Local\Temp\m2e-archetypeGenerator8600697972661874097":
2026-02-24 12:13:42,879 [Worker-83: Launching mavenrun-675301cc-fce4-4447-b38e-c286431fbcd7] INFO  o.e.m.i.launch.MavenLaunchDelegate -  mvn  -DarchetypeGroupId=org.apache.maven.archetypes -DarchetypeArtifactId=maven-archetype-quickstart -DarchetypeVersion=1.1 -DgroupId=com -DartifactId=First_Maven_Project -Dversion=0.0.1-SNAPSHOT -Dpackage=com -DoutputDirectory=C:\Users\sahil\Desktop\Training(CapG) -Dstyle.color=always -U archetype:generate
2026-02-24 12:16:22,440 [Worker-93: Launching mavenrun-d724aeea-2895-4479-afa4-0f2bd8cef338] INFO  o.eclipse.m2e.core.internal.Bundles - getClasspathEntries(Bundle=org.eclipse.m2e.maven.runtime_3.9.1101.20251020-1549 [649])
2026-02-24 12:16:22,442 [Worker-93: Launching mavenrun-d724aeea-2895-4479-afa4-0f2bd8cef338] INFO  o.eclipse.m2e.core.internal.Bundles - 	Entry: C:\Users\sahil\Desktop\eclipse-jee-2025-12-R-win32-x86_64\eclipse\plugins\org.eclipse.m2e.maven.runtime_3.9.1101.20251020-1549
2026-02-24 12:16:22,444 [Worker-93: Launching mavenrun-d724aeea-2895-4479-afa4-0f2bd8cef338] INFO  o.eclipse.m2e.core.internal.Bundles - 	Entry: C:\Users\sahil\Desktop\eclipse-jee-2025-12-R-win32-x86_64\eclipse\plugins\org.eclipse.m2e.maven.runtime_3.9.1101.20251020-1549\jars\aopalliance-1.0.jar
2026-02-24 12:16:22,444 [Worker-93: Launching mavenrun-d724aeea-2895-4479-afa4-0f2bd8cef338] INFO  o.eclipse.m2e.core.internal.Bundles - 	Entry: C:\Users\sahil\Desktop\eclipse-jee-2025-12-R-win32-x86_64\eclipse\plugins\org.eclipse.m2e.maven.runtime_3.9.1101.20251020-1549\jars\asm-9.8.jar
2026-02-24 12:16:22,445 [Worker-93: Launching mavenrun-d724aeea-2895-4479-afa4-0f2bd8cef338] INFO  o.eclipse.m2e.core.internal.Bundles - 	Entry: C:\Users\sahil\Desktop\eclipse-jee-2025-12-R-win32-x86_64\eclipse\plugins\org.eclipse.m2e.maven.runtime_3.9.1101.20251020-1549\jars\error_prone_annotations-2.38.0.jar
2026-02-24 12:16:22,446 [Worker-93: Launching mavenrun-d724aeea-2895-4479-afa4-0f2bd8cef338] INFO  o.eclipse.m2e.core.internal.Bundles - 	Entry: C:\Users\sahil\Desktop\eclipse-jee-2025-12-R-win32-x86_64\eclipse\plugins\org.eclipse.m2e.maven.runtime_3.9.1101.20251020-1549\jars\gson-2.13.1.jar
2026-02-24 12:16:22,446 [Worker-93: Launching mavenrun-d724aeea-2895-4479-afa4-0f2bd8cef338] INFO  o.eclipse.m2e.core.internal.Bundles - 	Entry: C:\Users\sahil\Desktop\eclipse-jee-2025-12-R-win32-x86_64\eclipse\plugins\org.eclipse.m2e.maven.runtime_3.9.1101.20251020-1549\jars\guice-5.1.0-classes.jar
2026-02-24 12:16:22,447 [Worker-93: Launching mavenrun-d724aeea-2895-4479-afa4-0f2bd8cef338] INFO  o.eclipse.m2e.core.internal.Bundles - 	Entry: C:\Users\sahil\Desktop\eclipse-jee-2025-12-R-win32-x86_64\eclipse\plugins\org.eclipse.m2e.maven.runtime_3.9.1101.20251020-1549\jars\httpclient-4.5.14.jar
2026-02-24 12:16:22,447 [Worker-93: Launching mavenrun-d724aeea-2895-4479-afa4-0f2bd8cef338] INFO  o.eclipse.m2e.core.internal.Bundles - 	Entry: C:\Users\sahil\Desktop\eclipse-jee-2025-12-R-win32-x86_64\eclipse\plugins\org.eclipse.m2e.maven.runtime_3.9.1101.20251020-1549\jars\httpcore-4.4.16.jar
2026-02-24 12:16:22,448 [Worker-93: Launching mavenrun-d724aeea-2895-4479-afa4-0f2bd8cef338] INFO  o.eclipse.m2e.core.internal.Bundles - 	Entry: C:\Users\sahil\Desktop\eclipse-jee-2025-12-R-win32-x86_64\eclipse\plugins\org.eclipse.m2e.maven.runtime_3.9.1101.20251020-1549\jars\jansi-2.4.2.jar
2026-02-24 12:16:22,448 [Worker-93: Launching mavenrun-d724aeea-2895-4479-afa4-0f2bd8cef338] INFO  o.eclipse.m2e.core.internal.Bundles - 	Entry: C:\Users\sahil\Desktop\eclipse-jee-2025-12-R-win32-x86_64\eclipse\plugins\org.eclipse.m2e.maven.runtime_3.9.1101.20251020-1549\jars\jcl-over-slf4j-1.7.36.jar
2026-02-24 12:16:22,449 [Worker-93: Launching mavenrun-d724aeea-2895-4479-afa4-0f2bd8cef338] INFO  o.eclipse.m2e.core.internal.Bundles - 	Entry: C:\Users\sahil\Desktop\eclipse-jee-2025-12-R-win32-x86_64\eclipse\plugins\org.eclipse.m2e.maven.runtime_3.9.1101.20251020-1549\jars\maven-artifact-3.9.11.jar
2026-02-24 12:16:22,449 [Worker-93: Launching mavenrun-d724aeea-2895-4479-afa4-0f2bd8cef338] INFO  o.eclipse.m2e.core.internal.Bundles - 	Entry: C:\Users\sahil\Desktop\eclipse-jee-2025-12-R-win32-x86_64\eclipse\plugins\org.eclipse.m2e.maven.runtime_3.9.1101.20251020-1549\jars\maven-builder-support-3.9.11.jar
2026-02-24 12:16:22,449 [Worker-93: Launching mavenrun-d724aeea-2895-4479-afa4-0f2bd8cef338] INFO  o.eclipse.m2e.core.internal.Bundles - 	Entry: C:\Users\sahil\Desktop\eclipse-jee-2025-12-R-win32-x86_64\eclipse\plugins\org.eclipse.m2e.maven.runtime_3.9.1101.20251020-1549\jars\maven-compat-3.9.11.jar
2026-02-24 12:16:22,450 [Worker-93: Launching mavenrun-d724aeea-2895-4479-afa4-0f2bd8cef338] INFO  o.eclipse.m2e.core.internal.Bundles - 	Entry: C:\Users\sahil\Desktop\eclipse-jee-2025-12-R-win32-x86_64\eclipse\plugins\org.eclipse.m2e.maven.runtime_3.9.1101.20251020-1549\jars\maven-core-3.9.11.jar
2026-02-24 12:16:22,450 [Worker-93: Launching mavenrun-d724aeea-2895-4479-afa4-0f2bd8cef338] INFO  o.eclipse.m2e.core.internal.Bundles - 	Entry: C:\Users\sahil\Desktop\eclipse-jee-2025-12-R-win32-x86_64\eclipse\plugins\org.eclipse.m2e.maven.runtime_3.9.1101.20251020-1549\jars\maven-embedder-3.9.11.jar
2026-02-24 12:16:22,450 [Worker-93: Launching mavenrun-d724aeea-2895-4479-afa4-0f2bd8cef338] INFO  o.eclipse.m2e.core.internal.Bundles - 	Entry: C:\Users\sahil\Desktop\eclipse-jee-2025-12-R-win32-x86_64\eclipse\plugins\org.eclipse.m2e.maven.runtime_3.9.1101.20251020-1549\jars\maven-model-3.9.11.jar
2026-02-24 12:16:22,451 [Worker-93: Launching mavenrun-d724aeea-2895-4479-afa4-0f2bd8cef338] INFO  o.eclipse.m2e.core.internal.Bundles - 	Entry: C:\Users\sahil\Desktop\eclipse-jee-2025-12-R-win32-x86_64\eclipse\plugins\org.eclipse.m2e.maven.runtime_3.9.1101.20251020-1549\jars\maven-model-builder-3.9.11.jar
2026-02-24 12:16:22,451 [Worker-93: Launching mavenrun-d724aeea-2895-4479-afa4-0f2bd8cef338] INFO  o.eclipse.m2e.core.internal.Bundles - 	Entry: C:\Users\sahil\Desktop\eclipse-jee-2025-12-R-win32-x86_64\eclipse\plugins\org.eclipse.m2e.maven.runtime_3.9.1101.20251020-1549\jars\maven-plugin-api-3.9.11.jar
2026-02-24 12:16:22,451 [Worker-93: Launching mavenrun-d724aeea-2895-4479-afa4-0f2bd8cef338] INFO  o.eclipse.m2e.core.internal.Bundles - 	Entry: C:\Users\sahil\Desktop\eclipse-jee-2025-12-R-win32-x86_64\eclipse\plugins\org.eclipse.m2e.maven.runtime_3.9.1101.20251020-1549\jars\maven-repository-metadata-3.9.11.jar
2026-02-24 12:16:22,451 [Worker-93: Launching mavenrun-d724aeea-2895-4479-afa4-0f2bd8cef338] INFO  o.eclipse.m2e.core.internal.Bundles - 	Entry: C:\Users\sahil\Desktop\eclipse-jee-2025-12-R-win32-x86_64\eclipse\plugins\org.eclipse.m2e.maven.runtime_3.9.1101.20251020-1549\jars\maven-resolver-api-1.9.24.jar
2026-02-24 12:16:22,452 [Worker-93: Launching mavenrun-d724aeea-2895-4479-afa4-0f2bd8cef338] INFO  o.eclipse.m2e.core.internal.Bundles - 	Entry: C:\Users\sahil\Desktop\eclipse-jee-2025-12-R-win32-x86_64\eclipse\plugins\org.eclipse.m2e.maven.runtime_3.9.1101.20251020-1549\jars\maven-resolver-connector-basic-1.9.24.jar
2026-02-24 12:16:22,452 [Worker-93: Launching mavenrun-d724aeea-2895-4479-afa4-0f2bd8cef338] INFO  o.eclipse.m2e.core.internal.Bundles - 	Entry: C:\Users\sahil\Desktop\eclipse-jee-2025-12-R-win32-x86_64\eclipse\plugins\org.eclipse.m2e.maven.runtime_3.9.1101.20251020-1549\jars\maven-resolver-impl-1.9.24.jar
2026-02-24 12:16:22,452 [Worker-93: Launching mavenrun-d724aeea-2895-4479-afa4-0f2bd8cef338] INFO  o.eclipse.m2e.core.internal.Bundles - 	Entry: C:\Users\sahil\Desktop\eclipse-jee-2025-12-R-win32-x86_64\eclipse\plugins\org.eclipse.m2e.maven.runtime_3.9.1101.20251020-1549\jars\maven-resolver-named-locks-1.9.24.jar
2026-02-24 12:16:22,452 [Worker-93: Launching mavenrun-d724aeea-2895-4479-afa4-0f2bd8cef338] INFO  o.eclipse.m2e.core.internal.Bundles - 	Entry: C:\Users\sahil\Desktop\eclipse-jee-2025-12-R-win32-x86_64\eclipse\plugins\org.eclipse.m2e.maven.runtime_3.9.1101.20251020-1549\jars\maven-resolver-provider-3.9.11.jar
2026-02-24 12:16:22,453 [Worker-93: Launching mavenrun-d724aeea-2895-4479-afa4-0f2bd8cef338] INFO  o.eclipse.m2e.core.internal.Bundles - 	Entry: C:\Users\sahil\Desktop\eclipse-jee-2025-12-R-win32-x86_64\eclipse\plugins\org.eclipse.m2e.maven.runtime_3.9.1101.20251020-1549\jars\maven-resolver-spi-1.9.24.jar
2026-02-24 12:16:22,453 [Worker-93: Launching mavenrun-d724aeea-2895-4479-afa4-0f2bd8cef338] INFO  o.eclipse.m2e.core.internal.Bundles - 	Entry: C:\Users\sahil\Desktop\eclipse-jee-2025-12-R-win32-x86_64\eclipse\plugins\org.eclipse.m2e.maven.runtime_3.9.1101.20251020-1549\jars\maven-resolver-transport-file-1.9.24.jar
2026-02-24 12:16:22,453 [Worker-93: Launching mavenrun-d724aeea-2895-4479-afa4-0f2bd8cef338] INFO  o.eclipse.m2e.core.internal.Bundles - 	Entry: C:\Users\sahil\Desktop\eclipse-jee-2025-12-R-win32-x86_64\eclipse\plugins\org.eclipse.m2e.maven.runtime_3.9.1101.20251020-1549\jars\maven-resolver-transport-http-1.9.24.jar
2026-02-24 12:16:22,453 [Worker-93: Launching mavenrun-d724aeea-2895-4479-afa4-0f2bd8cef338] INFO  o.eclipse.m2e.core.internal.Bundles - 	Entry: C:\Users\sahil\Desktop\eclipse-jee-2025-12-R-win32-x86_64\eclipse\plugins\org.eclipse.m2e.maven.runtime_3.9.1101.20251020-1549\jars\maven-resolver-transport-wagon-1.9.24.jar
2026-02-24 12:16:22,454 [Worker-93: Launching mavenrun-d724aeea-2895-4479-afa4-0f2bd8cef338] INFO  o.eclipse.m2e.core.internal.Bundles - 	Entry: C:\Users\sahil\Desktop\eclipse-jee-2025-12-R-win32-x86_64\eclipse\plugins\org.eclipse.m2e.maven.runtime_3.9.1101.20251020-1549\jars\maven-resolver-util-1.9.24.jar
2026-02-24 12:16:22,454 [Worker-93: Launching mavenrun-d724aeea-2895-4479-afa4-0f2bd8cef338] INFO  o.eclipse.m2e.core.internal.Bundles - 	Entry: C:\Users\sahil\Desktop\eclipse-jee-2025-12-R-win32-x86_64\eclipse\plugins\org.eclipse.m2e.maven.runtime_3.9.1101.20251020-1549\jars\maven-settings-3.9.11.jar
2026-02-24 12:16:22,454 [Worker-93: Launching mavenrun-d724aeea-2895-4479-afa4-0f2bd8cef338] INFO  o.eclipse.m2e.core.internal.Bundles - 	Entry: C:\Users\sahil\Desktop\eclipse-jee-2025-12-R-win32-x86_64\eclipse\plugins\org.eclipse.m2e.maven.runtime_3.9.1101.20251020-1549\jars\maven-settings-builder-3.9.11.jar
2026-02-24 12:16:22,454 [Worker-93: Launching mavenrun-d724aeea-2895-4479-afa4-0f2bd8cef338] INFO  o.eclipse.m2e.core.internal.Bundles - 	Entry: C:\Users\sahil\Desktop\eclipse-jee-2025-12-R-win32-x86_64\eclipse\plugins\org.eclipse.m2e.maven.runtime_3.9.1101.20251020-1549\jars\maven-shared-utils-3.4.2.jar
2026-02-24 12:16:22,455 [Worker-93: Launching mavenrun-d724aeea-2895-4479-afa4-0f2bd8cef338] INFO  o.eclipse.m2e.core.internal.Bundles - 	Entry: C:\Users\sahil\Desktop\eclipse-jee-2025-12-R-win32-x86_64\eclipse\plugins\org.eclipse.m2e.maven.runtime_3.9.1101.20251020-1549\jars\org.eclipse.sisu.inject-0.9.0.M4.jar
2026-02-24 12:16:22,455 [Worker-93: Launching mavenrun-d724aeea-2895-4479-afa4-0f2bd8cef338] INFO  o.eclipse.m2e.core.internal.Bundles - 	Entry: C:\Users\sahil\Desktop\eclipse-jee-2025-12-R-win32-x86_64\eclipse\plugins\org.eclipse.m2e.maven.runtime_3.9.1101.20251020-1549\jars\org.eclipse.sisu.plexus-0.9.0.M4.jar
2026-02-24 12:16:22,455 [Worker-93: Launching mavenrun-d724aeea-2895-4479-afa4-0f2bd8cef338] INFO  o.eclipse.m2e.core.internal.Bundles - 	Entry: C:\Users\sahil\Desktop\eclipse-jee-2025-12-R-win32-x86_64\eclipse\plugins\org.eclipse.m2e.maven.runtime_3.9.1101.20251020-1549\jars\plexus-build-api-0.0.7.jar
2026-02-24 12:16:22,455 [Worker-93: Launching mavenrun-d724aeea-2895-4479-afa4-0f2bd8cef338] INFO  o.eclipse.m2e.core.internal.Bundles - 	Entry: C:\Users\sahil\Desktop\eclipse-jee-2025-12-R-win32-x86_64\eclipse\plugins\org.eclipse.m2e.maven.runtime_3.9.1101.20251020-1549\jars\plexus-build-api-1.2.0.jar
2026-02-24 12:16:22,456 [Worker-93: Launching mavenrun-d724aeea-2895-4479-afa4-0f2bd8cef338] INFO  o.eclipse.m2e.core.internal.Bundles - 	Entry: C:\Users\sahil\Desktop\eclipse-jee-2025-12-R-win32-x86_64\eclipse\plugins\org.eclipse.m2e.maven.runtime_3.9.1101.20251020-1549\jars\plexus-cipher-2.0.jar
2026-02-24 12:16:22,456 [Worker-93: Launching mavenrun-d724aeea-2895-4479-afa4-0f2bd8cef338] INFO  o.eclipse.m2e.core.internal.Bundles - 	Entry: C:\Users\sahil\Desktop\eclipse-jee-2025-12-R-win32-x86_64\eclipse\plugins\org.eclipse.m2e.maven.runtime_3.9.1101.20251020-1549\jars\plexus-classworlds-2.9.0.jar
2026-02-24 12:16:22,456 [Worker-93: Launching mavenrun-d724aeea-2895-4479-afa4-0f2bd8cef338] INFO  o.eclipse.m2e.core.internal.Bundles - 	Entry: C:\Users\sahil\Desktop\eclipse-jee-2025-12-R-win32-x86_64\eclipse\plugins\org.eclipse.m2e.maven.runtime_3.9.1101.20251020-1549\jars\plexus-component-annotations-2.2.0.jar
2026-02-24 12:16:22,456 [Worker-93: Launching mavenrun-d724aeea-2895-4479-afa4-0f2bd8cef338] INFO  o.eclipse.m2e.core.internal.Bundles - 	Entry: C:\Users\sahil\Desktop\eclipse-jee-2025-12-R-win32-x86_64\eclipse\plugins\org.eclipse.m2e.maven.runtime_3.9.1101.20251020-1549\jars\plexus-interpolation-1.28.jar
2026-02-24 12:16:22,457 [Worker-93: Launching mavenrun-d724aeea-2895-4479-afa4-0f2bd8cef338] INFO  o.eclipse.m2e.core.internal.Bundles - 	Entry: C:\Users\sahil\Desktop\eclipse-jee-2025-12-R-win32-x86_64\eclipse\plugins\org.eclipse.m2e.maven.runtime_3.9.1101.20251020-1549\jars\plexus-sec-dispatcher-2.0.jar
2026-02-24 12:16:22,457 [Worker-93: Launching mavenrun-d724aeea-2895-4479-afa4-0f2bd8cef338] INFO  o.eclipse.m2e.core.internal.Bundles - 	Entry: C:\Users\sahil\Desktop\eclipse-jee-2025-12-R-win32-x86_64\eclipse\plugins\org.eclipse.m2e.maven.runtime_3.9.1101.20251020-1549\jars\plexus-utils-3.6.0.jar
2026-02-24 12:16:22,457 [Worker-93: Launching mavenrun-d724aeea-2895-4479-afa4-0f2bd8cef338] INFO  o.eclipse.m2e.core.internal.Bundles - 	Entry: C:\Users\sahil\Desktop\eclipse-jee-2025-12-R-win32-x86_64\eclipse\plugins\org.eclipse.m2e.maven.runtime_3.9.1101.20251020-1549\jars\wagon-file-3.5.3.jar
2026-02-24 12:16:22,457 [Worker-93: Launching mavenrun-d724aeea-2895-4479-afa4-0f2bd8cef338] INFO  o.eclipse.m2e.core.internal.Bundles - 	Entry: C:\Users\sahil\Desktop\eclipse-jee-2025-12-R-win32-x86_64\eclipse\plugins\org.eclipse.m2e.maven.runtime_3.9.1101.20251020-1549\jars\wagon-http-3.5.3.jar
2026-02-24 12:16:22,458 [Worker-93: Launching mavenrun-d724aeea-2895-4479-afa4-0f2bd8cef338] INFO  o.eclipse.m2e.core.internal.Bundles - 	Entry: C:\Users\sahil\Desktop\eclipse-jee-2025-12-R-win32-x86_64\eclipse\plugins\org.eclipse.m2e.maven.runtime_3.9.1101.20251020-1549\jars\wagon-http-shared-3.5.3.jar
2026-02-24 12:16:22,458 [Worker-93: Launching mavenrun-d724aeea-2895-4479-afa4-0f2bd8cef338] INFO  o.eclipse.m2e.core.internal.Bundles - 	Entry: C:\Users\sahil\Desktop\eclipse-jee-2025-12-R-win32-x86_64\eclipse\plugins\org.eclipse.m2e.maven.runtime_3.9.1101.20251020-1549\jars\wagon-provider-api-3.5.3.jar
2026-02-24 12:16:22,459 [Worker-93: Launching mavenrun-d724aeea-2895-4479-afa4-0f2bd8cef338] INFO  o.eclipse.m2e.core.internal.Bundles - getClasspathEntries(Bundle=com.google.guava_33.5.0.jre [18])
2026-02-24 12:16:22,460 [Worker-93: Launching mavenrun-d724aeea-2895-4479-afa4-0f2bd8cef338] INFO  o.eclipse.m2e.core.internal.Bundles - 	Entry: C:\Users\sahil\Desktop\eclipse-jee-2025-12-R-win32-x86_64\eclipse\plugins\com.google.guava_33.5.0.jre.jar
2026-02-24 12:16:22,460 [Worker-93: Launching mavenrun-d724aeea-2895-4479-afa4-0f2bd8cef338] INFO  o.eclipse.m2e.core.internal.Bundles - getClasspathEntries(Bundle=slf4j.api_2.0.17 [1014])
2026-02-24 12:16:22,460 [Worker-93: Launching mavenrun-d724aeea-2895-4479-afa4-0f2bd8cef338] INFO  o.eclipse.m2e.core.internal.Bundles - 	Entry: C:\Users\sahil\Desktop\eclipse-jee-2025-12-R-win32-x86_64\eclipse\plugins\slf4j.api_2.0.17.jar
2026-02-24 12:16:22,460 [Worker-93: Launching mavenrun-d724aeea-2895-4479-afa4-0f2bd8cef338] INFO  o.eclipse.m2e.core.internal.Bundles - getClasspathEntries(Bundle=jakarta.inject.jakarta.inject-api_1.0.5 [35])
2026-02-24 12:16:22,461 [Worker-93: Launching mavenrun-d724aeea-2895-4479-afa4-0f2bd8cef338] INFO  o.eclipse.m2e.core.internal.Bundles - 	Entry: C:\Users\sahil\Desktop\eclipse-jee-2025-12-R-win32-x86_64\eclipse\plugins\jakarta.inject.jakarta.inject-api_1.0.5.jar
2026-02-24 12:16:22,461 [Worker-93: Launching mavenrun-d724aeea-2895-4479-afa4-0f2bd8cef338] INFO  o.eclipse.m2e.core.internal.Bundles - getClasspathEntries(Bundle=jakarta.annotation-api_1.3.5 [31])
2026-02-24 12:16:22,462 [Worker-93: Launching mavenrun-d724aeea-2895-4479-afa4-0f2bd8cef338] INFO  o.eclipse.m2e.core.internal.Bundles - 	Entry: C:\Users\sahil\Desktop\eclipse-jee-2025-12-R-win32-x86_64\eclipse\plugins\jakarta.annotation-api_1.3.5.jar
2026-02-24 12:16:22,462 [Worker-93: Launching mavenrun-d724aeea-2895-4479-afa4-0f2bd8cef338] INFO  o.eclipse.m2e.core.internal.Bundles - getClasspathEntries(Bundle=org.apache.commons.cli_1.11.0 [82])
2026-02-24 12:16:22,462 [Worker-93: Launching mavenrun-d724aeea-2895-4479-afa4-0f2bd8cef338] INFO  o.eclipse.m2e.core.internal.Bundles - 	Entry: C:\Users\sahil\Desktop\eclipse-jee-2025-12-R-win32-x86_64\eclipse\plugins\org.apache.commons.cli_1.11.0.jar
2026-02-24 12:16:22,462 [Worker-93: Launching mavenrun-d724aeea-2895-4479-afa4-0f2bd8cef338] INFO  o.eclipse.m2e.core.internal.Bundles - getClasspathEntries(Bundle=org.apache.commons.commons-codec_1.20.0 [84])
2026-02-24 12:16:22,463 [Worker-93: Launching mavenrun-d724aeea-2895-4479-afa4-0f2bd8cef338] INFO  o.eclipse.m2e.core.internal.Bundles - 	Entry: C:\Users\sahil\Desktop\eclipse-jee-2025-12-R-win32-x86_64\eclipse\plugins\org.apache.commons.commons-codec_1.20.0.jar
2026-02-24 12:16:22,464 [Worker-93: Launching mavenrun-d724aeea-2895-4479-afa4-0f2bd8cef338] INFO  o.eclipse.m2e.core.internal.Bundles - getClasspathEntries(Bundle=com.google.guava.failureaccess_1.0.3 [19])
2026-02-24 12:16:22,465 [Worker-93: Launching mavenrun-d724aeea-2895-4479-afa4-0f2bd8cef338] INFO  o.eclipse.m2e.core.internal.Bundles - 	Entry: C:\Users\sahil\Desktop\eclipse-jee-2025-12-R-win32-x86_64\eclipse\plugins\com.google.guava.failureaccess_1.0.3.jar
2026-02-24 12:16:22,469 [Worker-93: Launching mavenrun-d724aeea-2895-4479-afa4-0f2bd8cef338] INFO  o.e.m.i.launch.MavenLaunchDelegate - Run build in "C:\Users\sahil\AppData\Local\Temp\m2e-archetypeGenerator3486336003807732012":
2026-02-24 12:16:22,469 [Worker-93: Launching mavenrun-d724aeea-2895-4479-afa4-0f2bd8cef338] INFO  o.e.m.i.launch.MavenLaunchDelegate -  mvn  -DarchetypeGroupId=org.apache.maven.archetypes -DarchetypeArtifactId=maven-archetype-quickstart -DarchetypeVersion=1.1 -DgroupId=com -DartifactId=First_Maven_Project -Dversion=0.0.1-SNAPSHOT -Dpackage=com -DoutputDirectory=C:\Users\sahil\Desktop\Training(CapG) -Dstyle.color=always -U archetype:generate
2026-02-24 12:27:58,552 [Worker-98: Launching mavenrun-7af71ebe-6e39-492a-bd76-dbccab7feb56] INFO  o.eclipse.m2e.core.internal.Bundles - getClasspathEntries(Bundle=org.eclipse.m2e.maven.runtime_3.9.1101.20251020-1549 [649])
2026-02-24 12:27:58,554 [Worker-98: Launching mavenrun-7af71ebe-6e39-492a-bd76-dbccab7feb56] INFO  o.eclipse.m2e.core.internal.Bundles - 	Entry: C:\Users\sahil\Desktop\eclipse-jee-2025-12-R-win32-x86_64\eclipse\plugins\org.eclipse.m2e.maven.runtime_3.9.1101.20251020-1549
2026-02-24 12:27:58,555 [Worker-98: Launching mavenrun-7af71ebe-6e39-492a-bd76-dbccab7feb56] INFO  o.eclipse.m2e.core.internal.Bundles - 	Entry: C:\Users\sahil\Desktop\eclipse-jee-2025-12-R-win32-x86_64\eclipse\plugins\org.eclipse.m2e.maven.runtime_3.9.1101.20251020-1549\jars\aopalliance-1.0.jar
2026-02-24 12:27:58,555 [Worker-98: Launching mavenrun-7af71ebe-6e39-492a-bd76-dbccab7feb56] INFO  o.eclipse.m2e.core.internal.Bundles - 	Entry: C:\Users\sahil\Desktop\eclipse-jee-2025-12-R-win32-x86_64\eclipse\plugins\org.eclipse.m2e.maven.runtime_3.9.1101.20251020-1549\jars\asm-9.8.jar
2026-02-24 12:27:58,555 [Worker-98: Launching mavenrun-7af71ebe-6e39-492a-bd76-dbccab7feb56] INFO  o.eclipse.m2e.core.internal.Bundles - 	Entry: C:\Users\sahil\Desktop\eclipse-jee-2025-12-R-win32-x86_64\eclipse\plugins\org.eclipse.m2e.maven.runtime_3.9.1101.20251020-1549\jars\error_prone_annotations-2.38.0.jar
2026-02-24 12:27:58,556 [Worker-98: Launching mavenrun-7af71ebe-6e39-492a-bd76-dbccab7feb56] INFO  o.eclipse.m2e.core.internal.Bundles - 	Entry: C:\Users\sahil\Desktop\eclipse-jee-2025-12-R-win32-x86_64\eclipse\plugins\org.eclipse.m2e.maven.runtime_3.9.1101.20251020-1549\jars\gson-2.13.1.jar
2026-02-24 12:27:58,556 [Worker-98: Launching mavenrun-7af71ebe-6e39-492a-bd76-dbccab7feb56] INFO  o.eclipse.m2e.core.internal.Bundles - 	Entry: C:\Users\sahil\Desktop\eclipse-jee-2025-12-R-win32-x86_64\eclipse\plugins\org.eclipse.m2e.maven.runtime_3.9.1101.20251020-1549\jars\guice-5.1.0-classes.jar
2026-02-24 12:27:58,557 [Worker-98: Launching mavenrun-7af71ebe-6e39-492a-bd76-dbccab7feb56] INFO  o.eclipse.m2e.core.internal.Bundles - 	Entry: C:\Users\sahil\Desktop\eclipse-jee-2025-12-R-win32-x86_64\eclipse\plugins\org.eclipse.m2e.maven.runtime_3.9.1101.20251020-1549\jars\httpclient-4.5.14.jar
2026-02-24 12:27:58,557 [Worker-98: Launching mavenrun-7af71ebe-6e39-492a-bd76-dbccab7feb56] INFO  o.eclipse.m2e.core.internal.Bundles - 	Entry: C:\Users\sahil\Desktop\eclipse-jee-2025-12-R-win32-x86_64\eclipse\plugins\org.eclipse.m2e.maven.runtime_3.9.1101.20251020-1549\jars\httpcore-4.4.16.jar
2026-02-24 12:27:58,558 [Worker-98: Launching mavenrun-7af71ebe-6e39-492a-bd76-dbccab7feb56] INFO  o.eclipse.m2e.core.internal.Bundles - 	Entry: C:\Users\sahil\Desktop\eclipse-jee-2025-12-R-win32-x86_64\eclipse\plugins\org.eclipse.m2e.maven.runtime_3.9.1101.20251020-1549\jars\jansi-2.4.2.jar
2026-02-24 12:27:58,559 [Worker-98: Launching mavenrun-7af71ebe-6e39-492a-bd76-dbccab7feb56] INFO  o.eclipse.m2e.core.internal.Bundles - 	Entry: C:\Users\sahil\Desktop\eclipse-jee-2025-12-R-win32-x86_64\eclipse\plugins\org.eclipse.m2e.maven.runtime_3.9.1101.20251020-1549\jars\jcl-over-slf4j-1.7.36.jar
2026-02-24 12:27:58,560 [Worker-98: Launching mavenrun-7af71ebe-6e39-492a-bd76-dbccab7feb56] INFO  o.eclipse.m2e.core.internal.Bundles - 	Entry: C:\Users\sahil\Desktop\eclipse-jee-2025-12-R-win32-x86_64\eclipse\plugins\org.eclipse.m2e.maven.runtime_3.9.1101.20251020-1549\jars\maven-artifact-3.9.11.jar
2026-02-24 12:27:58,561 [Worker-98: Launching mavenrun-7af71ebe-6e39-492a-bd76-dbccab7feb56] INFO  o.eclipse.m2e.core.internal.Bundles - 	Entry: C:\Users\sahil\Desktop\eclipse-jee-2025-12-R-win32-x86_64\eclipse\plugins\org.eclipse.m2e.maven.runtime_3.9.1101.20251020-1549\jars\maven-builder-support-3.9.11.jar
2026-02-24 12:27:58,562 [Worker-98: Launching mavenrun-7af71ebe-6e39-492a-bd76-dbccab7feb56] INFO  o.eclipse.m2e.core.internal.Bundles - 	Entry: C:\Users\sahil\Desktop\eclipse-jee-2025-12-R-win32-x86_64\eclipse\plugins\org.eclipse.m2e.maven.runtime_3.9.1101.20251020-1549\jars\maven-compat-3.9.11.jar
2026-02-24 12:27:58,562 [Worker-98: Launching mavenrun-7af71ebe-6e39-492a-bd76-dbccab7feb56] INFO  o.eclipse.m2e.core.internal.Bundles - 	Entry: C:\Users\sahil\Desktop\eclipse-jee-2025-12-R-win32-x86_64\eclipse\plugins\org.eclipse.m2e.maven.runtime_3.9.1101.20251020-1549\jars\maven-core-3.9.11.jar
2026-02-24 12:27:58,563 [Worker-98: Launching mavenrun-7af71ebe-6e39-492a-bd76-dbccab7feb56] INFO  o.eclipse.m2e.core.internal.Bundles - 	Entry: C:\Users\sahil\Desktop\eclipse-jee-2025-12-R-win32-x86_64\eclipse\plugins\org.eclipse.m2e.maven.runtime_3.9.1101.20251020-1549\jars\maven-embedder-3.9.11.jar
2026-02-24 12:27:58,563 [Worker-98: Launching mavenrun-7af71ebe-6e39-492a-bd76-dbccab7feb56] INFO  o.eclipse.m2e.core.internal.Bundles - 	Entry: C:\Users\sahil\Desktop\eclipse-jee-2025-12-R-win32-x86_64\eclipse\plugins\org.eclipse.m2e.maven.runtime_3.9.1101.20251020-1549\jars\maven-model-3.9.11.jar
2026-02-24 12:27:58,563 [Worker-98: Launching mavenrun-7af71ebe-6e39-492a-bd76-dbccab7feb56] INFO  o.eclipse.m2e.core.internal.Bundles - 	Entry: C:\Users\sahil\Desktop\eclipse-jee-2025-12-R-win32-x86_64\eclipse\plugins\org.eclipse.m2e.maven.runtime_3.9.1101.20251020-1549\jars\maven-model-builder-3.9.11.jar
2026-02-24 12:27:58,563 [Worker-98: Launching mavenrun-7af71ebe-6e39-492a-bd76-dbccab7feb56] INFO  o.eclipse.m2e.core.internal.Bundles - 	Entry: C:\Users\sahil\Desktop\eclipse-jee-2025-12-R-win32-x86_64\eclipse\plugins\org.eclipse.m2e.maven.runtime_3.9.1101.20251020-1549\jars\maven-plugin-api-3.9.11.jar
2026-02-24 12:27:58,564 [Worker-98: Launching mavenrun-7af71ebe-6e39-492a-bd76-dbccab7feb56] INFO  o.eclipse.m2e.core.internal.Bundles - 	Entry: C:\Users\sahil\Desktop\eclipse-jee-2025-12-R-win32-x86_64\eclipse\plugins\org.eclipse.m2e.maven.runtime_3.9.1101.20251020-1549\jars\maven-repository-metadata-3.9.11.jar
2026-02-24 12:27:58,564 [Worker-98: Launching mavenrun-7af71ebe-6e39-492a-bd76-dbccab7feb56] INFO  o.eclipse.m2e.core.internal.Bundles - 	Entry: C:\Users\sahil\Desktop\eclipse-jee-2025-12-R-win32-x86_64\eclipse\plugins\org.eclipse.m2e.maven.runtime_3.9.1101.20251020-1549\jars\maven-resolver-api-1.9.24.jar
2026-02-24 12:27:58,564 [Worker-98: Launching mavenrun-7af71ebe-6e39-492a-bd76-dbccab7feb56] INFO  o.eclipse.m2e.core.internal.Bundles - 	Entry: C:\Users\sahil\Desktop\eclipse-jee-2025-12-R-win32-x86_64\eclipse\plugins\org.eclipse.m2e.maven.runtime_3.9.1101.20251020-1549\jars\maven-resolver-connector-basic-1.9.24.jar
2026-02-24 12:27:58,564 [Worker-98: Launching mavenrun-7af71ebe-6e39-492a-bd76-dbccab7feb56] INFO  o.eclipse.m2e.core.internal.Bundles - 	Entry: C:\Users\sahil\Desktop\eclipse-jee-2025-12-R-win32-x86_64\eclipse\plugins\org.eclipse.m2e.maven.runtime_3.9.1101.20251020-1549\jars\maven-resolver-impl-1.9.24.jar
2026-02-24 12:27:58,565 [Worker-98: Launching mavenrun-7af71ebe-6e39-492a-bd76-dbccab7feb56] INFO  o.eclipse.m2e.core.internal.Bundles - 	Entry: C:\Users\sahil\Desktop\eclipse-jee-2025-12-R-win32-x86_64\eclipse\plugins\org.eclipse.m2e.maven.runtime_3.9.1101.20251020-1549\jars\maven-resolver-named-locks-1.9.24.jar
2026-02-24 12:27:58,565 [Worker-98: Launching mavenrun-7af71ebe-6e39-492a-bd76-dbccab7feb56] INFO  o.eclipse.m2e.core.internal.Bundles - 	Entry: C:\Users\sahil\Desktop\eclipse-jee-2025-12-R-win32-x86_64\eclipse\plugins\org.eclipse.m2e.maven.runtime_3.9.1101.20251020-1549\jars\maven-resolver-provider-3.9.11.jar
2026-02-24 12:27:58,565 [Worker-98: Launching mavenrun-7af71ebe-6e39-492a-bd76-dbccab7feb56] INFO  o.eclipse.m2e.core.internal.Bundles - 	Entry: C:\Users\sahil\Desktop\eclipse-jee-2025-12-R-win32-x86_64\eclipse\plugins\org.eclipse.m2e.maven.runtime_3.9.1101.20251020-1549\jars\maven-resolver-spi-1.9.24.jar
2026-02-24 12:27:58,565 [Worker-98: Launching mavenrun-7af71ebe-6e39-492a-bd76-dbccab7feb56] INFO  o.eclipse.m2e.core.internal.Bundles - 	Entry: C:\Users\sahil\Desktop\eclipse-jee-2025-12-R-win32-x86_64\eclipse\plugins\org.eclipse.m2e.maven.runtime_3.9.1101.20251020-1549\jars\maven-resolver-transport-file-1.9.24.jar
2026-02-24 12:27:58,565 [Worker-98: Launching mavenrun-7af71ebe-6e39-492a-bd76-dbccab7feb56] INFO  o.eclipse.m2e.core.internal.Bundles - 	Entry: C:\Users\sahil\Desktop\eclipse-jee-2025-12-R-win32-x86_64\eclipse\plugins\org.eclipse.m2e.maven.runtime_3.9.1101.20251020-1549\jars\maven-resolver-transport-http-1.9.24.jar
2026-02-24 12:27:58,566 [Worker-98: Launching mavenrun-7af71ebe-6e39-492a-bd76-dbccab7feb56] INFO  o.eclipse.m2e.core.internal.Bundles - 	Entry: C:\Users\sahil\Desktop\eclipse-jee-2025-12-R-win32-x86_64\eclipse\plugins\org.eclipse.m2e.maven.runtime_3.9.1101.20251020-1549\jars\maven-resolver-transport-wagon-1.9.24.jar
2026-02-24 12:27:58,566 [Worker-98: Launching mavenrun-7af71ebe-6e39-492a-bd76-dbccab7feb56] INFO  o.eclipse.m2e.core.internal.Bundles - 	Entry: C:\Users\sahil\Desktop\eclipse-jee-2025-12-R-win32-x86_64\eclipse\plugins\org.eclipse.m2e.maven.runtime_3.9.1101.20251020-1549\jars\maven-resolver-util-1.9.24.jar
2026-02-24 12:27:58,566 [Worker-98: Launching mavenrun-7af71ebe-6e39-492a-bd76-dbccab7feb56] INFO  o.eclipse.m2e.core.internal.Bundles - 	Entry: C:\Users\sahil\Desktop\eclipse-jee-2025-12-R-win32-x86_64\eclipse\plugins\org.eclipse.m2e.maven.runtime_3.9.1101.20251020-1549\jars\maven-settings-3.9.11.jar
2026-02-24 12:27:58,566 [Worker-98: Launching mavenrun-7af71ebe-6e39-492a-bd76-dbccab7feb56] INFO  o.eclipse.m2e.core.internal.Bundles - 	Entry: C:\Users\sahil\Desktop\eclipse-jee-2025-12-R-win32-x86_64\eclipse\plugins\org.eclipse.m2e.maven.runtime_3.9.1101.20251020-1549\jars\maven-settings-builder-3.9.11.jar
2026-02-24 12:27:58,567 [Worker-98: Launching mavenrun-7af71ebe-6e39-492a-bd76-dbccab7feb56] INFO  o.eclipse.m2e.core.internal.Bundles - 	Entry: C:\Users\sahil\Desktop\eclipse-jee-2025-12-R-win32-x86_64\eclipse\plugins\org.eclipse.m2e.maven.runtime_3.9.1101.20251020-1549\jars\maven-shared-utils-3.4.2.jar
2026-02-24 12:27:58,567 [Worker-98: Launching mavenrun-7af71ebe-6e39-492a-bd76-dbccab7feb56] INFO  o.eclipse.m2e.core.internal.Bundles - 	Entry: C:\Users\sahil\Desktop\eclipse-jee-2025-12-R-win32-x86_64\eclipse\plugins\org.eclipse.m2e.maven.runtime_3.9.1101.20251020-1549\jars\org.eclipse.sisu.inject-0.9.0.M4.jar
2026-02-24 12:27:58,567 [Worker-98: Launching mavenrun-7af71ebe-6e39-492a-bd76-dbccab7feb56] INFO  o.eclipse.m2e.core.internal.Bundles - 	Entry: C:\Users\sahil\Desktop\eclipse-jee-2025-12-R-win32-x86_64\eclipse\plugins\org.eclipse.m2e.maven.runtime_3.9.1101.20251020-1549\jars\org.eclipse.sisu.plexus-0.9.0.M4.jar
2026-02-24 12:27:58,568 [Worker-98: Launching mavenrun-7af71ebe-6e39-492a-bd76-dbccab7feb56] INFO  o.eclipse.m2e.core.internal.Bundles - 	Entry: C:\Users\sahil\Desktop\eclipse-jee-2025-12-R-win32-x86_64\eclipse\plugins\org.eclipse.m2e.maven.runtime_3.9.1101.20251020-1549\jars\plexus-build-api-0.0.7.jar
2026-02-24 12:27:58,568 [Worker-98: Launching mavenrun-7af71ebe-6e39-492a-bd76-dbccab7feb56] INFO  o.eclipse.m2e.core.internal.Bundles - 	Entry: C:\Users\sahil\Desktop\eclipse-jee-2025-12-R-win32-x86_64\eclipse\plugins\org.eclipse.m2e.maven.runtime_3.9.1101.20251020-1549\jars\plexus-build-api-1.2.0.jar
2026-02-24 12:27:58,568 [Worker-98: Launching mavenrun-7af71ebe-6e39-492a-bd76-dbccab7feb56] INFO  o.eclipse.m2e.core.internal.Bundles - 	Entry: C:\Users\sahil\Desktop\eclipse-jee-2025-12-R-win32-x86_64\eclipse\plugins\org.eclipse.m2e.maven.runtime_3.9.1101.20251020-1549\jars\plexus-cipher-2.0.jar
2026-02-24 12:27:58,568 [Worker-98: Launching mavenrun-7af71ebe-6e39-492a-bd76-dbccab7feb56] INFO  o.eclipse.m2e.core.internal.Bundles - 	Entry: C:\Users\sahil\Desktop\eclipse-jee-2025-12-R-win32-x86_64\eclipse\plugins\org.eclipse.m2e.maven.runtime_3.9.1101.20251020-1549\jars\plexus-classworlds-2.9.0.jar
2026-02-24 12:27:58,569 [Worker-98: Launching mavenrun-7af71ebe-6e39-492a-bd76-dbccab7feb56] INFO  o.eclipse.m2e.core.internal.Bundles - 	Entry: C:\Users\sahil\Desktop\eclipse-jee-2025-12-R-win32-x86_64\eclipse\plugins\org.eclipse.m2e.maven.runtime_3.9.1101.20251020-1549\jars\plexus-component-annotations-2.2.0.jar
2026-02-24 12:27:58,569 [Worker-98: Launching mavenrun-7af71ebe-6e39-492a-bd76-dbccab7feb56] INFO  o.eclipse.m2e.core.internal.Bundles - 	Entry: C:\Users\sahil\Desktop\eclipse-jee-2025-12-R-win32-x86_64\eclipse\plugins\org.eclipse.m2e.maven.runtime_3.9.1101.20251020-1549\jars\plexus-interpolation-1.28.jar
2026-02-24 12:27:58,570 [Worker-98: Launching mavenrun-7af71ebe-6e39-492a-bd76-dbccab7feb56] INFO  o.eclipse.m2e.core.internal.Bundles - 	Entry: C:\Users\sahil\Desktop\eclipse-jee-2025-12-R-win32-x86_64\eclipse\plugins\org.eclipse.m2e.maven.runtime_3.9.1101.20251020-1549\jars\plexus-sec-dispatcher-2.0.jar
2026-02-24 12:27:58,570 [Worker-98: Launching mavenrun-7af71ebe-6e39-492a-bd76-dbccab7feb56] INFO  o.eclipse.m2e.core.internal.Bundles - 	Entry: C:\Users\sahil\Desktop\eclipse-jee-2025-12-R-win32-x86_64\eclipse\plugins\org.eclipse.m2e.maven.runtime_3.9.1101.20251020-1549\jars\plexus-utils-3.6.0.jar
2026-02-24 12:27:58,570 [Worker-98: Launching mavenrun-7af71ebe-6e39-492a-bd76-dbccab7feb56] INFO  o.eclipse.m2e.core.internal.Bundles - 	Entry: C:\Users\sahil\Desktop\eclipse-jee-2025-12-R-win32-x86_64\eclipse\plugins\org.eclipse.m2e.maven.runtime_3.9.1101.20251020-1549\jars\wagon-file-3.5.3.jar
2026-02-24 12:27:58,570 [Worker-98: Launching mavenrun-7af71ebe-6e39-492a-bd76-dbccab7feb56] INFO  o.eclipse.m2e.core.internal.Bundles - 	Entry: C:\Users\sahil\Desktop\eclipse-jee-2025-12-R-win32-x86_64\eclipse\plugins\org.eclipse.m2e.maven.runtime_3.9.1101.20251020-1549\jars\wagon-http-3.5.3.jar
2026-02-24 12:27:58,571 [Worker-98: Launching mavenrun-7af71ebe-6e39-492a-bd76-dbccab7feb56] INFO  o.eclipse.m2e.core.internal.Bundles - 	Entry: C:\Users\sahil\Desktop\eclipse-jee-2025-12-R-win32-x86_64\eclipse\plugins\org.eclipse.m2e.maven.runtime_3.9.1101.20251020-1549\jars\wagon-http-shared-3.5.3.jar
2026-02-24 12:27:58,571 [Worker-98: Launching mavenrun-7af71ebe-6e39-492a-bd76-dbccab7feb56] INFO  o.eclipse.m2e.core.internal.Bundles - 	Entry: C:\Users\sahil\Desktop\eclipse-jee-2025-12-R-win32-x86_64\eclipse\plugins\org.eclipse.m2e.maven.runtime_3.9.1101.20251020-1549\jars\wagon-provider-api-3.5.3.jar
2026-02-24 12:27:58,572 [Worker-98: Launching mavenrun-7af71ebe-6e39-492a-bd76-dbccab7feb56] INFO  o.eclipse.m2e.core.internal.Bundles - getClasspathEntries(Bundle=com.google.guava_33.5.0.jre [18])
2026-02-24 12:27:58,572 [Worker-98: Launching mavenrun-7af71ebe-6e39-492a-bd76-dbccab7feb56] INFO  o.eclipse.m2e.core.internal.Bundles - 	Entry: C:\Users\sahil\Desktop\eclipse-jee-2025-12-R-win32-x86_64\eclipse\plugins\com.google.guava_33.5.0.jre.jar
2026-02-24 12:27:58,573 [Worker-98: Launching mavenrun-7af71ebe-6e39-492a-bd76-dbccab7feb56] INFO  o.eclipse.m2e.core.internal.Bundles - getClasspathEntries(Bundle=slf4j.api_2.0.17 [1014])
2026-02-24 12:27:58,574 [Worker-98: Launching mavenrun-7af71ebe-6e39-492a-bd76-dbccab7feb56] INFO  o.eclipse.m2e.core.internal.Bundles - 	Entry: C:\Users\sahil\Desktop\eclipse-jee-2025-12-R-win32-x86_64\eclipse\plugins\slf4j.api_2.0.17.jar
2026-02-24 12:27:58,574 [Worker-98: Launching mavenrun-7af71ebe-6e39-492a-bd76-dbccab7feb56] INFO  o.eclipse.m2e.core.internal.Bundles - getClasspathEntries(Bundle=jakarta.inject.jakarta.inject-api_1.0.5 [35])
2026-02-24 12:27:58,575 [Worker-98: Launching mavenrun-7af71ebe-6e39-492a-bd76-dbccab7feb56] INFO  o.eclipse.m2e.core.internal.Bundles - 	Entry: C:\Users\sahil\Desktop\eclipse-jee-2025-12-R-win32-x86_64\eclipse\plugins\jakarta.inject.jakarta.inject-api_1.0.5.jar
2026-02-24 12:27:58,575 [Worker-98: Launching mavenrun-7af71ebe-6e39-492a-bd76-dbccab7feb56] INFO  o.eclipse.m2e.core.internal.Bundles - getClasspathEntries(Bundle=jakarta.annotation-api_1.3.5 [31])
2026-02-24 12:27:58,576 [Worker-98: Launching mavenrun-7af71ebe-6e39-492a-bd76-dbccab7feb56] INFO  o.eclipse.m2e.core.internal.Bundles - 	Entry: C:\Users\sahil\Desktop\eclipse-jee-2025-12-R-win32-x86_64\eclipse\plugins\jakarta.annotation-api_1.3.5.jar
2026-02-24 12:27:58,576 [Worker-98: Launching mavenrun-7af71ebe-6e39-492a-bd76-dbccab7feb56] INFO  o.eclipse.m2e.core.internal.Bundles - getClasspathEntries(Bundle=org.apache.commons.cli_1.11.0 [82])
2026-02-24 12:27:58,577 [Worker-98: Launching mavenrun-7af71ebe-6e39-492a-bd76-dbccab7feb56] INFO  o.eclipse.m2e.core.internal.Bundles - 	Entry: C:\Users\sahil\Desktop\eclipse-jee-2025-12-R-win32-x86_64\eclipse\plugins\org.apache.commons.cli_1.11.0.jar
2026-02-24 12:27:58,578 [Worker-98: Launching mavenrun-7af71ebe-6e39-492a-bd76-dbccab7feb56] INFO  o.eclipse.m2e.core.internal.Bundles - getClasspathEntries(Bundle=org.apache.commons.commons-codec_1.20.0 [84])
2026-02-24 12:27:58,579 [Worker-98: Launching mavenrun-7af71ebe-6e39-492a-bd76-dbccab7feb56] INFO  o.eclipse.m2e.core.internal.Bundles - 	Entry: C:\Users\sahil\Desktop\eclipse-jee-2025-12-R-win32-x86_64\eclipse\plugins\org.apache.commons.commons-codec_1.20.0.jar
2026-02-24 12:27:58,579 [Worker-98: Launching mavenrun-7af71ebe-6e39-492a-bd76-dbccab7feb56] INFO  o.eclipse.m2e.core.internal.Bundles - getClasspathEntries(Bundle=com.google.guava.failureaccess_1.0.3 [19])
2026-02-24 12:27:58,580 [Worker-98: Launching mavenrun-7af71ebe-6e39-492a-bd76-dbccab7feb56] INFO  o.eclipse.m2e.core.internal.Bundles - 	Entry: C:\Users\sahil\Desktop\eclipse-jee-2025-12-R-win32-x86_64\eclipse\plugins\com.google.guava.failureaccess_1.0.3.jar
2026-02-24 12:27:58,583 [Worker-98: Launching mavenrun-7af71ebe-6e39-492a-bd76-dbccab7feb56] INFO  o.e.m.i.launch.MavenLaunchDelegate - Run build in "C:\Users\sahil\AppData\Local\Temp\m2e-archetypeGenerator10030805056898733462":
2026-02-24 12:27:58,584 [Worker-98: Launching mavenrun-7af71ebe-6e39-492a-bd76-dbccab7feb56] INFO  o.e.m.i.launch.MavenLaunchDelegate -  mvn  -DarchetypeGroupId=org.apache.maven.archetypes -DarchetypeArtifactId=maven-archetype-quickstart -DarchetypeVersion=1.1 -DgroupId=com -DartifactId=first_Maven_Project -Dversion=0.0.1-SNAPSHOT -Dpackage=com -DoutputDirectory=C:\Users\sahil\Desktop\Training(CapG) -Dstyle.color=always -U archetype:generate
2026-02-24 12:29:27,664 [Worker-94: Creating maven-archetype-quickstart] INFO  o.e.m.c.i.p.ProjectConfigurationManager - Collecting project info '/pom.xml' C:\Users\sahil\Desktop\Training(CapG)\first_Maven_Project\pom.xml
2026-02-24 12:29:28,752 [Worker-94: Creating maven-archetype-quickstart] INFO  o.e.m.c.i.e.AbstractTransferListenerAdapter - Downloading https://repo.maven.apache.org/maven2/org/apache/maven/plugins/maven-resources-plugin/3.3.1/maven-resources-plugin-3.3.1.jar
2026-02-24 12:29:28,776 [Worker-94: Creating maven-archetype-quickstart] INFO  o.e.m.c.i.e.AbstractTransferListenerAdapter - Downloaded https://repo.maven.apache.org/maven2/org/apache/maven/plugins/maven-resources-plugin/3.3.1/maven-resources-plugin-3.3.1.jar
2026-02-24 12:29:28,929 [Worker-94: Creating maven-archetype-quickstart] INFO  o.e.m.c.i.e.AbstractTransferListenerAdapter - Downloading https://repo.maven.apache.org/maven2/org/apache/maven/plugins/maven-compiler-plugin/3.13.0/maven-compiler-plugin-3.13.0.jar
2026-02-24 12:29:29,025 [Worker-94: Creating maven-archetype-quickstart] INFO  o.e.m.c.i.e.AbstractTransferListenerAdapter - Downloaded https://repo.maven.apache.org/maven2/org/apache/maven/plugins/maven-compiler-plugin/3.13.0/maven-compiler-plugin-3.13.0.jar
2026-02-24 12:29:29,221 [Worker-94: Creating maven-archetype-quickstart] INFO  o.e.m.c.i.e.AbstractTransferListenerAdapter - Downloading https://repo.maven.apache.org/maven2/org/apache/maven/plugins/maven-surefire-plugin/3.2.5/maven-surefire-plugin-3.2.5.jar
2026-02-24 12:29:29,238 [Worker-94: Creating maven-archetype-quickstart] INFO  o.e.m.c.i.e.AbstractTransferListenerAdapter - Downloaded https://repo.maven.apache.org/maven2/org/apache/maven/plugins/maven-surefire-plugin/3.2.5/maven-surefire-plugin-3.2.5.jar
2026-02-24 12:29:29,379 [Worker-94: Creating maven-archetype-quickstart] INFO  o.e.m.c.i.e.AbstractTransferListenerAdapter - Downloading https://repo.maven.apache.org/maven2/org/apache/maven/plugins/maven-jar-plugin/3.4.1/maven-jar-plugin-3.4.1.jar
2026-02-24 12:29:29,395 [Worker-94: Creating maven-archetype-quickstart] INFO  o.e.m.c.i.e.AbstractTransferListenerAdapter - Downloaded https://repo.maven.apache.org/maven2/org/apache/maven/plugins/maven-jar-plugin/3.4.1/maven-jar-plugin-3.4.1.jar
2026-02-24 12:29:29,601 [Worker-94: Creating maven-archetype-quickstart] INFO  o.e.m.c.i.e.AbstractTransferListenerAdapter - Downloading https://repo.maven.apache.org/maven2/org/apache/maven/plugins/maven-compiler-plugin/3.13.0/maven-compiler-plugin-3.13.0.pom
2026-02-24 12:29:29,607 [Worker-94: Creating maven-archetype-quickstart] INFO  o.e.m.c.i.e.AbstractTransferListenerAdapter - Downloaded https://repo.maven.apache.org/maven2/org/apache/maven/plugins/maven-compiler-plugin/3.13.0/maven-compiler-plugin-3.13.0.pom
2026-02-24 12:29:29,827 [Worker-94: Creating maven-archetype-quickstart] INFO  o.e.m.c.i.e.AbstractTransferListenerAdapter - Downloading https://repo.maven.apache.org/maven2/commons-io/commons-io/2.11.0/commons-io-2.11.0.pom
2026-02-24 12:29:29,837 [Worker-94: Creating maven-archetype-quickstart] INFO  o.e.m.c.i.e.AbstractTransferListenerAdapter - Downloaded https://repo.maven.apache.org/maven2/commons-io/commons-io/2.11.0/commons-io-2.11.0.pom
2026-02-24 12:29:30,029 [Worker-94: Creating maven-archetype-quickstart] INFO  o.e.m.c.i.e.AbstractTransferListenerAdapter - Downloading https://repo.maven.apache.org/maven2/org/apache/commons/commons-parent/52/commons-parent-52.pom
2026-02-24 12:29:30,047 [Worker-94: Creating maven-archetype-quickstart] INFO  o.e.m.c.i.e.AbstractTransferListenerAdapter - Downloaded https://repo.maven.apache.org/maven2/org/apache/commons/commons-parent/52/commons-parent-52.pom
2026-02-24 12:29:30,226 [Worker-94: Creating maven-archetype-quickstart] INFO  o.e.m.c.i.e.AbstractTransferListenerAdapter - Downloading https://repo.maven.apache.org/maven2/org/junit/junit-bom/5.7.2/junit-bom-5.7.2.pom
2026-02-24 12:29:30,235 [Worker-94: Creating maven-archetype-quickstart] INFO  o.e.m.c.i.e.AbstractTransferListenerAdapter - Downloaded https://repo.maven.apache.org/maven2/org/junit/junit-bom/5.7.2/junit-bom-5.7.2.pom
2026-02-24 12:29:30,384 [Worker-94: Creating maven-archetype-quickstart] INFO  o.e.m.c.i.e.AbstractTransferListenerAdapter - Downloading https://repo.maven.apache.org/maven2/org/apache/maven/shared/maven-shared-incremental/1.1/maven-shared-incremental-1.1.pom
2026-02-24 12:29:30,392 [Worker-94: Creating maven-archetype-quickstart] INFO  o.e.m.c.i.e.AbstractTransferListenerAdapter - Downloaded https://repo.maven.apache.org/maven2/org/apache/maven/shared/maven-shared-incremental/1.1/maven-shared-incremental-1.1.pom
2026-02-24 12:29:30,561 [Worker-94: Creating maven-archetype-quickstart] INFO  o.e.m.c.i.e.AbstractTransferListenerAdapter - Downloading https://repo.maven.apache.org/maven2/org/apache/maven/shared/maven-shared-components/19/maven-shared-components-19.pom
2026-02-24 12:29:30,570 [Worker-94: Creating maven-archetype-quickstart] INFO  o.e.m.c.i.e.AbstractTransferListenerAdapter - Downloaded https://repo.maven.apache.org/maven2/org/apache/maven/shared/maven-shared-components/19/maven-shared-components-19.pom
2026-02-24 12:29:30,732 [Worker-94: Creating maven-archetype-quickstart] INFO  o.e.m.c.i.e.AbstractTransferListenerAdapter - Downloading https://repo.maven.apache.org/maven2/org/apache/maven/maven-parent/23/maven-parent-23.pom
2026-02-24 12:29:30,741 [Worker-94: Creating maven-archetype-quickstart] INFO  o.e.m.c.i.e.AbstractTransferListenerAdapter - Downloaded https://repo.maven.apache.org/maven2/org/apache/maven/maven-parent/23/maven-parent-23.pom
2026-02-24 12:29:30,915 [Worker-94: Creating maven-archetype-quickstart] INFO  o.e.m.c.i.e.AbstractTransferListenerAdapter - Downloading https://repo.maven.apache.org/maven2/org/apache/apache/13/apache-13.pom
2026-02-24 12:29:30,923 [Worker-94: Creating maven-archetype-quickstart] INFO  o.e.m.c.i.e.AbstractTransferListenerAdapter - Downloaded https://repo.maven.apache.org/maven2/org/apache/apache/13/apache-13.pom
2026-02-24 12:29:31,087 [Worker-94: Creating maven-archetype-quickstart] INFO  o.e.m.c.i.e.AbstractTransferListenerAdapter - Downloading https://repo.maven.apache.org/maven2/org/codehaus/plexus/plexus-java/1.2.0/plexus-java-1.2.0.pom
2026-02-24 12:29:31,093 [Worker-94: Creating maven-archetype-quickstart] INFO  o.e.m.c.i.e.AbstractTransferListenerAdapter - Downloaded https://repo.maven.apache.org/maven2/org/codehaus/plexus/plexus-java/1.2.0/plexus-java-1.2.0.pom
2026-02-24 12:29:31,263 [Worker-94: Creating maven-archetype-quickstart] INFO  o.e.m.c.i.e.AbstractTransferListenerAdapter - Downloading https://repo.maven.apache.org/maven2/org/codehaus/plexus/plexus-languages/1.2.0/plexus-languages-1.2.0.pom
2026-02-24 12:29:31,270 [Worker-94: Creating maven-archetype-quickstart] INFO  o.e.m.c.i.e.AbstractTransferListenerAdapter - Downloaded https://repo.maven.apache.org/maven2/org/codehaus/plexus/plexus-languages/1.2.0/plexus-languages-1.2.0.pom
2026-02-24 12:29:31,402 [Worker-94: Creating maven-archetype-quickstart] INFO  o.e.m.c.i.e.AbstractTransferListenerAdapter - Downloading https://repo.maven.apache.org/maven2/org/codehaus/plexus/plexus/15/plexus-15.pom
2026-02-24 12:29:31,409 [Worker-94: Creating maven-archetype-quickstart] INFO  o.e.m.c.i.e.AbstractTransferListenerAdapter - Downloaded https://repo.maven.apache.org/maven2/org/codehaus/plexus/plexus/15/plexus-15.pom
2026-02-24 12:29:31,554 [Worker-94: Creating maven-archetype-quickstart] INFO  o.e.m.c.i.e.AbstractTransferListenerAdapter - Downloading https://repo.maven.apache.org/maven2/org/junit/junit-bom/5.10.0/junit-bom-5.10.0.pom
2026-02-24 12:29:31,562 [Worker-94: Creating maven-archetype-quickstart] INFO  o.e.m.c.i.e.AbstractTransferListenerAdapter - Downloaded https://repo.maven.apache.org/maven2/org/junit/junit-bom/5.10.0/junit-bom-5.10.0.pom
2026-02-24 12:29:31,719 [Worker-94: Creating maven-archetype-quickstart] INFO  o.e.m.c.i.e.AbstractTransferListenerAdapter - Downloading https://repo.maven.apache.org/maven2/org/ow2/asm/asm/9.6/asm-9.6.pom
2026-02-24 12:29:31,727 [Worker-94: Creating maven-archetype-quickstart] INFO  o.e.m.c.i.e.AbstractTransferListenerAdapter - Downloaded https://repo.maven.apache.org/maven2/org/ow2/asm/asm/9.6/asm-9.6.pom
2026-02-24 12:29:31,902 [Worker-94: Creating maven-archetype-quickstart] INFO  o.e.m.c.i.e.AbstractTransferListenerAdapter - Downloading https://repo.maven.apache.org/maven2/org/ow2/ow2/1.5.1/ow2-1.5.1.pom
2026-02-24 12:29:31,909 [Worker-94: Creating maven-archetype-quickstart] INFO  o.e.m.c.i.e.AbstractTransferListenerAdapter - Downloaded https://repo.maven.apache.org/maven2/org/ow2/ow2/1.5.1/ow2-1.5.1.pom
2026-02-24 12:29:32,077 [Worker-94: Creating maven-archetype-quickstart] INFO  o.e.m.c.i.e.AbstractTransferListenerAdapter - Downloading https://repo.maven.apache.org/maven2/com/thoughtworks/qdox/qdox/2.0.3/qdox-2.0.3.pom
2026-02-24 12:29:32,085 [Worker-94: Creating maven-archetype-quickstart] INFO  o.e.m.c.i.e.AbstractTransferListenerAdapter - Downloaded https://repo.maven.apache.org/maven2/com/thoughtworks/qdox/qdox/2.0.3/qdox-2.0.3.pom
2026-02-24 12:29:32,255 [Worker-94: Creating maven-archetype-quickstart] INFO  o.e.m.c.i.e.AbstractTransferListenerAdapter - Downloading https://repo.maven.apache.org/maven2/org/sonatype/oss/oss-parent/9/oss-parent-9.pom
2026-02-24 12:29:32,262 [Worker-94: Creating maven-archetype-quickstart] INFO  o.e.m.c.i.e.AbstractTransferListenerAdapter - Downloaded https://repo.maven.apache.org/maven2/org/sonatype/oss/oss-parent/9/oss-parent-9.pom
2026-02-24 12:29:32,394 [Worker-94: Creating maven-archetype-quickstart] INFO  o.e.m.c.i.e.AbstractTransferListenerAdapter - Downloading https://repo.maven.apache.org/maven2/org/codehaus/plexus/plexus-compiler-api/2.15.0/plexus-compiler-api-2.15.0.pom
2026-02-24 12:29:32,402 [Worker-94: Creating maven-archetype-quickstart] INFO  o.e.m.c.i.e.AbstractTransferListenerAdapter - Downloaded https://repo.maven.apache.org/maven2/org/codehaus/plexus/plexus-compiler-api/2.15.0/plexus-compiler-api-2.15.0.pom
2026-02-24 12:29:32,558 [Worker-94: Creating maven-archetype-quickstart] INFO  o.e.m.c.i.e.AbstractTransferListenerAdapter - Downloading https://repo.maven.apache.org/maven2/org/codehaus/plexus/plexus-compiler/2.15.0/plexus-compiler-2.15.0.pom
2026-02-24 12:29:32,565 [Worker-94: Creating maven-archetype-quickstart] INFO  o.e.m.c.i.e.AbstractTransferListenerAdapter - Downloaded https://repo.maven.apache.org/maven2/org/codehaus/plexus/plexus-compiler/2.15.0/plexus-compiler-2.15.0.pom
2026-02-24 12:29:32,704 [Worker-94: Creating maven-archetype-quickstart] INFO  o.e.m.c.i.e.AbstractTransferListenerAdapter - Downloading https://repo.maven.apache.org/maven2/org/codehaus/plexus/plexus/17/plexus-17.pom
2026-02-24 12:29:32,711 [Worker-94: Creating maven-archetype-quickstart] INFO  o.e.m.c.i.e.AbstractTransferListenerAdapter - Downloaded https://repo.maven.apache.org/maven2/org/codehaus/plexus/plexus/17/plexus-17.pom
2026-02-24 12:29:32,847 [Worker-94: Creating maven-archetype-quickstart] INFO  o.e.m.c.i.e.AbstractTransferListenerAdapter - Downloading https://repo.maven.apache.org/maven2/org/codehaus/plexus/plexus-utils/4.0.0/plexus-utils-4.0.0.pom
2026-02-24 12:29:32,853 [Worker-94: Creating maven-archetype-quickstart] INFO  o.e.m.c.i.e.AbstractTransferListenerAdapter - Downloaded https://repo.maven.apache.org/maven2/org/codehaus/plexus/plexus-utils/4.0.0/plexus-utils-4.0.0.pom
2026-02-24 12:29:33,022 [Worker-94: Creating maven-archetype-quickstart] INFO  o.e.m.c.i.e.AbstractTransferListenerAdapter - Downloading https://repo.maven.apache.org/maven2/org/codehaus/plexus/plexus/13/plexus-13.pom
2026-02-24 12:29:33,030 [Worker-94: Creating maven-archetype-quickstart] INFO  o.e.m.c.i.e.AbstractTransferListenerAdapter - Downloaded https://repo.maven.apache.org/maven2/org/codehaus/plexus/plexus/13/plexus-13.pom
2026-02-24 12:29:33,185 [Worker-94: Creating maven-archetype-quickstart] INFO  o.e.m.c.i.e.AbstractTransferListenerAdapter - Downloading https://repo.maven.apache.org/maven2/org/junit/junit-bom/5.9.3/junit-bom-5.9.3.pom
2026-02-24 12:29:33,192 [Worker-94: Creating maven-archetype-quickstart] INFO  o.e.m.c.i.e.AbstractTransferListenerAdapter - Downloaded https://repo.maven.apache.org/maven2/org/junit/junit-bom/5.9.3/junit-bom-5.9.3.pom
2026-02-24 12:29:33,342 [Worker-94: Creating maven-archetype-quickstart] INFO  o.e.m.c.i.e.AbstractTransferListenerAdapter - Downloading https://repo.maven.apache.org/maven2/org/codehaus/plexus/plexus-compiler-manager/2.15.0/plexus-compiler-manager-2.15.0.pom
2026-02-24 12:29:33,350 [Worker-94: Creating maven-archetype-quickstart] INFO  o.e.m.c.i.e.AbstractTransferListenerAdapter - Downloaded https://repo.maven.apache.org/maven2/org/codehaus/plexus/plexus-compiler-manager/2.15.0/plexus-compiler-manager-2.15.0.pom
2026-02-24 12:29:33,517 [Worker-94: Creating maven-archetype-quickstart] INFO  o.e.m.c.i.e.AbstractTransferListenerAdapter - Downloading https://repo.maven.apache.org/maven2/org/codehaus/plexus/plexus-xml/3.0.0/plexus-xml-3.0.0.pom
2026-02-24 12:29:33,525 [Worker-94: Creating maven-archetype-quickstart] INFO  o.e.m.c.i.e.AbstractTransferListenerAdapter - Downloaded https://repo.maven.apache.org/maven2/org/codehaus/plexus/plexus-xml/3.0.0/plexus-xml-3.0.0.pom
2026-02-24 12:29:33,700 [Worker-94: Creating maven-archetype-quickstart] INFO  o.e.m.c.i.e.AbstractTransferListenerAdapter - Downloading https://repo.maven.apache.org/maven2/org/codehaus/plexus/plexus-compiler-javac/2.15.0/plexus-compiler-javac-2.15.0.pom
2026-02-24 12:29:33,710 [Worker-94: Creating maven-archetype-quickstart] INFO  o.e.m.c.i.e.AbstractTransferListenerAdapter - Downloaded https://repo.maven.apache.org/maven2/org/codehaus/plexus/plexus-compiler-javac/2.15.0/plexus-compiler-javac-2.15.0.pom
2026-02-24 12:29:33,833 [Worker-94: Creating maven-archetype-quickstart] INFO  o.e.m.c.i.e.AbstractTransferListenerAdapter - Downloading https://repo.maven.apache.org/maven2/org/codehaus/plexus/plexus-compilers/2.15.0/plexus-compilers-2.15.0.pom
2026-02-24 12:29:33,839 [Worker-94: Creating maven-archetype-quickstart] INFO  o.e.m.c.i.e.AbstractTransferListenerAdapter - Downloaded https://repo.maven.apache.org/maven2/org/codehaus/plexus/plexus-compilers/2.15.0/plexus-compilers-2.15.0.pom
2026-02-24 12:29:34,002 [Worker-94: Creating maven-archetype-quickstart] INFO  o.e.m.c.i.e.AbstractTransferListenerAdapter - Downloading https://repo.maven.apache.org/maven2/commons-io/commons-io/2.11.0/commons-io-2.11.0.jar
2026-02-24 12:29:34,349 [Worker-94: Creating maven-archetype-quickstart] INFO  o.e.m.c.i.e.AbstractTransferListenerAdapter - Downloaded https://repo.maven.apache.org/maven2/commons-io/commons-io/2.11.0/commons-io-2.11.0.jar
2026-02-24 12:29:34,507 [BasicRepositoryConnector-repo.maven.apache.org-0-0] INFO  o.e.m.c.i.e.AbstractTransferListenerAdapter - Downloading https://repo.maven.apache.org/maven2/org/apache/maven/shared/maven-shared-incremental/1.1/maven-shared-incremental-1.1.jar
2026-02-24 12:29:34,512 [BasicRepositoryConnector-repo.maven.apache.org-0-0] INFO  o.e.m.c.i.e.AbstractTransferListenerAdapter - Downloaded https://repo.maven.apache.org/maven2/org/apache/maven/shared/maven-shared-incremental/1.1/maven-shared-incremental-1.1.jar
2026-02-24 12:29:34,641 [BasicRepositoryConnector-repo.maven.apache.org-0-0] INFO  o.e.m.c.i.e.AbstractTransferListenerAdapter - Downloading https://repo.maven.apache.org/maven2/org/codehaus/plexus/plexus-compiler-manager/2.15.0/plexus-compiler-manager-2.15.0.jar
2026-02-24 12:29:34,646 [BasicRepositoryConnector-repo.maven.apache.org-0-0] INFO  o.e.m.c.i.e.AbstractTransferListenerAdapter - Downloaded https://repo.maven.apache.org/maven2/org/codehaus/plexus/plexus-compiler-manager/2.15.0/plexus-compiler-manager-2.15.0.jar
2026-02-24 12:29:34,715 [BasicRepositoryConnector-repo.maven.apache.org-0-1] INFO  o.e.m.c.i.e.AbstractTransferListenerAdapter - Downloading https://repo.maven.apache.org/maven2/org/codehaus/plexus/plexus-java/1.2.0/plexus-java-1.2.0.jar
2026-02-24 12:29:34,744 [BasicRepositoryConnector-repo.maven.apache.org-0-4] INFO  o.e.m.c.i.e.AbstractTransferListenerAdapter - Downloading https://repo.maven.apache.org/maven2/org/codehaus/plexus/plexus-compiler-api/2.15.0/plexus-compiler-api-2.15.0.jar
2026-02-24 12:29:34,775 [BasicRepositoryConnector-repo.maven.apache.org-0-2] INFO  o.e.m.c.i.e.AbstractTransferListenerAdapter - Downloading https://repo.maven.apache.org/maven2/org/ow2/asm/asm/9.6/asm-9.6.jar
2026-02-24 12:29:34,795 [BasicRepositoryConnector-repo.maven.apache.org-0-4] INFO  o.e.m.c.i.e.AbstractTransferListenerAdapter - Downloaded https://repo.maven.apache.org/maven2/org/codehaus/plexus/plexus-compiler-api/2.15.0/plexus-compiler-api-2.15.0.jar
2026-02-24 12:29:34,799 [BasicRepositoryConnector-repo.maven.apache.org-0-1] INFO  o.e.m.c.i.e.AbstractTransferListenerAdapter - Downloaded https://repo.maven.apache.org/maven2/org/codehaus/plexus/plexus-java/1.2.0/plexus-java-1.2.0.jar
2026-02-24 12:29:34,801 [BasicRepositoryConnector-repo.maven.apache.org-0-3] INFO  o.e.m.c.i.e.AbstractTransferListenerAdapter - Downloading https://repo.maven.apache.org/maven2/com/thoughtworks/qdox/qdox/2.0.3/qdox-2.0.3.jar
2026-02-24 12:29:34,883 [BasicRepositoryConnector-repo.maven.apache.org-0-0] INFO  o.e.m.c.i.e.AbstractTransferListenerAdapter - Downloading https://repo.maven.apache.org/maven2/org/codehaus/plexus/plexus-xml/3.0.0/plexus-xml-3.0.0.jar
2026-02-24 12:29:34,927 [BasicRepositoryConnector-repo.maven.apache.org-0-0] INFO  o.e.m.c.i.e.AbstractTransferListenerAdapter - Downloaded https://repo.maven.apache.org/maven2/org/codehaus/plexus/plexus-xml/3.0.0/plexus-xml-3.0.0.jar
2026-02-24 12:29:34,987 [BasicRepositoryConnector-repo.maven.apache.org-0-1] INFO  o.e.m.c.i.e.AbstractTransferListenerAdapter - Downloading https://repo.maven.apache.org/maven2/org/codehaus/plexus/plexus-utils/4.0.0/plexus-utils-4.0.0.jar
2026-02-24 12:29:34,987 [BasicRepositoryConnector-repo.maven.apache.org-0-4] INFO  o.e.m.c.i.e.AbstractTransferListenerAdapter - Downloading https://repo.maven.apache.org/maven2/org/codehaus/plexus/plexus-compiler-javac/2.15.0/plexus-compiler-javac-2.15.0.jar
2026-02-24 12:29:35,006 [BasicRepositoryConnector-repo.maven.apache.org-0-4] INFO  o.e.m.c.i.e.AbstractTransferListenerAdapter - Downloaded https://repo.maven.apache.org/maven2/org/codehaus/plexus/plexus-compiler-javac/2.15.0/plexus-compiler-javac-2.15.0.jar
2026-02-24 12:29:35,073 [BasicRepositoryConnector-repo.maven.apache.org-0-2] INFO  o.e.m.c.i.e.AbstractTransferListenerAdapter - Downloaded https://repo.maven.apache.org/maven2/org/ow2/asm/asm/9.6/asm-9.6.jar
2026-02-24 12:29:35,425 [BasicRepositoryConnector-repo.maven.apache.org-0-1] INFO  o.e.m.c.i.e.AbstractTransferListenerAdapter - Downloaded https://repo.maven.apache.org/maven2/org/codehaus/plexus/plexus-utils/4.0.0/plexus-utils-4.0.0.jar
2026-02-24 12:29:35,428 [BasicRepositoryConnector-repo.maven.apache.org-0-3] INFO  o.e.m.c.i.e.AbstractTransferListenerAdapter - Downloaded https://repo.maven.apache.org/maven2/com/thoughtworks/qdox/qdox/2.0.3/qdox-2.0.3.jar
2026-02-24 12:29:35,587 [Worker-94: Creating maven-archetype-quickstart] INFO  o.e.m.c.i.l.LifecycleMappingFactory - Using org.eclipse.m2e.jdt.JarLifecycleMapping lifecycle mapping for MavenProject: com:first_Maven_Project:0.0.1-SNAPSHOT @ C:\Users\sahil\Desktop\Training(CapG)\first_Maven_Project\pom.xml.
2026-02-24 12:29:35,768 [Worker-94: Creating maven-archetype-quickstart] INFO  o.e.m.c.i.e.AbstractTransferListenerAdapter - Downloading https://repo.maven.apache.org/maven2/junit/junit/3.8.1/junit-3.8.1.pom
2026-02-24 12:29:35,773 [Worker-94: Creating maven-archetype-quickstart] INFO  o.e.m.c.i.e.AbstractTransferListenerAdapter - Downloaded https://repo.maven.apache.org/maven2/junit/junit/3.8.1/junit-3.8.1.pom
2026-02-24 12:29:35,958 [Worker-94: Creating maven-archetype-quickstart] INFO  o.e.m.c.i.e.AbstractTransferListenerAdapter - Downloading https://repo.maven.apache.org/maven2/junit/junit/3.8.1/junit-3.8.1.jar
2026-02-24 12:29:35,989 [Worker-94: Creating maven-archetype-quickstart] INFO  o.e.m.c.i.e.AbstractTransferListenerAdapter - Downloaded https://repo.maven.apache.org/maven2/junit/junit/3.8.1/junit-3.8.1.jar
2026-02-24 12:29:36,148 [Worker-94: Creating maven-archetype-quickstart] INFO  o.e.m.c.i.e.AbstractTransferListenerAdapter - Downloading https://repo.maven.apache.org/maven2/org/apache/maven/plugins/maven-resources-plugin/3.3.1/maven-resources-plugin-3.3.1.pom
2026-02-24 12:29:36,155 [Worker-94: Creating maven-archetype-quickstart] INFO  o.e.m.c.i.e.AbstractTransferListenerAdapter - Downloaded https://repo.maven.apache.org/maven2/org/apache/maven/plugins/maven-resources-plugin/3.3.1/maven-resources-plugin-3.3.1.pom
2026-02-24 12:29:36,304 [Worker-94: Creating maven-archetype-quickstart] INFO  o.e.m.c.i.e.AbstractTransferListenerAdapter - Downloading https://repo.maven.apache.org/maven2/org/apache/maven/plugins/maven-plugins/39/maven-plugins-39.pom
2026-02-24 12:29:36,310 [Worker-94: Creating maven-archetype-quickstart] INFO  o.e.m.c.i.e.AbstractTransferListenerAdapter - Downloaded https://repo.maven.apache.org/maven2/org/apache/maven/plugins/maven-plugins/39/maven-plugins-39.pom
2026-02-24 12:29:36,439 [Worker-94: Creating maven-archetype-quickstart] INFO  o.e.m.c.i.e.AbstractTransferListenerAdapter - Downloading https://repo.maven.apache.org/maven2/org/apache/maven/plugins/maven-surefire-plugin/3.2.5/maven-surefire-plugin-3.2.5.pom
2026-02-24 12:29:36,445 [Worker-94: Creating maven-archetype-quickstart] INFO  o.e.m.c.i.e.AbstractTransferListenerAdapter - Downloaded https://repo.maven.apache.org/maven2/org/apache/maven/plugins/maven-surefire-plugin/3.2.5/maven-surefire-plugin-3.2.5.pom
2026-02-24 12:29:36,604 [Worker-94: Creating maven-archetype-quickstart] INFO  o.e.m.c.i.e.AbstractTransferListenerAdapter - Downloading https://repo.maven.apache.org/maven2/org/apache/maven/surefire/surefire/3.2.5/surefire-3.2.5.pom
2026-02-24 12:29:36,612 [Worker-94: Creating maven-archetype-quickstart] INFO  o.e.m.c.i.e.AbstractTransferListenerAdapter - Downloaded https://repo.maven.apache.org/maven2/org/apache/maven/surefire/surefire/3.2.5/surefire-3.2.5.pom
2026-02-24 12:29:36,758 [Worker-94: Creating maven-archetype-quickstart] INFO  o.e.m.c.i.e.AbstractTransferListenerAdapter - Downloading https://repo.maven.apache.org/maven2/org/apache/maven/plugins/maven-jar-plugin/3.4.1/maven-jar-plugin-3.4.1.pom
2026-02-24 12:29:36,763 [Worker-94: Creating maven-archetype-quickstart] INFO  o.e.m.c.i.e.AbstractTransferListenerAdapter - Downloaded https://repo.maven.apache.org/maven2/org/apache/maven/plugins/maven-jar-plugin/3.4.1/maven-jar-plugin-3.4.1.pom
2026-02-24 12:29:36,949 [Worker-94: Creating maven-archetype-quickstart] INFO  o.e.m.c.i.e.AbstractTransferListenerAdapter - Downloading https://repo.maven.apache.org/maven2/org/apache/maven/shared/file-management/3.1.0/file-management-3.1.0.pom
2026-02-24 12:29:36,957 [Worker-94: Creating maven-archetype-quickstart] INFO  o.e.m.c.i.e.AbstractTransferListenerAdapter - Downloaded https://repo.maven.apache.org/maven2/org/apache/maven/shared/file-management/3.1.0/file-management-3.1.0.pom
2026-02-24 12:29:37,077 [Worker-94: Creating maven-archetype-quickstart] INFO  o.e.m.c.i.e.AbstractTransferListenerAdapter - Downloading https://repo.maven.apache.org/maven2/org/apache/maven/shared/maven-shared-components/36/maven-shared-components-36.pom
2026-02-24 12:29:37,087 [Worker-94: Creating maven-archetype-quickstart] INFO  o.e.m.c.i.e.AbstractTransferListenerAdapter - Downloaded https://repo.maven.apache.org/maven2/org/apache/maven/shared/maven-shared-components/36/maven-shared-components-36.pom
2026-02-24 12:29:37,252 [Worker-94: Creating maven-archetype-quickstart] INFO  o.e.m.c.i.e.AbstractTransferListenerAdapter - Downloading https://repo.maven.apache.org/maven2/org/codehaus/plexus/plexus-utils/4.0.1/plexus-utils-4.0.1.pom
2026-02-24 12:29:37,262 [Worker-94: Creating maven-archetype-quickstart] INFO  o.e.m.c.i.e.AbstractTransferListenerAdapter - Downloaded https://repo.maven.apache.org/maven2/org/codehaus/plexus/plexus-utils/4.0.1/plexus-utils-4.0.1.pom
2026-02-24 12:29:37,478 [Worker-94: Creating maven-archetype-quickstart] INFO  o.e.m.c.i.e.AbstractTransferListenerAdapter - Downloading https://repo.maven.apache.org/maven2/commons-io/commons-io/2.16.1/commons-io-2.16.1.pom
2026-02-24 12:29:37,484 [Worker-94: Creating maven-archetype-quickstart] INFO  o.e.m.c.i.e.AbstractTransferListenerAdapter - Downloaded https://repo.maven.apache.org/maven2/commons-io/commons-io/2.16.1/commons-io-2.16.1.pom
2026-02-24 12:29:37,661 [Worker-94: Creating maven-archetype-quickstart] INFO  o.e.m.c.i.e.AbstractTransferListenerAdapter - Downloading https://repo.maven.apache.org/maven2/org/apache/maven/maven-archiver/3.6.2/maven-archiver-3.6.2.pom
2026-02-24 12:29:37,674 [Worker-94: Creating maven-archetype-quickstart] INFO  o.e.m.c.i.e.AbstractTransferListenerAdapter - Downloaded https://repo.maven.apache.org/maven2/org/apache/maven/maven-archiver/3.6.2/maven-archiver-3.6.2.pom
2026-02-24 12:29:37,802 [Worker-94: Creating maven-archetype-quickstart] INFO  o.e.m.c.i.e.AbstractTransferListenerAdapter - Downloading https://repo.maven.apache.org/maven2/org/codehaus/plexus/plexus-archiver/4.9.2/plexus-archiver-4.9.2.pom
2026-02-24 12:29:37,813 [Worker-94: Creating maven-archetype-quickstart] INFO  o.e.m.c.i.e.AbstractTransferListenerAdapter - Downloaded https://repo.maven.apache.org/maven2/org/codehaus/plexus/plexus-archiver/4.9.2/plexus-archiver-4.9.2.pom
2026-02-24 12:29:37,968 [Worker-94: Creating maven-archetype-quickstart] INFO  o.e.m.c.i.e.AbstractTransferListenerAdapter - Downloading https://repo.maven.apache.org/maven2/org/codehaus/plexus/plexus-io/3.4.2/plexus-io-3.4.2.pom
2026-02-24 12:29:37,979 [Worker-94: Creating maven-archetype-quickstart] INFO  o.e.m.c.i.e.AbstractTransferListenerAdapter - Downloaded https://repo.maven.apache.org/maven2/org/codehaus/plexus/plexus-io/3.4.2/plexus-io-3.4.2.pom
2026-02-24 12:29:38,164 [Worker-94: Creating maven-archetype-quickstart] INFO  o.e.m.c.i.e.AbstractTransferListenerAdapter - Downloading https://repo.maven.apache.org/maven2/org/codehaus/plexus/plexus/16/plexus-16.pom
2026-02-24 12:29:38,174 [Worker-94: Creating maven-archetype-quickstart] INFO  o.e.m.c.i.e.AbstractTransferListenerAdapter - Downloaded https://repo.maven.apache.org/maven2/org/codehaus/plexus/plexus/16/plexus-16.pom
2026-02-24 12:29:38,298 [Worker-94: Creating maven-archetype-quickstart] INFO  o.e.m.c.i.e.AbstractTransferListenerAdapter - Downloading https://repo.maven.apache.org/maven2/org/junit/junit-bom/5.10.1/junit-bom-5.10.1.pom
2026-02-24 12:29:38,307 [Worker-94: Creating maven-archetype-quickstart] INFO  o.e.m.c.i.e.AbstractTransferListenerAdapter - Downloaded https://repo.maven.apache.org/maven2/org/junit/junit-bom/5.10.1/junit-bom-5.10.1.pom
2026-02-24 12:29:38,469 [Worker-94: Creating maven-archetype-quickstart] INFO  o.e.m.c.i.e.AbstractTransferListenerAdapter - Downloading https://repo.maven.apache.org/maven2/org/apache/commons/commons-compress/1.26.1/commons-compress-1.26.1.pom
2026-02-24 12:29:38,477 [Worker-94: Creating maven-archetype-quickstart] INFO  o.e.m.c.i.e.AbstractTransferListenerAdapter - Downloaded https://repo.maven.apache.org/maven2/org/apache/commons/commons-compress/1.26.1/commons-compress-1.26.1.pom
2026-02-24 12:29:38,609 [Worker-94: Creating maven-archetype-quickstart] INFO  o.e.m.c.i.e.AbstractTransferListenerAdapter - Downloading https://repo.maven.apache.org/maven2/org/apache/commons/commons-parent/66/commons-parent-66.pom
2026-02-24 12:29:38,617 [Worker-94: Creating maven-archetype-quickstart] INFO  o.e.m.c.i.e.AbstractTransferListenerAdapter - Downloaded https://repo.maven.apache.org/maven2/org/apache/commons/commons-parent/66/commons-parent-66.pom
2026-02-24 12:29:38,767 [Worker-94: Creating maven-archetype-quickstart] INFO  o.e.m.c.i.e.AbstractTransferListenerAdapter - Downloading https://repo.maven.apache.org/maven2/commons-codec/commons-codec/1.16.1/commons-codec-1.16.1.pom
2026-02-24 12:29:38,773 [Worker-94: Creating maven-archetype-quickstart] INFO  o.e.m.c.i.e.AbstractTransferListenerAdapter - Downloaded https://repo.maven.apache.org/maven2/commons-codec/commons-codec/1.16.1/commons-codec-1.16.1.pom
2026-02-24 12:29:38,969 [Worker-94: Creating maven-archetype-quickstart] INFO  o.e.m.c.i.e.AbstractTransferListenerAdapter - Downloading https://repo.maven.apache.org/maven2/org/apache/commons/commons-lang3/3.14.0/commons-lang3-3.14.0.pom
2026-02-24 12:29:38,978 [Worker-94: Creating maven-archetype-quickstart] INFO  o.e.m.c.i.e.AbstractTransferListenerAdapter - Downloaded https://repo.maven.apache.org/maven2/org/apache/commons/commons-lang3/3.14.0/commons-lang3-3.14.0.pom
2026-02-24 12:29:39,128 [Worker-94: Creating maven-archetype-quickstart] INFO  o.e.m.c.i.e.AbstractTransferListenerAdapter - Downloading https://repo.maven.apache.org/maven2/org/apache/commons/commons-parent/64/commons-parent-64.pom
2026-02-24 12:29:39,139 [Worker-94: Creating maven-archetype-quickstart] INFO  o.e.m.c.i.e.AbstractTransferListenerAdapter - Downloaded https://repo.maven.apache.org/maven2/org/apache/commons/commons-parent/64/commons-parent-64.pom
2026-02-24 12:29:39,280 [Worker-94: Creating maven-archetype-quickstart] INFO  o.e.m.c.i.e.AbstractTransferListenerAdapter - Downloading https://repo.maven.apache.org/maven2/org/apache/apache/30/apache-30.pom
2026-02-24 12:29:39,288 [Worker-94: Creating maven-archetype-quickstart] INFO  o.e.m.c.i.e.AbstractTransferListenerAdapter - Downloaded https://repo.maven.apache.org/maven2/org/apache/apache/30/apache-30.pom
2026-02-24 12:29:39,464 [Worker-94: Creating maven-archetype-quickstart] INFO  o.e.m.c.i.e.AbstractTransferListenerAdapter - Downloading https://repo.maven.apache.org/maven2/org/iq80/snappy/snappy/0.4/snappy-0.4.pom
2026-02-24 12:29:39,471 [Worker-94: Creating maven-archetype-quickstart] INFO  o.e.m.c.i.e.AbstractTransferListenerAdapter - Downloaded https://repo.maven.apache.org/maven2/org/iq80/snappy/snappy/0.4/snappy-0.4.pom
2026-02-24 12:29:39,666 [Worker-94: Creating maven-archetype-quickstart] INFO  o.e.m.c.i.e.AbstractTransferListenerAdapter - Downloading https://repo.maven.apache.org/maven2/com/github/luben/zstd-jni/1.5.5-11/zstd-jni-1.5.5-11.pom
2026-02-24 12:29:39,679 [Worker-94: Creating maven-archetype-quickstart] INFO  o.e.m.c.i.e.AbstractTransferListenerAdapter - Downloaded https://repo.maven.apache.org/maven2/com/github/luben/zstd-jni/1.5.5-11/zstd-jni-1.5.5-11.pom
2026-02-24 12:29:39,823 [Worker-94: Creating maven-archetype-quickstart] INFO  o.e.m.c.i.e.AbstractTransferListenerAdapter - Downloading https://repo.maven.apache.org/maven2/org/codehaus/plexus/plexus-interpolation/1.27/plexus-interpolation-1.27.pom
2026-02-24 12:29:39,832 [Worker-94: Creating maven-archetype-quickstart] INFO  o.e.m.c.i.e.AbstractTransferListenerAdapter - Downloaded https://repo.maven.apache.org/maven2/org/codehaus/plexus/plexus-interpolation/1.27/plexus-interpolation-1.27.pom
2026-02-24 12:29:40,000 [Worker-94: Creating maven-archetype-quickstart] INFO  o.e.m.c.i.e.AbstractTransferListenerAdapter - Downloading https://repo.maven.apache.org/maven2/org/apache/maven/shared/file-management/3.1.0/file-management-3.1.0.jar
2026-02-24 12:29:40,007 [Worker-94: Creating maven-archetype-quickstart] INFO  o.e.m.c.i.e.AbstractTransferListenerAdapter - Downloaded https://repo.maven.apache.org/maven2/org/apache/maven/shared/file-management/3.1.0/file-management-3.1.0.jar
2026-02-24 12:29:40,182 [BasicRepositoryConnector-repo.maven.apache.org-1-3] INFO  o.e.m.c.i.e.AbstractTransferListenerAdapter - Downloading https://repo.maven.apache.org/maven2/org/codehaus/plexus/plexus-utils/4.0.1/plexus-utils-4.0.1.jar
2026-02-24 12:29:40,224 [BasicRepositoryConnector-repo.maven.apache.org-1-2] INFO  o.e.m.c.i.e.AbstractTransferListenerAdapter - Downloading https://repo.maven.apache.org/maven2/org/codehaus/plexus/plexus-interpolation/1.27/plexus-interpolation-1.27.jar
2026-02-24 12:29:40,225 [BasicRepositoryConnector-repo.maven.apache.org-1-1] INFO  o.e.m.c.i.e.AbstractTransferListenerAdapter - Downloading https://repo.maven.apache.org/maven2/org/apache/maven/maven-archiver/3.6.2/maven-archiver-3.6.2.jar
2026-02-24 12:29:40,226 [BasicRepositoryConnector-repo.maven.apache.org-1-4] INFO  o.e.m.c.i.e.AbstractTransferListenerAdapter - Downloading https://repo.maven.apache.org/maven2/org/codehaus/plexus/plexus-archiver/4.9.2/plexus-archiver-4.9.2.jar
2026-02-24 12:29:40,227 [BasicRepositoryConnector-repo.maven.apache.org-1-0] INFO  o.e.m.c.i.e.AbstractTransferListenerAdapter - Downloading https://repo.maven.apache.org/maven2/commons-io/commons-io/2.16.1/commons-io-2.16.1.jar
2026-02-24 12:29:40,232 [BasicRepositoryConnector-repo.maven.apache.org-1-1] INFO  o.e.m.c.i.e.AbstractTransferListenerAdapter - Downloaded https://repo.maven.apache.org/maven2/org/apache/maven/maven-archiver/3.6.2/maven-archiver-3.6.2.jar
2026-02-24 12:29:40,388 [BasicRepositoryConnector-repo.maven.apache.org-1-2] INFO  o.e.m.c.i.e.AbstractTransferListenerAdapter - Downloaded https://repo.maven.apache.org/maven2/org/codehaus/plexus/plexus-interpolation/1.27/plexus-interpolation-1.27.jar
2026-02-24 12:29:40,406 [BasicRepositoryConnector-repo.maven.apache.org-1-4] INFO  o.e.m.c.i.e.AbstractTransferListenerAdapter - Downloaded https://repo.maven.apache.org/maven2/org/codehaus/plexus/plexus-archiver/4.9.2/plexus-archiver-4.9.2.jar
2026-02-24 12:29:40,484 [BasicRepositoryConnector-repo.maven.apache.org-1-1] INFO  o.e.m.c.i.e.AbstractTransferListenerAdapter - Downloading https://repo.maven.apache.org/maven2/org/codehaus/plexus/plexus-io/3.4.2/plexus-io-3.4.2.jar
2026-02-24 12:29:40,497 [BasicRepositoryConnector-repo.maven.apache.org-1-1] INFO  o.e.m.c.i.e.AbstractTransferListenerAdapter - Downloaded https://repo.maven.apache.org/maven2/org/codehaus/plexus/plexus-io/3.4.2/plexus-io-3.4.2.jar
2026-02-24 12:29:40,567 [BasicRepositoryConnector-repo.maven.apache.org-1-2] INFO  o.e.m.c.i.e.AbstractTransferListenerAdapter - Downloading https://repo.maven.apache.org/maven2/org/apache/commons/commons-compress/1.26.1/commons-compress-1.26.1.jar
2026-02-24 12:29:40,646 [BasicRepositoryConnector-repo.maven.apache.org-1-0] INFO  o.e.m.c.i.e.AbstractTransferListenerAdapter - Downloaded https://repo.maven.apache.org/maven2/commons-io/commons-io/2.16.1/commons-io-2.16.1.jar
2026-02-24 12:29:40,649 [BasicRepositoryConnector-repo.maven.apache.org-1-4] INFO  o.e.m.c.i.e.AbstractTransferListenerAdapter - Downloading https://repo.maven.apache.org/maven2/org/apache/commons/commons-lang3/3.14.0/commons-lang3-3.14.0.jar
2026-02-24 12:29:40,660 [BasicRepositoryConnector-repo.maven.apache.org-1-3] INFO  o.e.m.c.i.e.AbstractTransferListenerAdapter - Downloaded https://repo.maven.apache.org/maven2/org/codehaus/plexus/plexus-utils/4.0.1/plexus-utils-4.0.1.jar
2026-02-24 12:29:40,733 [BasicRepositoryConnector-repo.maven.apache.org-1-1] INFO  o.e.m.c.i.e.AbstractTransferListenerAdapter - Downloading https://repo.maven.apache.org/maven2/commons-codec/commons-codec/1.16.1/commons-codec-1.16.1.jar
2026-02-24 12:29:41,017 [BasicRepositoryConnector-repo.maven.apache.org-1-0] INFO  o.e.m.c.i.e.AbstractTransferListenerAdapter - Downloading https://repo.maven.apache.org/maven2/org/iq80/snappy/snappy/0.4/snappy-0.4.jar
2026-02-24 12:29:41,030 [BasicRepositoryConnector-repo.maven.apache.org-1-3] INFO  o.e.m.c.i.e.AbstractTransferListenerAdapter - Downloading https://repo.maven.apache.org/maven2/org/tukaani/xz/1.9/xz-1.9.jar
2026-02-24 12:29:41,047 [BasicRepositoryConnector-repo.maven.apache.org-1-0] INFO  o.e.m.c.i.e.AbstractTransferListenerAdapter - Downloaded https://repo.maven.apache.org/maven2/org/iq80/snappy/snappy/0.4/snappy-0.4.jar
2026-02-24 12:29:41,221 [BasicRepositoryConnector-repo.maven.apache.org-1-4] INFO  o.e.m.c.i.e.AbstractTransferListenerAdapter - Downloaded https://repo.maven.apache.org/maven2/org/apache/commons/commons-lang3/3.14.0/commons-lang3-3.14.0.jar
2026-02-24 12:29:41,284 [BasicRepositoryConnector-repo.maven.apache.org-1-0] INFO  o.e.m.c.i.e.AbstractTransferListenerAdapter - Downloading https://repo.maven.apache.org/maven2/com/github/luben/zstd-jni/1.5.5-11/zstd-jni-1.5.5-11.jar
2026-02-24 12:29:41,291 [BasicRepositoryConnector-repo.maven.apache.org-1-3] INFO  o.e.m.c.i.e.AbstractTransferListenerAdapter - Downloaded https://repo.maven.apache.org/maven2/org/tukaani/xz/1.9/xz-1.9.jar
2026-02-24 12:29:41,757 [BasicRepositoryConnector-repo.maven.apache.org-1-1] INFO  o.e.m.c.i.e.AbstractTransferListenerAdapter - Downloaded https://repo.maven.apache.org/maven2/commons-codec/commons-codec/1.16.1/commons-codec-1.16.1.jar
2026-02-24 12:29:42,398 [BasicRepositoryConnector-repo.maven.apache.org-1-2] INFO  o.e.m.c.i.e.AbstractTransferListenerAdapter - Downloaded https://repo.maven.apache.org/maven2/org/apache/commons/commons-compress/1.26.1/commons-compress-1.26.1.jar
2026-02-24 12:29:45,450 [BasicRepositoryConnector-repo.maven.apache.org-1-0] INFO  o.e.m.c.i.e.AbstractTransferListenerAdapter - Downloaded https://repo.maven.apache.org/maven2/com/github/luben/zstd-jni/1.5.5-11/zstd-jni-1.5.5-11.jar
2026-02-24 12:29:46,027 [Worker-94: Creating maven-archetype-quickstart] INFO  o.e.m.c.i.e.AbstractTransferListenerAdapter - Downloading https://repo.maven.apache.org/maven2/org/codehaus/plexus/plexus-interpolation/1.26/plexus-interpolation-1.26.pom
2026-02-24 12:29:46,032 [Worker-94: Creating maven-archetype-quickstart] INFO  o.e.m.c.i.e.AbstractTransferListenerAdapter - Downloaded https://repo.maven.apache.org/maven2/org/codehaus/plexus/plexus-interpolation/1.26/plexus-interpolation-1.26.pom
2026-02-24 12:29:46,227 [Worker-94: Creating maven-archetype-quickstart] INFO  o.e.m.c.i.e.AbstractTransferListenerAdapter - Downloading https://repo.maven.apache.org/maven2/org/codehaus/plexus/plexus/5.1/plexus-5.1.pom
2026-02-24 12:29:46,234 [Worker-94: Creating maven-archetype-quickstart] INFO  o.e.m.c.i.e.AbstractTransferListenerAdapter - Downloaded https://repo.maven.apache.org/maven2/org/codehaus/plexus/plexus/5.1/plexus-5.1.pom
2026-02-24 12:29:46,393 [Worker-94: Creating maven-archetype-quickstart] INFO  o.e.m.c.i.e.AbstractTransferListenerAdapter - Downloading https://repo.maven.apache.org/maven2/org/codehaus/plexus/plexus-utils/3.5.1/plexus-utils-3.5.1.pom
2026-02-24 12:29:46,400 [Worker-94: Creating maven-archetype-quickstart] INFO  o.e.m.c.i.e.AbstractTransferListenerAdapter - Downloaded https://repo.maven.apache.org/maven2/org/codehaus/plexus/plexus-utils/3.5.1/plexus-utils-3.5.1.pom
2026-02-24 12:29:46,569 [Worker-94: Creating maven-archetype-quickstart] INFO  o.e.m.c.i.e.AbstractTransferListenerAdapter - Downloading https://repo.maven.apache.org/maven2/org/codehaus/plexus/plexus/10/plexus-10.pom
2026-02-24 12:29:46,578 [Worker-94: Creating maven-archetype-quickstart] INFO  o.e.m.c.i.e.AbstractTransferListenerAdapter - Downloaded https://repo.maven.apache.org/maven2/org/codehaus/plexus/plexus/10/plexus-10.pom
2026-02-24 12:29:46,749 [Worker-94: Creating maven-archetype-quickstart] INFO  o.e.m.c.i.e.AbstractTransferListenerAdapter - Downloading https://repo.maven.apache.org/maven2/org/apache/maven/shared/maven-filtering/3.3.1/maven-filtering-3.3.1.pom
2026-02-24 12:29:46,758 [Worker-94: Creating maven-archetype-quickstart] INFO  o.e.m.c.i.e.AbstractTransferListenerAdapter - Downloaded https://repo.maven.apache.org/maven2/org/apache/maven/shared/maven-filtering/3.3.1/maven-filtering-3.3.1.pom
2026-02-24 12:29:46,928 [Worker-94: Creating maven-archetype-quickstart] INFO  o.e.m.c.i.e.AbstractTransferListenerAdapter - Downloading https://repo.maven.apache.org/maven2/org/sonatype/plexus/plexus-build-api/0.0.7/plexus-build-api-0.0.7.pom
2026-02-24 12:29:46,935 [Worker-94: Creating maven-archetype-quickstart] INFO  o.e.m.c.i.e.AbstractTransferListenerAdapter - Downloaded https://repo.maven.apache.org/maven2/org/sonatype/plexus/plexus-build-api/0.0.7/plexus-build-api-0.0.7.pom
2026-02-24 12:29:47,068 [Worker-94: Creating maven-archetype-quickstart] INFO  o.e.m.c.i.e.AbstractTransferListenerAdapter - Downloading https://repo.maven.apache.org/maven2/org/sonatype/spice/spice-parent/15/spice-parent-15.pom
2026-02-24 12:29:47,076 [Worker-94: Creating maven-archetype-quickstart] INFO  o.e.m.c.i.e.AbstractTransferListenerAdapter - Downloaded https://repo.maven.apache.org/maven2/org/sonatype/spice/spice-parent/15/spice-parent-15.pom
2026-02-24 12:29:47,140 [Worker-99: Download sources and javadoc] INFO  o.e.m.c.i.e.AbstractTransferListenerAdapter - Downloading https://repo.maven.apache.org/maven2/junit/junit/3.8.1/junit-3.8.1-sources.jar
2026-02-24 12:29:47,202 [Worker-99: Download sources and javadoc] INFO  o.e.m.c.i.e.AbstractTransferListenerAdapter - Downloaded https://repo.maven.apache.org/maven2/junit/junit/3.8.1/junit-3.8.1-sources.jar
2026-02-24 12:29:47,209 [Worker-99: Download sources and javadoc] INFO  o.e.m.j.internal.DownloadSourcesJob - Downloaded sources for junit:junit:3.8.1
2026-02-24 12:29:47,287 [Worker-94: Creating maven-archetype-quickstart] INFO  o.e.m.c.i.e.AbstractTransferListenerAdapter - Downloading https://repo.maven.apache.org/maven2/org/sonatype/forge/forge-parent/5/forge-parent-5.pom
2026-02-24 12:29:47,294 [Worker-94: Creating maven-archetype-quickstart] INFO  o.e.m.c.i.e.AbstractTransferListenerAdapter - Downloaded https://repo.maven.apache.org/maven2/org/sonatype/forge/forge-parent/5/forge-parent-5.pom
2026-02-24 12:29:47,422 [Worker-94: Creating maven-archetype-quickstart] INFO  o.e.m.c.i.e.AbstractTransferListenerAdapter - Downloading https://repo.maven.apache.org/maven2/org/codehaus/plexus/plexus-utils/3.5.0/plexus-utils-3.5.0.pom
2026-02-24 12:29:47,427 [Worker-94: Creating maven-archetype-quickstart] INFO  o.e.m.c.i.e.AbstractTransferListenerAdapter - Downloaded https://repo.maven.apache.org/maven2/org/codehaus/plexus/plexus-utils/3.5.0/plexus-utils-3.5.0.pom
2026-02-24 12:29:47,591 [Worker-94: Creating maven-archetype-quickstart] INFO  o.e.m.c.i.e.AbstractTransferListenerAdapter - Downloading https://repo.maven.apache.org/maven2/org/apache/commons/commons-lang3/3.12.0/commons-lang3-3.12.0.pom
2026-02-24 12:29:47,597 [Worker-94: Creating maven-archetype-quickstart] INFO  o.e.m.c.i.e.AbstractTransferListenerAdapter - Downloaded https://repo.maven.apache.org/maven2/org/apache/commons/commons-lang3/3.12.0/commons-lang3-3.12.0.pom
2026-02-24 12:29:47,737 [Worker-94: Creating maven-archetype-quickstart] INFO  o.e.m.c.i.e.AbstractTransferListenerAdapter - Downloading https://repo.maven.apache.org/maven2/org/junit/junit-bom/5.7.1/junit-bom-5.7.1.pom
2026-02-24 12:29:47,745 [Worker-94: Creating maven-archetype-quickstart] INFO  o.e.m.c.i.e.AbstractTransferListenerAdapter - Downloaded https://repo.maven.apache.org/maven2/org/junit/junit-bom/5.7.1/junit-bom-5.7.1.pom
2026-02-24 12:29:47,932 [Worker-94: Creating maven-archetype-quickstart] INFO  o.e.m.c.i.e.AbstractTransferListenerAdapter - Downloading https://repo.maven.apache.org/maven2/org/codehaus/plexus/plexus-interpolation/1.26/plexus-interpolation-1.26.jar
2026-02-24 12:29:47,942 [Worker-94: Creating maven-archetype-quickstart] INFO  o.e.m.c.i.e.AbstractTransferListenerAdapter - Downloaded https://repo.maven.apache.org/maven2/org/codehaus/plexus/plexus-interpolation/1.26/plexus-interpolation-1.26.jar
2026-02-24 12:29:48,117 [BasicRepositoryConnector-repo.maven.apache.org-2-3] INFO  o.e.m.c.i.e.AbstractTransferListenerAdapter - Downloading https://repo.maven.apache.org/maven2/org/apache/commons/commons-lang3/3.12.0/commons-lang3-3.12.0.jar
2026-02-24 12:29:48,126 [BasicRepositoryConnector-repo.maven.apache.org-2-0] INFO  o.e.m.c.i.e.AbstractTransferListenerAdapter - Downloading https://repo.maven.apache.org/maven2/org/codehaus/plexus/plexus-utils/3.5.1/plexus-utils-3.5.1.jar
2026-02-24 12:29:48,130 [BasicRepositoryConnector-repo.maven.apache.org-2-1] INFO  o.e.m.c.i.e.AbstractTransferListenerAdapter - Downloading https://repo.maven.apache.org/maven2/org/apache/maven/shared/maven-filtering/3.3.1/maven-filtering-3.3.1.jar
2026-02-24 12:29:48,130 [BasicRepositoryConnector-repo.maven.apache.org-2-2] INFO  o.e.m.c.i.e.AbstractTransferListenerAdapter - Downloading https://repo.maven.apache.org/maven2/org/sonatype/plexus/plexus-build-api/0.0.7/plexus-build-api-0.0.7.jar
2026-02-24 12:29:48,135 [BasicRepositoryConnector-repo.maven.apache.org-2-2] INFO  o.e.m.c.i.e.AbstractTransferListenerAdapter - Downloaded https://repo.maven.apache.org/maven2/org/sonatype/plexus/plexus-build-api/0.0.7/plexus-build-api-0.0.7.jar
2026-02-24 12:29:48,254 [BasicRepositoryConnector-repo.maven.apache.org-2-1] INFO  o.e.m.c.i.e.AbstractTransferListenerAdapter - Downloaded https://repo.maven.apache.org/maven2/org/apache/maven/shared/maven-filtering/3.3.1/maven-filtering-3.3.1.jar
2026-02-24 12:29:48,325 [BasicRepositoryConnector-repo.maven.apache.org-2-0] INFO  o.e.m.c.i.e.AbstractTransferListenerAdapter - Downloaded https://repo.maven.apache.org/maven2/org/codehaus/plexus/plexus-utils/3.5.1/plexus-utils-3.5.1.jar
2026-02-24 12:29:48,737 [BasicRepositoryConnector-repo.maven.apache.org-2-3] INFO  o.e.m.c.i.e.AbstractTransferListenerAdapter - Downloaded https://repo.maven.apache.org/maven2/org/apache/commons/commons-lang3/3.12.0/commons-lang3-3.12.0.jar
2026-02-24 12:29:48,809 [Worker-94: Creating maven-archetype-quickstart] INFO  o.e.m.j.i.AbstractJavaProjectConfigurator - Adding source folder /first_Maven_Project/src/main/java
2026-02-24 12:29:48,811 [Worker-94: Creating maven-archetype-quickstart] INFO  o.e.m.j.i.AbstractJavaProjectConfigurator - Adding resource folder /first_Maven_Project/src/main/resources
2026-02-24 12:29:48,815 [Worker-94: Creating maven-archetype-quickstart] INFO  o.e.m.j.i.AbstractJavaProjectConfigurator - Adding source folder /first_Maven_Project/src/test/java
2026-02-24 12:29:48,817 [Worker-94: Creating maven-archetype-quickstart] INFO  o.e.m.j.i.AbstractJavaProjectConfigurator - Adding resource folder /first_Maven_Project/src/test/resources
2026-02-24 12:29:48,903 [Worker-94: Creating maven-archetype-quickstart] WARN  o.apache.maven.project.MavenProject - Direct modification of compileSourceRoots through clear() is deprecated and will not work in Maven 4.0.0. Please use the add/remove methods instead. If you're using a plugin that causes this warning, please upgrade to the latest version and report an issue if the warning persists. To disable these warnings, set -Dmaven.project.sourceRoots.warningsDisabled=true on the command line, in the .mvn/maven.config file, or in project POM properties.
2026-02-24 12:29:48,904 [Worker-94: Creating maven-archetype-quickstart] WARN  o.apache.maven.project.MavenProject - Direct modification of compileSourceRoots through add() is deprecated and will not work in Maven 4.0.0. Please use the add/remove methods instead. If you're using a plugin that causes this warning, please upgrade to the latest version and report an issue if the warning persists. To disable these warnings, set -Dmaven.project.sourceRoots.warningsDisabled=true on the command line, in the .mvn/maven.config file, or in project POM properties.
2026-02-24 12:29:48,904 [Worker-94: Creating maven-archetype-quickstart] WARN  o.apache.maven.project.MavenProject - Direct modification of testCompileSourceRoots through clear() is deprecated and will not work in Maven 4.0.0. Please use the add/remove methods instead. If you're using a plugin that causes this warning, please upgrade to the latest version and report an issue if the warning persists. To disable these warnings, set -Dmaven.project.sourceRoots.warningsDisabled=true on the command line, in the .mvn/maven.config file, or in project POM properties.
2026-02-24 12:29:48,905 [Worker-94: Creating maven-archetype-quickstart] WARN  o.apache.maven.project.MavenProject - Direct modification of testCompileSourceRoots through add() is deprecated and will not work in Maven 4.0.0. Please use the add/remove methods instead. If you're using a plugin that causes this warning, please upgrade to the latest version and report an issue if the warning persists. To disable these warnings, set -Dmaven.project.sourceRoots.warningsDisabled=true on the command line, in the .mvn/maven.config file, or in project POM properties.
2026-02-24 12:29:48,923 [Worker-94: Creating maven-archetype-quickstart] INFO  o.e.m.c.i.p.ProjectConfigurationManager - Imported and configured 1 project(s) in 21 sec
2026-02-24 12:29:56,812 [Worker-100: Building] INFO  o.e.m.c.i.l.LifecycleMappingFactory - Using org.eclipse.m2e.jdt.JarLifecycleMapping lifecycle mapping for MavenProject: com:first_Maven_Project:0.0.1-SNAPSHOT @ C:\Users\sahil\Desktop\Training(CapG)\first_Maven_Project\pom.xml.
2026-02-24 12:29:57,253 [Worker-100: Building] INFO  o.a.m.s.f.DefaultMavenResourcesFiltering - skip non existing resourceDirectory C:\Users\sahil\Desktop\Training(CapG)\first_Maven_Project\src\main\resources
2026-02-24 12:29:57,259 [Worker-100: Building] INFO  o.a.m.s.f.DefaultMavenResourcesFiltering - skip non existing resourceDirectory C:\Users\sahil\Desktop\Training(CapG)\first_Maven_Project\src\test\resources
2026-02-24 12:29:57,272 [Worker-100: Building] WARN  o.apache.maven.project.MavenProject - Direct modification of compileSourceRoots through clear() is deprecated and will not work in Maven 4.0.0. Please use the add/remove methods instead. If you're using a plugin that causes this warning, please upgrade to the latest version and report an issue if the warning persists. To disable these warnings, set -Dmaven.project.sourceRoots.warningsDisabled=true on the command line, in the .mvn/maven.config file, or in project POM properties.
2026-02-24 12:29:57,272 [Worker-100: Building] WARN  o.apache.maven.project.MavenProject - Direct modification of compileSourceRoots through add() is deprecated and will not work in Maven 4.0.0. Please use the add/remove methods instead. If you're using a plugin that causes this warning, please upgrade to the latest version and report an issue if the warning persists. To disable these warnings, set -Dmaven.project.sourceRoots.warningsDisabled=true on the command line, in the .mvn/maven.config file, or in project POM properties.
2026-02-24 12:29:57,273 [Worker-100: Building] WARN  o.apache.maven.project.MavenProject - Direct modification of testCompileSourceRoots through clear() is deprecated and will not work in Maven 4.0.0. Please use the add/remove methods instead. If you're using a plugin that causes this warning, please upgrade to the latest version and report an issue if the warning persists. To disable these warnings, set -Dmaven.project.sourceRoots.warningsDisabled=true on the command line, in the .mvn/maven.config file, or in project POM properties.
2026-02-24 12:29:57,273 [Worker-100: Building] WARN  o.apache.maven.project.MavenProject - Direct modification of testCompileSourceRoots through add() is deprecated and will not work in Maven 4.0.0. Please use the add/remove methods instead. If you're using a plugin that causes this warning, please upgrade to the latest version and report an issue if the warning persists. To disable these warnings, set -Dmaven.project.sourceRoots.warningsDisabled=true on the command line, in the .mvn/maven.config file, or in project POM properties.
2026-02-24 12:29:57,718 [Worker-100: Building] INFO  o.a.m.s.f.DefaultMavenResourcesFiltering - skip non existing resourceDirectory C:\Users\sahil\Desktop\Training(CapG)\First_Maven_Project\src\main\resources
2026-02-24 12:29:57,723 [Worker-100: Building] INFO  o.a.m.s.f.DefaultMavenResourcesFiltering - skip non existing resourceDirectory C:\Users\sahil\Desktop\Training(CapG)\First_Maven_Project\src\test\resources
2026-02-24 12:29:58,183 [Worker-100: Building] WARN  o.apache.maven.project.MavenProject - Direct modification of compileSourceRoots through clear() is deprecated and will not work in Maven 4.0.0. Please use the add/remove methods instead. If you're using a plugin that causes this warning, please upgrade to the latest version and report an issue if the warning persists. To disable these warnings, set -Dmaven.project.sourceRoots.warningsDisabled=true on the command line, in the .mvn/maven.config file, or in project POM properties.
2026-02-24 12:29:58,185 [Worker-100: Building] WARN  o.apache.maven.project.MavenProject - Direct modification of compileSourceRoots through add() is deprecated and will not work in Maven 4.0.0. Please use the add/remove methods instead. If you're using a plugin that causes this warning, please upgrade to the latest version and report an issue if the warning persists. To disable these warnings, set -Dmaven.project.sourceRoots.warningsDisabled=true on the command line, in the .mvn/maven.config file, or in project POM properties.
2026-02-24 12:29:58,185 [Worker-100: Building] WARN  o.apache.maven.project.MavenProject - Direct modification of testCompileSourceRoots through clear() is deprecated and will not work in Maven 4.0.0. Please use the add/remove methods instead. If you're using a plugin that causes this warning, please upgrade to the latest version and report an issue if the warning persists. To disable these warnings, set -Dmaven.project.sourceRoots.warningsDisabled=true on the command line, in the .mvn/maven.config file, or in project POM properties.
2026-02-24 12:29:58,186 [Worker-100: Building] WARN  o.apache.maven.project.MavenProject - Direct modification of testCompileSourceRoots through add() is deprecated and will not work in Maven 4.0.0. Please use the add/remove methods instead. If you're using a plugin that causes this warning, please upgrade to the latest version and report an issue if the warning persists. To disable these warnings, set -Dmaven.project.sourceRoots.warningsDisabled=true on the command line, in the .mvn/maven.config file, or in project POM properties.
2026-02-24 15:12:52,653 [Worker-7: Loading available Gradle versions] INFO  o.e.b.c.i.u.g.PublishedGradleVersions - Gradle version information cache is up-to-date. Trying to read.
2026-02-24 15:13:01,170 [Worker-1: Building] WARN  o.apache.maven.project.MavenProject - Direct modification of compileSourceRoots through clear() is deprecated and will not work in Maven 4.0.0. Please use the add/remove methods instead. If you're using a plugin that causes this warning, please upgrade to the latest version and report an issue if the warning persists. To disable these warnings, set -Dmaven.project.sourceRoots.warningsDisabled=true on the command line, in the .mvn/maven.config file, or in project POM properties.
2026-02-24 15:13:01,173 [Worker-1: Building] WARN  o.apache.maven.project.MavenProject - Direct modification of compileSourceRoots through add() is deprecated and will not work in Maven 4.0.0. Please use the add/remove methods instead. If you're using a plugin that causes this warning, please upgrade to the latest version and report an issue if the warning persists. To disable these warnings, set -Dmaven.project.sourceRoots.warningsDisabled=true on the command line, in the .mvn/maven.config file, or in project POM properties.
2026-02-24 15:13:01,175 [Worker-1: Building] WARN  o.apache.maven.project.MavenProject - Direct modification of testCompileSourceRoots through clear() is deprecated and will not work in Maven 4.0.0. Please use the add/remove methods instead. If you're using a plugin that causes this warning, please upgrade to the latest version and report an issue if the warning persists. To disable these warnings, set -Dmaven.project.sourceRoots.warningsDisabled=true on the command line, in the .mvn/maven.config file, or in project POM properties.
2026-02-24 15:13:01,178 [Worker-1: Building] WARN  o.apache.maven.project.MavenProject - Direct modification of testCompileSourceRoots through add() is deprecated and will not work in Maven 4.0.0. Please use the add/remove methods instead. If you're using a plugin that causes this warning, please upgrade to the latest version and report an issue if the warning persists. To disable these warnings, set -Dmaven.project.sourceRoots.warningsDisabled=true on the command line, in the .mvn/maven.config file, or in project POM properties.
2026-02-24 15:26:35,806 [Worker-25: Building] INFO  o.e.m.c.i.l.LifecycleMappingFactory - Using org.eclipse.m2e.jdt.JarLifecycleMapping lifecycle mapping for MavenProject: com:first_Maven_Project:0.0.1-SNAPSHOT @ C:\Users\sahil\Desktop\Training(CapG)\First_Maven_Project\pom.xml.
2026-02-24 15:26:37,021 [Worker-25: Building] INFO  o.e.m.c.i.e.AbstractTransferListenerAdapter - Downloading https://repo.maven.apache.org/maven2/com/mysql/mysql-connector-j/8.2.0/mysql-connector-j-8.2.0.pom
2026-02-24 15:26:37,067 [Worker-25: Building] INFO  o.e.m.c.i.e.AbstractTransferListenerAdapter - Downloaded https://repo.maven.apache.org/maven2/com/mysql/mysql-connector-j/8.2.0/mysql-connector-j-8.2.0.pom
2026-02-24 15:26:37,325 [Worker-25: Building] INFO  o.e.m.c.i.e.AbstractTransferListenerAdapter - Downloading https://repo.maven.apache.org/maven2/com/google/protobuf/protobuf-java/3.21.9/protobuf-java-3.21.9.pom
2026-02-24 15:26:37,340 [Worker-25: Building] INFO  o.e.m.c.i.e.AbstractTransferListenerAdapter - Downloaded https://repo.maven.apache.org/maven2/com/google/protobuf/protobuf-java/3.21.9/protobuf-java-3.21.9.pom
2026-02-24 15:26:37,606 [Worker-25: Building] INFO  o.e.m.c.i.e.AbstractTransferListenerAdapter - Downloading https://repo.maven.apache.org/maven2/com/google/protobuf/protobuf-parent/3.21.9/protobuf-parent-3.21.9.pom
2026-02-24 15:26:37,624 [Worker-25: Building] INFO  o.e.m.c.i.e.AbstractTransferListenerAdapter - Downloaded https://repo.maven.apache.org/maven2/com/google/protobuf/protobuf-parent/3.21.9/protobuf-parent-3.21.9.pom
2026-02-24 15:26:37,871 [Worker-25: Building] INFO  o.e.m.c.i.e.AbstractTransferListenerAdapter - Downloading https://repo.maven.apache.org/maven2/com/google/protobuf/protobuf-bom/3.21.9/protobuf-bom-3.21.9.pom
2026-02-24 15:26:37,887 [Worker-25: Building] INFO  o.e.m.c.i.e.AbstractTransferListenerAdapter - Downloaded https://repo.maven.apache.org/maven2/com/google/protobuf/protobuf-bom/3.21.9/protobuf-bom-3.21.9.pom
2026-02-24 15:26:38,142 [Worker-25: Building] INFO  o.e.m.c.i.e.AbstractTransferListenerAdapter - Downloading https://repo.maven.apache.org/maven2/com/mysql/mysql-connector-j/8.2.0/mysql-connector-j-8.2.0.jar
2026-02-24 15:26:46,823 [Worker-25: Building] INFO  o.e.m.c.i.e.AbstractTransferListenerAdapter - Downloaded https://repo.maven.apache.org/maven2/com/mysql/mysql-connector-j/8.2.0/mysql-connector-j-8.2.0.jar
2026-02-24 15:26:47,046 [BasicRepositoryConnector-repo.maven.apache.org-0-0] INFO  o.e.m.c.i.e.AbstractTransferListenerAdapter - Downloading https://repo.maven.apache.org/maven2/com/google/protobuf/protobuf-java/3.21.9/protobuf-java-3.21.9.jar
2026-02-24 15:26:51,060 [BasicRepositoryConnector-repo.maven.apache.org-0-0] INFO  o.e.m.c.i.e.AbstractTransferListenerAdapter - Downloaded https://repo.maven.apache.org/maven2/com/google/protobuf/protobuf-java/3.21.9/protobuf-java-3.21.9.jar
2026-02-24 15:26:52,167 [Worker-25: Building] INFO  o.a.m.s.f.DefaultMavenResourcesFiltering - skip non existing resourceDirectory C:\Users\sahil\Desktop\Training(CapG)\First_Maven_Project\src\main\resources
2026-02-24 15:26:52,174 [Worker-25: Building] INFO  o.a.m.s.f.DefaultMavenResourcesFiltering - skip non existing resourceDirectory C:\Users\sahil\Desktop\Training(CapG)\First_Maven_Project\src\test\resources
2026-02-24 15:26:52,196 [Worker-25: Building] WARN  o.apache.maven.project.MavenProject - Direct modification of compileSourceRoots through clear() is deprecated and will not work in Maven 4.0.0. Please use the add/remove methods instead. If you're using a plugin that causes this warning, please upgrade to the latest version and report an issue if the warning persists. To disable these warnings, set -Dmaven.project.sourceRoots.warningsDisabled=true on the command line, in the .mvn/maven.config file, or in project POM properties.
2026-02-24 15:26:52,200 [Worker-25: Building] WARN  o.apache.maven.project.MavenProject - Direct modification of compileSourceRoots through add() is deprecated and will not work in Maven 4.0.0. Please use the add/remove methods instead. If you're using a plugin that causes this warning, please upgrade to the latest version and report an issue if the warning persists. To disable these warnings, set -Dmaven.project.sourceRoots.warningsDisabled=true on the command line, in the .mvn/maven.config file, or in project POM properties.
2026-02-24 15:26:52,202 [Worker-25: Building] WARN  o.apache.maven.project.MavenProject - Direct modification of testCompileSourceRoots through clear() is deprecated and will not work in Maven 4.0.0. Please use the add/remove methods instead. If you're using a plugin that causes this warning, please upgrade to the latest version and report an issue if the warning persists. To disable these warnings, set -Dmaven.project.sourceRoots.warningsDisabled=true on the command line, in the .mvn/maven.config file, or in project POM properties.
2026-02-24 15:26:52,203 [Worker-25: Building] WARN  o.apache.maven.project.MavenProject - Direct modification of testCompileSourceRoots through add() is deprecated and will not work in Maven 4.0.0. Please use the add/remove methods instead. If you're using a plugin that causes this warning, please upgrade to the latest version and report an issue if the warning persists. To disable these warnings, set -Dmaven.project.sourceRoots.warningsDisabled=true on the command line, in the .mvn/maven.config file, or in project POM properties.
2026-02-24 15:26:52,769 [Worker-1: Building] INFO  o.a.m.s.f.DefaultMavenResourcesFiltering - skip non existing resourceDirectory C:\Users\sahil\Desktop\Training(CapG)\First_Maven_Project\src\main\resources
2026-02-24 15:26:52,781 [Worker-1: Building] INFO  o.a.m.s.f.DefaultMavenResourcesFiltering - skip non existing resourceDirectory C:\Users\sahil\Desktop\Training(CapG)\First_Maven_Project\src\test\resources
2026-02-24 15:26:52,818 [Worker-1: Building] WARN  o.apache.maven.project.MavenProject - Direct modification of compileSourceRoots through clear() is deprecated and will not work in Maven 4.0.0. Please use the add/remove methods instead. If you're using a plugin that causes this warning, please upgrade to the latest version and report an issue if the warning persists. To disable these warnings, set -Dmaven.project.sourceRoots.warningsDisabled=true on the command line, in the .mvn/maven.config file, or in project POM properties.
2026-02-24 15:26:52,820 [Worker-1: Building] WARN  o.apache.maven.project.MavenProject - Direct modification of compileSourceRoots through add() is deprecated and will not work in Maven 4.0.0. Please use the add/remove methods instead. If you're using a plugin that causes this warning, please upgrade to the latest version and report an issue if the warning persists. To disable these warnings, set -Dmaven.project.sourceRoots.warningsDisabled=true on the command line, in the .mvn/maven.config file, or in project POM properties.
2026-02-24 15:26:52,823 [Worker-1: Building] WARN  o.apache.maven.project.MavenProject - Direct modification of testCompileSourceRoots through clear() is deprecated and will not work in Maven 4.0.0. Please use the add/remove methods instead. If you're using a plugin that causes this warning, please upgrade to the latest version and report an issue if the warning persists. To disable these warnings, set -Dmaven.project.sourceRoots.warningsDisabled=true on the command line, in the .mvn/maven.config file, or in project POM properties.
2026-02-24 15:26:52,825 [Worker-1: Building] WARN  o.apache.maven.project.MavenProject - Direct modification of testCompileSourceRoots through add() is deprecated and will not work in Maven 4.0.0. Please use the add/remove methods instead. If you're using a plugin that causes this warning, please upgrade to the latest version and report an issue if the warning persists. To disable these warnings, set -Dmaven.project.sourceRoots.warningsDisabled=true on the command line, in the .mvn/maven.config file, or in project POM properties.
2026-02-24 15:26:53,573 [Worker-1: Download sources and javadoc] INFO  o.e.m.c.i.e.AbstractTransferListenerAdapter - Downloading https://repo.maven.apache.org/maven2/com/mysql/mysql-connector-j/8.2.0/mysql-connector-j-8.2.0-sources.jar
2026-02-24 15:26:58,686 [Worker-1: Download sources and javadoc] INFO  o.e.m.c.i.e.AbstractTransferListenerAdapter - Downloaded https://repo.maven.apache.org/maven2/com/mysql/mysql-connector-j/8.2.0/mysql-connector-j-8.2.0-sources.jar
2026-02-24 15:26:58,698 [Worker-1: Download sources and javadoc] INFO  o.e.m.j.internal.DownloadSourcesJob - Downloaded sources for com.mysql:mysql-connector-j:8.2.0
2026-02-24 15:26:59,219 [Worker-1: Download sources and javadoc] INFO  o.e.m.c.i.e.AbstractTransferListenerAdapter - Downloading https://repo.maven.apache.org/maven2/com/google/protobuf/protobuf-java/3.21.9/protobuf-java-3.21.9-sources.jar
2026-02-24 15:27:07,047 [Worker-1: Download sources and javadoc] INFO  o.e.m.c.i.e.AbstractTransferListenerAdapter - Downloaded https://repo.maven.apache.org/maven2/com/google/protobuf/protobuf-java/3.21.9/protobuf-java-3.21.9-sources.jar
2026-02-24 15:27:07,057 [Worker-1: Download sources and javadoc] INFO  o.e.m.j.internal.DownloadSourcesJob - Downloaded sources for com.google.protobuf:protobuf-java:3.21.9
2026-02-24 15:29:13,358 [Worker-30: Building] INFO  o.e.m.c.i.l.LifecycleMappingFactory - Using org.eclipse.m2e.jdt.JarLifecycleMapping lifecycle mapping for MavenProject: com:first_Maven_Project:0.0.1-SNAPSHOT @ C:\Users\sahil\Desktop\Training(CapG)\First_Maven_Project\pom.xml.
2026-02-24 15:29:14,181 [Worker-30: Building] INFO  o.e.m.c.i.e.AbstractTransferListenerAdapter - Downloading https://repo.maven.apache.org/maven2/io/micrometer/micrometer-observation/1.14.8/micrometer-observation-1.14.8.pom
2026-02-24 15:29:14,196 [Worker-30: Building] INFO  o.e.m.c.i.e.AbstractTransferListenerAdapter - Downloaded https://repo.maven.apache.org/maven2/io/micrometer/micrometer-observation/1.14.8/micrometer-observation-1.14.8.pom
2026-02-24 15:29:14,511 [Worker-30: Building] INFO  o.e.m.c.i.e.AbstractTransferListenerAdapter - Downloading https://repo.maven.apache.org/maven2/io/micrometer/micrometer-commons/1.14.8/micrometer-commons-1.14.8.pom
2026-02-24 15:29:14,524 [Worker-30: Building] INFO  o.e.m.c.i.e.AbstractTransferListenerAdapter - Downloaded https://repo.maven.apache.org/maven2/io/micrometer/micrometer-commons/1.14.8/micrometer-commons-1.14.8.pom
2026-02-24 15:29:14,787 [Worker-30: Building] INFO  o.e.m.c.i.e.AbstractTransferListenerAdapter - Downloading https://repo.maven.apache.org/maven2/io/micrometer/micrometer-observation/1.14.8/micrometer-observation-1.14.8.jar
2026-02-24 15:29:15,364 [Worker-30: Building] INFO  o.e.m.c.i.e.AbstractTransferListenerAdapter - Downloaded https://repo.maven.apache.org/maven2/io/micrometer/micrometer-observation/1.14.8/micrometer-observation-1.14.8.jar
2026-02-24 15:29:15,608 [BasicRepositoryConnector-repo.maven.apache.org-1-0] INFO  o.e.m.c.i.e.AbstractTransferListenerAdapter - Downloading https://repo.maven.apache.org/maven2/io/micrometer/micrometer-commons/1.14.8/micrometer-commons-1.14.8.jar
2026-02-24 15:29:16,572 [BasicRepositoryConnector-repo.maven.apache.org-1-0] INFO  o.e.m.c.i.e.AbstractTransferListenerAdapter - Downloaded https://repo.maven.apache.org/maven2/io/micrometer/micrometer-commons/1.14.8/micrometer-commons-1.14.8.jar
2026-02-24 15:29:16,842 [Worker-30: Building] INFO  o.a.m.s.f.DefaultMavenResourcesFiltering - skip non existing resourceDirectory C:\Users\sahil\Desktop\Training(CapG)\First_Maven_Project\src\main\resources
2026-02-24 15:29:16,848 [Worker-30: Building] INFO  o.a.m.s.f.DefaultMavenResourcesFiltering - skip non existing resourceDirectory C:\Users\sahil\Desktop\Training(CapG)\First_Maven_Project\src\test\resources
2026-02-24 15:29:17,523 [Worker-30: Building] WARN  o.apache.maven.project.MavenProject - Direct modification of compileSourceRoots through clear() is deprecated and will not work in Maven 4.0.0. Please use the add/remove methods instead. If you're using a plugin that causes this warning, please upgrade to the latest version and report an issue if the warning persists. To disable these warnings, set -Dmaven.project.sourceRoots.warningsDisabled=true on the command line, in the .mvn/maven.config file, or in project POM properties.
2026-02-24 15:29:17,525 [Worker-30: Building] WARN  o.apache.maven.project.MavenProject - Direct modification of compileSourceRoots through add() is deprecated and will not work in Maven 4.0.0. Please use the add/remove methods instead. If you're using a plugin that causes this warning, please upgrade to the latest version and report an issue if the warning persists. To disable these warnings, set -Dmaven.project.sourceRoots.warningsDisabled=true on the command line, in the .mvn/maven.config file, or in project POM properties.
2026-02-24 15:29:17,527 [Worker-30: Building] WARN  o.apache.maven.project.MavenProject - Direct modification of testCompileSourceRoots through clear() is deprecated and will not work in Maven 4.0.0. Please use the add/remove methods instead. If you're using a plugin that causes this warning, please upgrade to the latest version and report an issue if the warning persists. To disable these warnings, set -Dmaven.project.sourceRoots.warningsDisabled=true on the command line, in the .mvn/maven.config file, or in project POM properties.
2026-02-24 15:29:17,528 [Worker-30: Building] WARN  o.apache.maven.project.MavenProject - Direct modification of testCompileSourceRoots through add() is deprecated and will not work in Maven 4.0.0. Please use the add/remove methods instead. If you're using a plugin that causes this warning, please upgrade to the latest version and report an issue if the warning persists. To disable these warnings, set -Dmaven.project.sourceRoots.warningsDisabled=true on the command line, in the .mvn/maven.config file, or in project POM properties.
2026-02-24 15:29:18,014 [Worker-25: Building] INFO  o.a.m.s.f.DefaultMavenResourcesFiltering - skip non existing resourceDirectory C:\Users\sahil\Desktop\Training(CapG)\First_Maven_Project\src\main\resources
2026-02-24 15:29:18,019 [Worker-25: Building] INFO  o.a.m.s.f.DefaultMavenResourcesFiltering - skip non existing resourceDirectory C:\Users\sahil\Desktop\Training(CapG)\First_Maven_Project\src\test\resources
2026-02-24 15:29:18,046 [Worker-25: Building] WARN  o.apache.maven.project.MavenProject - Direct modification of compileSourceRoots through clear() is deprecated and will not work in Maven 4.0.0. Please use the add/remove methods instead. If you're using a plugin that causes this warning, please upgrade to the latest version and report an issue if the warning persists. To disable these warnings, set -Dmaven.project.sourceRoots.warningsDisabled=true on the command line, in the .mvn/maven.config file, or in project POM properties.
2026-02-24 15:29:18,048 [Worker-25: Building] WARN  o.apache.maven.project.MavenProject - Direct modification of compileSourceRoots through add() is deprecated and will not work in Maven 4.0.0. Please use the add/remove methods instead. If you're using a plugin that causes this warning, please upgrade to the latest version and report an issue if the warning persists. To disable these warnings, set -Dmaven.project.sourceRoots.warningsDisabled=true on the command line, in the .mvn/maven.config file, or in project POM properties.
2026-02-24 15:29:18,049 [Worker-25: Building] WARN  o.apache.maven.project.MavenProject - Direct modification of testCompileSourceRoots through clear() is deprecated and will not work in Maven 4.0.0. Please use the add/remove methods instead. If you're using a plugin that causes this warning, please upgrade to the latest version and report an issue if the warning persists. To disable these warnings, set -Dmaven.project.sourceRoots.warningsDisabled=true on the command line, in the .mvn/maven.config file, or in project POM properties.
2026-02-24 15:29:18,051 [Worker-25: Building] WARN  o.apache.maven.project.MavenProject - Direct modification of testCompileSourceRoots through add() is deprecated and will not work in Maven 4.0.0. Please use the add/remove methods instead. If you're using a plugin that causes this warning, please upgrade to the latest version and report an issue if the warning persists. To disable these warnings, set -Dmaven.project.sourceRoots.warningsDisabled=true on the command line, in the .mvn/maven.config file, or in project POM properties.
2026-02-24 15:29:18,289 [Worker-29: Download sources and javadoc] INFO  o.e.m.c.i.e.AbstractTransferListenerAdapter - Downloading https://repo.maven.apache.org/maven2/org/springframework/spring-context/6.2.8/spring-context-6.2.8-sources.jar
2026-02-24 15:29:20,613 [Worker-29: Download sources and javadoc] INFO  o.e.m.c.i.e.AbstractTransferListenerAdapter - Downloaded https://repo.maven.apache.org/maven2/org/springframework/spring-context/6.2.8/spring-context-6.2.8-sources.jar
2026-02-24 15:29:20,625 [Worker-29: Download sources and javadoc] INFO  o.e.m.j.internal.DownloadSourcesJob - Downloaded sources for org.springframework:spring-context:6.2.8
2026-02-24 15:29:21,861 [Worker-29: Download sources and javadoc] INFO  o.e.m.c.i.e.AbstractTransferListenerAdapter - Downloading https://repo.maven.apache.org/maven2/org/springframework/spring-aop/6.2.8/spring-aop-6.2.8-sources.jar
2026-02-24 15:29:24,560 [Worker-29: Download sources and javadoc] INFO  o.e.m.c.i.e.AbstractTransferListenerAdapter - Downloaded https://repo.maven.apache.org/maven2/org/springframework/spring-aop/6.2.8/spring-aop-6.2.8-sources.jar
2026-02-24 15:29:24,568 [Worker-29: Download sources and javadoc] INFO  o.e.m.j.internal.DownloadSourcesJob - Downloaded sources for org.springframework:spring-aop:6.2.8
2026-02-24 15:29:25,113 [Worker-29: Download sources and javadoc] INFO  o.e.m.c.i.e.AbstractTransferListenerAdapter - Downloading https://repo.maven.apache.org/maven2/org/springframework/spring-beans/6.2.8/spring-beans-6.2.8-sources.jar
2026-02-24 15:29:28,528 [Worker-29: Download sources and javadoc] INFO  o.e.m.c.i.e.AbstractTransferListenerAdapter - Downloaded https://repo.maven.apache.org/maven2/org/springframework/spring-beans/6.2.8/spring-beans-6.2.8-sources.jar
2026-02-24 15:29:28,534 [Worker-29: Download sources and javadoc] INFO  o.e.m.j.internal.DownloadSourcesJob - Downloaded sources for org.springframework:spring-beans:6.2.8
2026-02-24 15:29:30,289 [Worker-29: Download sources and javadoc] INFO  o.e.m.c.i.e.AbstractTransferListenerAdapter - Downloading https://repo.maven.apache.org/maven2/org/springframework/spring-core/6.2.8/spring-core-6.2.8-sources.jar
2026-02-24 15:29:33,450 [Worker-29: Download sources and javadoc] INFO  o.e.m.c.i.e.AbstractTransferListenerAdapter - Downloaded https://repo.maven.apache.org/maven2/org/springframework/spring-core/6.2.8/spring-core-6.2.8-sources.jar
2026-02-24 15:29:33,459 [Worker-29: Download sources and javadoc] INFO  o.e.m.j.internal.DownloadSourcesJob - Downloaded sources for org.springframework:spring-core:6.2.8
2026-02-24 15:29:34,253 [Worker-29: Download sources and javadoc] INFO  o.e.m.c.i.e.AbstractTransferListenerAdapter - Downloading https://repo.maven.apache.org/maven2/org/springframework/spring-jcl/6.2.8/spring-jcl-6.2.8-sources.jar
2026-02-24 15:29:34,266 [Worker-29: Download sources and javadoc] INFO  o.e.m.c.i.e.AbstractTransferListenerAdapter - Downloaded https://repo.maven.apache.org/maven2/org/springframework/spring-jcl/6.2.8/spring-jcl-6.2.8-sources.jar
2026-02-24 15:29:34,272 [Worker-29: Download sources and javadoc] INFO  o.e.m.j.internal.DownloadSourcesJob - Downloaded sources for org.springframework:spring-jcl:6.2.8
2026-02-24 15:29:37,032 [Worker-29: Download sources and javadoc] INFO  o.e.m.c.i.e.AbstractTransferListenerAdapter - Downloading https://repo.maven.apache.org/maven2/org/springframework/spring-expression/6.2.8/spring-expression-6.2.8-sources.jar
2026-02-24 15:29:40,307 [Worker-29: Download sources and javadoc] INFO  o.e.m.c.i.e.AbstractTransferListenerAdapter - Downloaded https://repo.maven.apache.org/maven2/org/springframework/spring-expression/6.2.8/spring-expression-6.2.8-sources.jar
2026-02-24 15:29:40,315 [Worker-29: Download sources and javadoc] INFO  o.e.m.j.internal.DownloadSourcesJob - Downloaded sources for org.springframework:spring-expression:6.2.8
2026-02-24 15:29:42,078 [Worker-29: Download sources and javadoc] INFO  o.e.m.c.i.e.AbstractTransferListenerAdapter - Downloading https://repo.maven.apache.org/maven2/io/micrometer/micrometer-observation/1.14.8/micrometer-observation-1.14.8-sources.jar
2026-02-24 15:29:43,428 [Worker-29: Download sources and javadoc] INFO  o.e.m.c.i.e.AbstractTransferListenerAdapter - Downloaded https://repo.maven.apache.org/maven2/io/micrometer/micrometer-observation/1.14.8/micrometer-observation-1.14.8-sources.jar
2026-02-24 15:29:43,440 [Worker-29: Download sources and javadoc] INFO  o.e.m.j.internal.DownloadSourcesJob - Downloaded sources for io.micrometer:micrometer-observation:1.14.8
2026-02-24 15:29:44,081 [Worker-29: Download sources and javadoc] INFO  o.e.m.c.i.e.AbstractTransferListenerAdapter - Downloading https://repo.maven.apache.org/maven2/io/micrometer/micrometer-commons/1.14.8/micrometer-commons-1.14.8-sources.jar
2026-02-24 15:29:44,321 [Worker-29: Download sources and javadoc] INFO  o.e.m.c.i.e.AbstractTransferListenerAdapter - Downloaded https://repo.maven.apache.org/maven2/io/micrometer/micrometer-commons/1.14.8/micrometer-commons-1.14.8-sources.jar
2026-02-24 15:29:44,334 [Worker-29: Download sources and javadoc] INFO  o.e.m.j.internal.DownloadSourcesJob - Downloaded sources for io.micrometer:micrometer-commons:1.14.8
2026-02-24 15:35:13,441 [Worker-32: Building] INFO  o.e.m.c.i.l.LifecycleMappingFactory - Using org.eclipse.m2e.jdt.JarLifecycleMapping lifecycle mapping for MavenProject: com:first_Maven_Project:0.0.1-SNAPSHOT @ C:\Users\sahil\Desktop\Training(CapG)\First_Maven_Project\pom.xml.
2026-02-24 15:35:14,062 [Worker-32: Building] INFO  o.e.m.c.i.e.AbstractTransferListenerAdapter - Downloading https://repo.maven.apache.org/maven2/org/apache/maven/maven-model/2.2.1/maven-model-2.2.1.jar
2026-02-24 15:35:14,421 [Worker-32: Building] INFO  o.e.m.c.i.e.AbstractTransferListenerAdapter - Downloaded https://repo.maven.apache.org/maven2/org/apache/maven/maven-model/2.2.1/maven-model-2.2.1.jar
2026-02-24 15:35:14,591 [BasicRepositoryConnector-repo.maven.apache.org-2-0] INFO  o.e.m.c.i.e.AbstractTransferListenerAdapter - Downloading https://repo.maven.apache.org/maven2/org/codehaus/plexus/plexus-utils/1.5.15/plexus-utils-1.5.15.jar
2026-02-24 15:35:15,302 [BasicRepositoryConnector-repo.maven.apache.org-2-0] INFO  o.e.m.c.i.e.AbstractTransferListenerAdapter - Downloaded https://repo.maven.apache.org/maven2/org/codehaus/plexus/plexus-utils/1.5.15/plexus-utils-1.5.15.jar
2026-02-24 15:35:15,503 [Worker-32: Building] INFO  o.a.m.s.f.DefaultMavenResourcesFiltering - skip non existing resourceDirectory C:\Users\sahil\Desktop\Training(CapG)\First_Maven_Project\src\main\resources
2026-02-24 15:35:15,507 [Worker-32: Building] INFO  o.a.m.s.f.DefaultMavenResourcesFiltering - skip non existing resourceDirectory C:\Users\sahil\Desktop\Training(CapG)\First_Maven_Project\src\test\resources
2026-02-24 15:35:15,838 [Worker-32: Building] WARN  o.apache.maven.project.MavenProject - Direct modification of compileSourceRoots through clear() is deprecated and will not work in Maven 4.0.0. Please use the add/remove methods instead. If you're using a plugin that causes this warning, please upgrade to the latest version and report an issue if the warning persists. To disable these warnings, set -Dmaven.project.sourceRoots.warningsDisabled=true on the command line, in the .mvn/maven.config file, or in project POM properties.
2026-02-24 15:35:15,839 [Worker-32: Building] WARN  o.apache.maven.project.MavenProject - Direct modification of compileSourceRoots through add() is deprecated and will not work in Maven 4.0.0. Please use the add/remove methods instead. If you're using a plugin that causes this warning, please upgrade to the latest version and report an issue if the warning persists. To disable these warnings, set -Dmaven.project.sourceRoots.warningsDisabled=true on the command line, in the .mvn/maven.config file, or in project POM properties.
2026-02-24 15:35:15,840 [Worker-32: Building] WARN  o.apache.maven.project.MavenProject - Direct modification of testCompileSourceRoots through clear() is deprecated and will not work in Maven 4.0.0. Please use the add/remove methods instead. If you're using a plugin that causes this warning, please upgrade to the latest version and report an issue if the warning persists. To disable these warnings, set -Dmaven.project.sourceRoots.warningsDisabled=true on the command line, in the .mvn/maven.config file, or in project POM properties.
2026-02-24 15:35:15,841 [Worker-32: Building] WARN  o.apache.maven.project.MavenProject - Direct modification of testCompileSourceRoots through add() is deprecated and will not work in Maven 4.0.0. Please use the add/remove methods instead. If you're using a plugin that causes this warning, please upgrade to the latest version and report an issue if the warning persists. To disable these warnings, set -Dmaven.project.sourceRoots.warningsDisabled=true on the command line, in the .mvn/maven.config file, or in project POM properties.
2026-02-24 15:35:16,182 [Worker-34: Building] INFO  o.a.m.s.f.DefaultMavenResourcesFiltering - skip non existing resourceDirectory C:\Users\sahil\Desktop\Training(CapG)\First_Maven_Project\src\main\resources
2026-02-24 15:35:16,184 [Worker-34: Building] INFO  o.a.m.s.f.DefaultMavenResourcesFiltering - skip non existing resourceDirectory C:\Users\sahil\Desktop\Training(CapG)\First_Maven_Project\src\test\resources
2026-02-24 15:35:16,197 [Worker-34: Building] WARN  o.apache.maven.project.MavenProject - Direct modification of compileSourceRoots through clear() is deprecated and will not work in Maven 4.0.0. Please use the add/remove methods instead. If you're using a plugin that causes this warning, please upgrade to the latest version and report an issue if the warning persists. To disable these warnings, set -Dmaven.project.sourceRoots.warningsDisabled=true on the command line, in the .mvn/maven.config file, or in project POM properties.
2026-02-24 15:35:16,198 [Worker-34: Building] WARN  o.apache.maven.project.MavenProject - Direct modification of compileSourceRoots through add() is deprecated and will not work in Maven 4.0.0. Please use the add/remove methods instead. If you're using a plugin that causes this warning, please upgrade to the latest version and report an issue if the warning persists. To disable these warnings, set -Dmaven.project.sourceRoots.warningsDisabled=true on the command line, in the .mvn/maven.config file, or in project POM properties.
2026-02-24 15:35:16,199 [Worker-34: Building] WARN  o.apache.maven.project.MavenProject - Direct modification of testCompileSourceRoots through clear() is deprecated and will not work in Maven 4.0.0. Please use the add/remove methods instead. If you're using a plugin that causes this warning, please upgrade to the latest version and report an issue if the warning persists. To disable these warnings, set -Dmaven.project.sourceRoots.warningsDisabled=true on the command line, in the .mvn/maven.config file, or in project POM properties.
2026-02-24 15:35:16,200 [Worker-34: Building] WARN  o.apache.maven.project.MavenProject - Direct modification of testCompileSourceRoots through add() is deprecated and will not work in Maven 4.0.0. Please use the add/remove methods instead. If you're using a plugin that causes this warning, please upgrade to the latest version and report an issue if the warning persists. To disable these warnings, set -Dmaven.project.sourceRoots.warningsDisabled=true on the command line, in the .mvn/maven.config file, or in project POM properties.
2026-02-24 15:35:17,509 [Worker-33: Download sources and javadoc] INFO  o.e.m.c.i.e.AbstractTransferListenerAdapter - Downloading https://repo.maven.apache.org/maven2/org/apache/maven/maven-model/2.2.1/maven-model-2.2.1-sources.jar
2026-02-24 15:35:17,864 [Worker-33: Download sources and javadoc] INFO  o.e.m.c.i.e.AbstractTransferListenerAdapter - Downloaded https://repo.maven.apache.org/maven2/org/apache/maven/maven-model/2.2.1/maven-model-2.2.1-sources.jar
2026-02-24 15:35:17,868 [Worker-33: Download sources and javadoc] INFO  o.e.m.j.internal.DownloadSourcesJob - Downloaded sources for org.apache.maven:maven-model:2.2.1
2026-02-24 15:35:18,384 [Worker-33: Download sources and javadoc] INFO  o.e.m.c.i.e.AbstractTransferListenerAdapter - Downloading https://repo.maven.apache.org/maven2/org/codehaus/plexus/plexus-utils/1.5.15/plexus-utils-1.5.15-sources.jar
2026-02-24 15:35:20,752 [Worker-33: Download sources and javadoc] INFO  o.e.m.c.i.e.AbstractTransferListenerAdapter - Downloaded https://repo.maven.apache.org/maven2/org/codehaus/plexus/plexus-utils/1.5.15/plexus-utils-1.5.15-sources.jar
2026-02-24 15:35:20,756 [Worker-33: Download sources and javadoc] INFO  o.e.m.j.internal.DownloadSourcesJob - Downloaded sources for org.codehaus.plexus:plexus-utils:1.5.15
2026-02-24 15:36:56,081 [Worker-25: Building] INFO  o.e.m.c.i.l.LifecycleMappingFactory - Using org.eclipse.m2e.jdt.JarLifecycleMapping lifecycle mapping for MavenProject: com:first_Maven_Project:0.0.1-SNAPSHOT @ C:\Users\sahil\Desktop\Training(CapG)\First_Maven_Project\pom.xml.
2026-02-24 15:36:56,203 [Worker-25: Building] INFO  o.a.m.s.f.DefaultMavenResourcesFiltering - skip non existing resourceDirectory C:\Users\sahil\Desktop\Training(CapG)\First_Maven_Project\src\main\resources
2026-02-24 15:36:56,207 [Worker-25: Building] INFO  o.a.m.s.f.DefaultMavenResourcesFiltering - skip non existing resourceDirectory C:\Users\sahil\Desktop\Training(CapG)\First_Maven_Project\src\test\resources
2026-02-24 15:36:56,539 [Worker-25: Building] WARN  o.apache.maven.project.MavenProject - Direct modification of compileSourceRoots through clear() is deprecated and will not work in Maven 4.0.0. Please use the add/remove methods instead. If you're using a plugin that causes this warning, please upgrade to the latest version and report an issue if the warning persists. To disable these warnings, set -Dmaven.project.sourceRoots.warningsDisabled=true on the command line, in the .mvn/maven.config file, or in project POM properties.
2026-02-24 15:36:56,540 [Worker-25: Building] WARN  o.apache.maven.project.MavenProject - Direct modification of compileSourceRoots through add() is deprecated and will not work in Maven 4.0.0. Please use the add/remove methods instead. If you're using a plugin that causes this warning, please upgrade to the latest version and report an issue if the warning persists. To disable these warnings, set -Dmaven.project.sourceRoots.warningsDisabled=true on the command line, in the .mvn/maven.config file, or in project POM properties.
2026-02-24 15:36:56,541 [Worker-25: Building] WARN  o.apache.maven.project.MavenProject - Direct modification of testCompileSourceRoots through clear() is deprecated and will not work in Maven 4.0.0. Please use the add/remove methods instead. If you're using a plugin that causes this warning, please upgrade to the latest version and report an issue if the warning persists. To disable these warnings, set -Dmaven.project.sourceRoots.warningsDisabled=true on the command line, in the .mvn/maven.config file, or in project POM properties.
2026-02-24 15:36:56,541 [Worker-25: Building] WARN  o.apache.maven.project.MavenProject - Direct modification of testCompileSourceRoots through add() is deprecated and will not work in Maven 4.0.0. Please use the add/remove methods instead. If you're using a plugin that causes this warning, please upgrade to the latest version and report an issue if the warning persists. To disable these warnings, set -Dmaven.project.sourceRoots.warningsDisabled=true on the command line, in the .mvn/maven.config file, or in project POM properties.
2026-02-24 15:36:57,748 [Worker-25: Building] INFO  o.a.m.s.f.DefaultMavenResourcesFiltering - skip non existing resourceDirectory C:\Users\sahil\Desktop\Training(CapG)\First_Maven_Project\src\main\resources
2026-02-24 15:36:57,751 [Worker-25: Building] INFO  o.a.m.s.f.DefaultMavenResourcesFiltering - skip non existing resourceDirectory C:\Users\sahil\Desktop\Training(CapG)\First_Maven_Project\src\test\resources
2026-02-24 15:36:57,764 [Worker-25: Building] WARN  o.apache.maven.project.MavenProject - Direct modification of compileSourceRoots through clear() is deprecated and will not work in Maven 4.0.0. Please use the add/remove methods instead. If you're using a plugin that causes this warning, please upgrade to the latest version and report an issue if the warning persists. To disable these warnings, set -Dmaven.project.sourceRoots.warningsDisabled=true on the command line, in the .mvn/maven.config file, or in project POM properties.
2026-02-24 15:36:57,765 [Worker-25: Building] WARN  o.apache.maven.project.MavenProject - Direct modification of compileSourceRoots through add() is deprecated and will not work in Maven 4.0.0. Please use the add/remove methods instead. If you're using a plugin that causes this warning, please upgrade to the latest version and report an issue if the warning persists. To disable these warnings, set -Dmaven.project.sourceRoots.warningsDisabled=true on the command line, in the .mvn/maven.config file, or in project POM properties.
2026-02-24 15:36:57,765 [Worker-25: Building] WARN  o.apache.maven.project.MavenProject - Direct modification of testCompileSourceRoots through clear() is deprecated and will not work in Maven 4.0.0. Please use the add/remove methods instead. If you're using a plugin that causes this warning, please upgrade to the latest version and report an issue if the warning persists. To disable these warnings, set -Dmaven.project.sourceRoots.warningsDisabled=true on the command line, in the .mvn/maven.config file, or in project POM properties.
2026-02-24 15:36:57,766 [Worker-25: Building] WARN  o.apache.maven.project.MavenProject - Direct modification of testCompileSourceRoots through add() is deprecated and will not work in Maven 4.0.0. Please use the add/remove methods instead. If you're using a plugin that causes this warning, please upgrade to the latest version and report an issue if the warning persists. To disable these warnings, set -Dmaven.project.sourceRoots.warningsDisabled=true on the command line, in the .mvn/maven.config file, or in project POM properties.
2026-02-25 09:36:48,574 [Worker-25: Launching mavenrun-77ee8de2-e7e0-4b7c-b34d-74a888953ef1] INFO  o.eclipse.m2e.core.internal.Bundles - getClasspathEntries(Bundle=org.eclipse.m2e.maven.runtime_3.9.1101.20251020-1549 [649])
2026-02-25 09:36:48,586 [Worker-25: Launching mavenrun-77ee8de2-e7e0-4b7c-b34d-74a888953ef1] INFO  o.eclipse.m2e.core.internal.Bundles - 	Entry: C:\Users\sahil\Desktop\eclipse-jee-2025-12-R-win32-x86_64\eclipse\plugins\org.eclipse.m2e.maven.runtime_3.9.1101.20251020-1549
2026-02-25 09:36:48,587 [Worker-25: Launching mavenrun-77ee8de2-e7e0-4b7c-b34d-74a888953ef1] INFO  o.eclipse.m2e.core.internal.Bundles - 	Entry: C:\Users\sahil\Desktop\eclipse-jee-2025-12-R-win32-x86_64\eclipse\plugins\org.eclipse.m2e.maven.runtime_3.9.1101.20251020-1549\jars\aopalliance-1.0.jar
2026-02-25 09:36:48,588 [Worker-25: Launching mavenrun-77ee8de2-e7e0-4b7c-b34d-74a888953ef1] INFO  o.eclipse.m2e.core.internal.Bundles - 	Entry: C:\Users\sahil\Desktop\eclipse-jee-2025-12-R-win32-x86_64\eclipse\plugins\org.eclipse.m2e.maven.runtime_3.9.1101.20251020-1549\jars\asm-9.8.jar
2026-02-25 09:36:48,588 [Worker-25: Launching mavenrun-77ee8de2-e7e0-4b7c-b34d-74a888953ef1] INFO  o.eclipse.m2e.core.internal.Bundles - 	Entry: C:\Users\sahil\Desktop\eclipse-jee-2025-12-R-win32-x86_64\eclipse\plugins\org.eclipse.m2e.maven.runtime_3.9.1101.20251020-1549\jars\error_prone_annotations-2.38.0.jar
2026-02-25 09:36:48,589 [Worker-25: Launching mavenrun-77ee8de2-e7e0-4b7c-b34d-74a888953ef1] INFO  o.eclipse.m2e.core.internal.Bundles - 	Entry: C:\Users\sahil\Desktop\eclipse-jee-2025-12-R-win32-x86_64\eclipse\plugins\org.eclipse.m2e.maven.runtime_3.9.1101.20251020-1549\jars\gson-2.13.1.jar
2026-02-25 09:36:48,589 [Worker-25: Launching mavenrun-77ee8de2-e7e0-4b7c-b34d-74a888953ef1] INFO  o.eclipse.m2e.core.internal.Bundles - 	Entry: C:\Users\sahil\Desktop\eclipse-jee-2025-12-R-win32-x86_64\eclipse\plugins\org.eclipse.m2e.maven.runtime_3.9.1101.20251020-1549\jars\guice-5.1.0-classes.jar
2026-02-25 09:36:48,589 [Worker-25: Launching mavenrun-77ee8de2-e7e0-4b7c-b34d-74a888953ef1] INFO  o.eclipse.m2e.core.internal.Bundles - 	Entry: C:\Users\sahil\Desktop\eclipse-jee-2025-12-R-win32-x86_64\eclipse\plugins\org.eclipse.m2e.maven.runtime_3.9.1101.20251020-1549\jars\httpclient-4.5.14.jar
2026-02-25 09:36:48,590 [Worker-25: Launching mavenrun-77ee8de2-e7e0-4b7c-b34d-74a888953ef1] INFO  o.eclipse.m2e.core.internal.Bundles - 	Entry: C:\Users\sahil\Desktop\eclipse-jee-2025-12-R-win32-x86_64\eclipse\plugins\org.eclipse.m2e.maven.runtime_3.9.1101.20251020-1549\jars\httpcore-4.4.16.jar
2026-02-25 09:36:48,590 [Worker-25: Launching mavenrun-77ee8de2-e7e0-4b7c-b34d-74a888953ef1] INFO  o.eclipse.m2e.core.internal.Bundles - 	Entry: C:\Users\sahil\Desktop\eclipse-jee-2025-12-R-win32-x86_64\eclipse\plugins\org.eclipse.m2e.maven.runtime_3.9.1101.20251020-1549\jars\jansi-2.4.2.jar
2026-02-25 09:36:48,591 [Worker-25: Launching mavenrun-77ee8de2-e7e0-4b7c-b34d-74a888953ef1] INFO  o.eclipse.m2e.core.internal.Bundles - 	Entry: C:\Users\sahil\Desktop\eclipse-jee-2025-12-R-win32-x86_64\eclipse\plugins\org.eclipse.m2e.maven.runtime_3.9.1101.20251020-1549\jars\jcl-over-slf4j-1.7.36.jar
2026-02-25 09:36:48,591 [Worker-25: Launching mavenrun-77ee8de2-e7e0-4b7c-b34d-74a888953ef1] INFO  o.eclipse.m2e.core.internal.Bundles - 	Entry: C:\Users\sahil\Desktop\eclipse-jee-2025-12-R-win32-x86_64\eclipse\plugins\org.eclipse.m2e.maven.runtime_3.9.1101.20251020-1549\jars\maven-artifact-3.9.11.jar
2026-02-25 09:36:48,592 [Worker-25: Launching mavenrun-77ee8de2-e7e0-4b7c-b34d-74a888953ef1] INFO  o.eclipse.m2e.core.internal.Bundles - 	Entry: C:\Users\sahil\Desktop\eclipse-jee-2025-12-R-win32-x86_64\eclipse\plugins\org.eclipse.m2e.maven.runtime_3.9.1101.20251020-1549\jars\maven-builder-support-3.9.11.jar
2026-02-25 09:36:48,592 [Worker-25: Launching mavenrun-77ee8de2-e7e0-4b7c-b34d-74a888953ef1] INFO  o.eclipse.m2e.core.internal.Bundles - 	Entry: C:\Users\sahil\Desktop\eclipse-jee-2025-12-R-win32-x86_64\eclipse\plugins\org.eclipse.m2e.maven.runtime_3.9.1101.20251020-1549\jars\maven-compat-3.9.11.jar
2026-02-25 09:36:48,593 [Worker-25: Launching mavenrun-77ee8de2-e7e0-4b7c-b34d-74a888953ef1] INFO  o.eclipse.m2e.core.internal.Bundles - 	Entry: C:\Users\sahil\Desktop\eclipse-jee-2025-12-R-win32-x86_64\eclipse\plugins\org.eclipse.m2e.maven.runtime_3.9.1101.20251020-1549\jars\maven-core-3.9.11.jar
2026-02-25 09:36:48,593 [Worker-25: Launching mavenrun-77ee8de2-e7e0-4b7c-b34d-74a888953ef1] INFO  o.eclipse.m2e.core.internal.Bundles - 	Entry: C:\Users\sahil\Desktop\eclipse-jee-2025-12-R-win32-x86_64\eclipse\plugins\org.eclipse.m2e.maven.runtime_3.9.1101.20251020-1549\jars\maven-embedder-3.9.11.jar
2026-02-25 09:36:48,593 [Worker-25: Launching mavenrun-77ee8de2-e7e0-4b7c-b34d-74a888953ef1] INFO  o.eclipse.m2e.core.internal.Bundles - 	Entry: C:\Users\sahil\Desktop\eclipse-jee-2025-12-R-win32-x86_64\eclipse\plugins\org.eclipse.m2e.maven.runtime_3.9.1101.20251020-1549\jars\maven-model-3.9.11.jar
2026-02-25 09:36:48,594 [Worker-25: Launching mavenrun-77ee8de2-e7e0-4b7c-b34d-74a888953ef1] INFO  o.eclipse.m2e.core.internal.Bundles - 	Entry: C:\Users\sahil\Desktop\eclipse-jee-2025-12-R-win32-x86_64\eclipse\plugins\org.eclipse.m2e.maven.runtime_3.9.1101.20251020-1549\jars\maven-model-builder-3.9.11.jar
2026-02-25 09:36:48,594 [Worker-25: Launching mavenrun-77ee8de2-e7e0-4b7c-b34d-74a888953ef1] INFO  o.eclipse.m2e.core.internal.Bundles - 	Entry: C:\Users\sahil\Desktop\eclipse-jee-2025-12-R-win32-x86_64\eclipse\plugins\org.eclipse.m2e.maven.runtime_3.9.1101.20251020-1549\jars\maven-plugin-api-3.9.11.jar
2026-02-25 09:36:48,595 [Worker-25: Launching mavenrun-77ee8de2-e7e0-4b7c-b34d-74a888953ef1] INFO  o.eclipse.m2e.core.internal.Bundles - 	Entry: C:\Users\sahil\Desktop\eclipse-jee-2025-12-R-win32-x86_64\eclipse\plugins\org.eclipse.m2e.maven.runtime_3.9.1101.20251020-1549\jars\maven-repository-metadata-3.9.11.jar
2026-02-25 09:36:48,595 [Worker-25: Launching mavenrun-77ee8de2-e7e0-4b7c-b34d-74a888953ef1] INFO  o.eclipse.m2e.core.internal.Bundles - 	Entry: C:\Users\sahil\Desktop\eclipse-jee-2025-12-R-win32-x86_64\eclipse\plugins\org.eclipse.m2e.maven.runtime_3.9.1101.20251020-1549\jars\maven-resolver-api-1.9.24.jar
2026-02-25 09:36:48,595 [Worker-25: Launching mavenrun-77ee8de2-e7e0-4b7c-b34d-74a888953ef1] INFO  o.eclipse.m2e.core.internal.Bundles - 	Entry: C:\Users\sahil\Desktop\eclipse-jee-2025-12-R-win32-x86_64\eclipse\plugins\org.eclipse.m2e.maven.runtime_3.9.1101.20251020-1549\jars\maven-resolver-connector-basic-1.9.24.jar
2026-02-25 09:36:48,596 [Worker-25: Launching mavenrun-77ee8de2-e7e0-4b7c-b34d-74a888953ef1] INFO  o.eclipse.m2e.core.internal.Bundles - 	Entry: C:\Users\sahil\Desktop\eclipse-jee-2025-12-R-win32-x86_64\eclipse\plugins\org.eclipse.m2e.maven.runtime_3.9.1101.20251020-1549\jars\maven-resolver-impl-1.9.24.jar
2026-02-25 09:36:48,596 [Worker-25: Launching mavenrun-77ee8de2-e7e0-4b7c-b34d-74a888953ef1] INFO  o.eclipse.m2e.core.internal.Bundles - 	Entry: C:\Users\sahil\Desktop\eclipse-jee-2025-12-R-win32-x86_64\eclipse\plugins\org.eclipse.m2e.maven.runtime_3.9.1101.20251020-1549\jars\maven-resolver-named-locks-1.9.24.jar
2026-02-25 09:36:48,596 [Worker-25: Launching mavenrun-77ee8de2-e7e0-4b7c-b34d-74a888953ef1] INFO  o.eclipse.m2e.core.internal.Bundles - 	Entry: C:\Users\sahil\Desktop\eclipse-jee-2025-12-R-win32-x86_64\eclipse\plugins\org.eclipse.m2e.maven.runtime_3.9.1101.20251020-1549\jars\maven-resolver-provider-3.9.11.jar
2026-02-25 09:36:48,597 [Worker-25: Launching mavenrun-77ee8de2-e7e0-4b7c-b34d-74a888953ef1] INFO  o.eclipse.m2e.core.internal.Bundles - 	Entry: C:\Users\sahil\Desktop\eclipse-jee-2025-12-R-win32-x86_64\eclipse\plugins\org.eclipse.m2e.maven.runtime_3.9.1101.20251020-1549\jars\maven-resolver-spi-1.9.24.jar
2026-02-25 09:36:48,597 [Worker-25: Launching mavenrun-77ee8de2-e7e0-4b7c-b34d-74a888953ef1] INFO  o.eclipse.m2e.core.internal.Bundles - 	Entry: C:\Users\sahil\Desktop\eclipse-jee-2025-12-R-win32-x86_64\eclipse\plugins\org.eclipse.m2e.maven.runtime_3.9.1101.20251020-1549\jars\maven-resolver-transport-file-1.9.24.jar
2026-02-25 09:36:48,598 [Worker-25: Launching mavenrun-77ee8de2-e7e0-4b7c-b34d-74a888953ef1] INFO  o.eclipse.m2e.core.internal.Bundles - 	Entry: C:\Users\sahil\Desktop\eclipse-jee-2025-12-R-win32-x86_64\eclipse\plugins\org.eclipse.m2e.maven.runtime_3.9.1101.20251020-1549\jars\maven-resolver-transport-http-1.9.24.jar
2026-02-25 09:36:48,598 [Worker-25: Launching mavenrun-77ee8de2-e7e0-4b7c-b34d-74a888953ef1] INFO  o.eclipse.m2e.core.internal.Bundles - 	Entry: C:\Users\sahil\Desktop\eclipse-jee-2025-12-R-win32-x86_64\eclipse\plugins\org.eclipse.m2e.maven.runtime_3.9.1101.20251020-1549\jars\maven-resolver-transport-wagon-1.9.24.jar
2026-02-25 09:36:48,599 [Worker-25: Launching mavenrun-77ee8de2-e7e0-4b7c-b34d-74a888953ef1] INFO  o.eclipse.m2e.core.internal.Bundles - 	Entry: C:\Users\sahil\Desktop\eclipse-jee-2025-12-R-win32-x86_64\eclipse\plugins\org.eclipse.m2e.maven.runtime_3.9.1101.20251020-1549\jars\maven-resolver-util-1.9.24.jar
2026-02-25 09:36:48,600 [Worker-25: Launching mavenrun-77ee8de2-e7e0-4b7c-b34d-74a888953ef1] INFO  o.eclipse.m2e.core.internal.Bundles - 	Entry: C:\Users\sahil\Desktop\eclipse-jee-2025-12-R-win32-x86_64\eclipse\plugins\org.eclipse.m2e.maven.runtime_3.9.1101.20251020-1549\jars\maven-settings-3.9.11.jar
2026-02-25 09:36:48,601 [Worker-25: Launching mavenrun-77ee8de2-e7e0-4b7c-b34d-74a888953ef1] INFO  o.eclipse.m2e.core.internal.Bundles - 	Entry: C:\Users\sahil\Desktop\eclipse-jee-2025-12-R-win32-x86_64\eclipse\plugins\org.eclipse.m2e.maven.runtime_3.9.1101.20251020-1549\jars\maven-settings-builder-3.9.11.jar
2026-02-25 09:36:48,602 [Worker-25: Launching mavenrun-77ee8de2-e7e0-4b7c-b34d-74a888953ef1] INFO  o.eclipse.m2e.core.internal.Bundles - 	Entry: C:\Users\sahil\Desktop\eclipse-jee-2025-12-R-win32-x86_64\eclipse\plugins\org.eclipse.m2e.maven.runtime_3.9.1101.20251020-1549\jars\maven-shared-utils-3.4.2.jar
2026-02-25 09:36:48,602 [Worker-25: Launching mavenrun-77ee8de2-e7e0-4b7c-b34d-74a888953ef1] INFO  o.eclipse.m2e.core.internal.Bundles - 	Entry: C:\Users\sahil\Desktop\eclipse-jee-2025-12-R-win32-x86_64\eclipse\plugins\org.eclipse.m2e.maven.runtime_3.9.1101.20251020-1549\jars\org.eclipse.sisu.inject-0.9.0.M4.jar
2026-02-25 09:36:48,603 [Worker-25: Launching mavenrun-77ee8de2-e7e0-4b7c-b34d-74a888953ef1] INFO  o.eclipse.m2e.core.internal.Bundles - 	Entry: C:\Users\sahil\Desktop\eclipse-jee-2025-12-R-win32-x86_64\eclipse\plugins\org.eclipse.m2e.maven.runtime_3.9.1101.20251020-1549\jars\org.eclipse.sisu.plexus-0.9.0.M4.jar
2026-02-25 09:36:48,603 [Worker-25: Launching mavenrun-77ee8de2-e7e0-4b7c-b34d-74a888953ef1] INFO  o.eclipse.m2e.core.internal.Bundles - 	Entry: C:\Users\sahil\Desktop\eclipse-jee-2025-12-R-win32-x86_64\eclipse\plugins\org.eclipse.m2e.maven.runtime_3.9.1101.20251020-1549\jars\plexus-build-api-0.0.7.jar
2026-02-25 09:36:48,603 [Worker-25: Launching mavenrun-77ee8de2-e7e0-4b7c-b34d-74a888953ef1] INFO  o.eclipse.m2e.core.internal.Bundles - 	Entry: C:\Users\sahil\Desktop\eclipse-jee-2025-12-R-win32-x86_64\eclipse\plugins\org.eclipse.m2e.maven.runtime_3.9.1101.20251020-1549\jars\plexus-build-api-1.2.0.jar
2026-02-25 09:36:48,604 [Worker-25: Launching mavenrun-77ee8de2-e7e0-4b7c-b34d-74a888953ef1] INFO  o.eclipse.m2e.core.internal.Bundles - 	Entry: C:\Users\sahil\Desktop\eclipse-jee-2025-12-R-win32-x86_64\eclipse\plugins\org.eclipse.m2e.maven.runtime_3.9.1101.20251020-1549\jars\plexus-cipher-2.0.jar
2026-02-25 09:36:48,604 [Worker-25: Launching mavenrun-77ee8de2-e7e0-4b7c-b34d-74a888953ef1] INFO  o.eclipse.m2e.core.internal.Bundles - 	Entry: C:\Users\sahil\Desktop\eclipse-jee-2025-12-R-win32-x86_64\eclipse\plugins\org.eclipse.m2e.maven.runtime_3.9.1101.20251020-1549\jars\plexus-classworlds-2.9.0.jar
2026-02-25 09:36:48,604 [Worker-25: Launching mavenrun-77ee8de2-e7e0-4b7c-b34d-74a888953ef1] INFO  o.eclipse.m2e.core.internal.Bundles - 	Entry: C:\Users\sahil\Desktop\eclipse-jee-2025-12-R-win32-x86_64\eclipse\plugins\org.eclipse.m2e.maven.runtime_3.9.1101.20251020-1549\jars\plexus-component-annotations-2.2.0.jar
2026-02-25 09:36:48,605 [Worker-25: Launching mavenrun-77ee8de2-e7e0-4b7c-b34d-74a888953ef1] INFO  o.eclipse.m2e.core.internal.Bundles - 	Entry: C:\Users\sahil\Desktop\eclipse-jee-2025-12-R-win32-x86_64\eclipse\plugins\org.eclipse.m2e.maven.runtime_3.9.1101.20251020-1549\jars\plexus-interpolation-1.28.jar
2026-02-25 09:36:48,605 [Worker-25: Launching mavenrun-77ee8de2-e7e0-4b7c-b34d-74a888953ef1] INFO  o.eclipse.m2e.core.internal.Bundles - 	Entry: C:\Users\sahil\Desktop\eclipse-jee-2025-12-R-win32-x86_64\eclipse\plugins\org.eclipse.m2e.maven.runtime_3.9.1101.20251020-1549\jars\plexus-sec-dispatcher-2.0.jar
2026-02-25 09:36:48,605 [Worker-25: Launching mavenrun-77ee8de2-e7e0-4b7c-b34d-74a888953ef1] INFO  o.eclipse.m2e.core.internal.Bundles - 	Entry: C:\Users\sahil\Desktop\eclipse-jee-2025-12-R-win32-x86_64\eclipse\plugins\org.eclipse.m2e.maven.runtime_3.9.1101.20251020-1549\jars\plexus-utils-3.6.0.jar
2026-02-25 09:36:48,606 [Worker-25: Launching mavenrun-77ee8de2-e7e0-4b7c-b34d-74a888953ef1] INFO  o.eclipse.m2e.core.internal.Bundles - 	Entry: C:\Users\sahil\Desktop\eclipse-jee-2025-12-R-win32-x86_64\eclipse\plugins\org.eclipse.m2e.maven.runtime_3.9.1101.20251020-1549\jars\wagon-file-3.5.3.jar
2026-02-25 09:36:48,607 [Worker-25: Launching mavenrun-77ee8de2-e7e0-4b7c-b34d-74a888953ef1] INFO  o.eclipse.m2e.core.internal.Bundles - 	Entry: C:\Users\sahil\Desktop\eclipse-jee-2025-12-R-win32-x86_64\eclipse\plugins\org.eclipse.m2e.maven.runtime_3.9.1101.20251020-1549\jars\wagon-http-3.5.3.jar
2026-02-25 09:36:48,607 [Worker-25: Launching mavenrun-77ee8de2-e7e0-4b7c-b34d-74a888953ef1] INFO  o.eclipse.m2e.core.internal.Bundles - 	Entry: C:\Users\sahil\Desktop\eclipse-jee-2025-12-R-win32-x86_64\eclipse\plugins\org.eclipse.m2e.maven.runtime_3.9.1101.20251020-1549\jars\wagon-http-shared-3.5.3.jar
2026-02-25 09:36:48,608 [Worker-25: Launching mavenrun-77ee8de2-e7e0-4b7c-b34d-74a888953ef1] INFO  o.eclipse.m2e.core.internal.Bundles - 	Entry: C:\Users\sahil\Desktop\eclipse-jee-2025-12-R-win32-x86_64\eclipse\plugins\org.eclipse.m2e.maven.runtime_3.9.1101.20251020-1549\jars\wagon-provider-api-3.5.3.jar
2026-02-25 09:36:48,611 [Worker-25: Launching mavenrun-77ee8de2-e7e0-4b7c-b34d-74a888953ef1] INFO  o.eclipse.m2e.core.internal.Bundles - getClasspathEntries(Bundle=com.google.guava_33.5.0.jre [18])
2026-02-25 09:36:48,613 [Worker-25: Launching mavenrun-77ee8de2-e7e0-4b7c-b34d-74a888953ef1] INFO  o.eclipse.m2e.core.internal.Bundles - 	Entry: C:\Users\sahil\Desktop\eclipse-jee-2025-12-R-win32-x86_64\eclipse\plugins\com.google.guava_33.5.0.jre.jar
2026-02-25 09:36:48,613 [Worker-25: Launching mavenrun-77ee8de2-e7e0-4b7c-b34d-74a888953ef1] INFO  o.eclipse.m2e.core.internal.Bundles - getClasspathEntries(Bundle=slf4j.api_2.0.17 [1014])
2026-02-25 09:36:48,616 [Worker-25: Launching mavenrun-77ee8de2-e7e0-4b7c-b34d-74a888953ef1] INFO  o.eclipse.m2e.core.internal.Bundles - 	Entry: C:\Users\sahil\Desktop\eclipse-jee-2025-12-R-win32-x86_64\eclipse\plugins\slf4j.api_2.0.17.jar
2026-02-25 09:36:48,617 [Worker-25: Launching mavenrun-77ee8de2-e7e0-4b7c-b34d-74a888953ef1] INFO  o.eclipse.m2e.core.internal.Bundles - getClasspathEntries(Bundle=jakarta.inject.jakarta.inject-api_1.0.5 [35])
2026-02-25 09:36:48,619 [Worker-25: Launching mavenrun-77ee8de2-e7e0-4b7c-b34d-74a888953ef1] INFO  o.eclipse.m2e.core.internal.Bundles - 	Entry: C:\Users\sahil\Desktop\eclipse-jee-2025-12-R-win32-x86_64\eclipse\plugins\jakarta.inject.jakarta.inject-api_1.0.5.jar
2026-02-25 09:36:48,619 [Worker-25: Launching mavenrun-77ee8de2-e7e0-4b7c-b34d-74a888953ef1] INFO  o.eclipse.m2e.core.internal.Bundles - getClasspathEntries(Bundle=jakarta.annotation-api_1.3.5 [31])
2026-02-25 09:36:48,620 [Worker-25: Launching mavenrun-77ee8de2-e7e0-4b7c-b34d-74a888953ef1] INFO  o.eclipse.m2e.core.internal.Bundles - 	Entry: C:\Users\sahil\Desktop\eclipse-jee-2025-12-R-win32-x86_64\eclipse\plugins\jakarta.annotation-api_1.3.5.jar
2026-02-25 09:36:48,620 [Worker-25: Launching mavenrun-77ee8de2-e7e0-4b7c-b34d-74a888953ef1] INFO  o.eclipse.m2e.core.internal.Bundles - getClasspathEntries(Bundle=org.apache.commons.cli_1.11.0 [82])
2026-02-25 09:36:48,622 [Worker-25: Launching mavenrun-77ee8de2-e7e0-4b7c-b34d-74a888953ef1] INFO  o.eclipse.m2e.core.internal.Bundles - 	Entry: C:\Users\sahil\Desktop\eclipse-jee-2025-12-R-win32-x86_64\eclipse\plugins\org.apache.commons.cli_1.11.0.jar
2026-02-25 09:36:48,622 [Worker-25: Launching mavenrun-77ee8de2-e7e0-4b7c-b34d-74a888953ef1] INFO  o.eclipse.m2e.core.internal.Bundles - getClasspathEntries(Bundle=org.apache.commons.commons-codec_1.20.0 [84])
2026-02-25 09:36:48,623 [Worker-25: Launching mavenrun-77ee8de2-e7e0-4b7c-b34d-74a888953ef1] INFO  o.eclipse.m2e.core.internal.Bundles - 	Entry: C:\Users\sahil\Desktop\eclipse-jee-2025-12-R-win32-x86_64\eclipse\plugins\org.apache.commons.commons-codec_1.20.0.jar
2026-02-25 09:36:48,623 [Worker-25: Launching mavenrun-77ee8de2-e7e0-4b7c-b34d-74a888953ef1] INFO  o.eclipse.m2e.core.internal.Bundles - getClasspathEntries(Bundle=com.google.guava.failureaccess_1.0.3 [19])
2026-02-25 09:36:48,625 [Worker-25: Launching mavenrun-77ee8de2-e7e0-4b7c-b34d-74a888953ef1] INFO  o.eclipse.m2e.core.internal.Bundles - 	Entry: C:\Users\sahil\Desktop\eclipse-jee-2025-12-R-win32-x86_64\eclipse\plugins\com.google.guava.failureaccess_1.0.3.jar
2026-02-25 09:36:48,632 [Worker-25: Launching mavenrun-77ee8de2-e7e0-4b7c-b34d-74a888953ef1] INFO  o.e.m.i.launch.MavenLaunchDelegate - Run build in "C:\Users\sahil\AppData\Local\Temp\m2e-archetypeGenerator18307309753540274991":
2026-02-25 09:36:48,634 [Worker-25: Launching mavenrun-77ee8de2-e7e0-4b7c-b34d-74a888953ef1] INFO  o.e.m.i.launch.MavenLaunchDelegate -  mvn  -DarchetypeGroupId=org.apache.maven.archetypes -DarchetypeArtifactId=maven-archetype-quickstart -DarchetypeVersion=1.1 -DgroupId=org -DartifactId=Maven_Project -Dversion=0.0.1-SNAPSHOT -Dpackage=org -DoutputDirectory=C:\Users\sahil\Desktop\Training(CapG) -Dstyle.color=always -U archetype:generate
2026-02-25 09:36:59,212 [Worker-40: Creating maven-archetype-quickstart] INFO  o.e.m.c.i.p.ProjectConfigurationManager - Collecting project info '/pom.xml' C:\Users\sahil\Desktop\Training(CapG)\Maven_Project\pom.xml
2026-02-25 09:36:59,373 [Worker-40: Creating maven-archetype-quickstart] INFO  o.e.m.c.i.l.LifecycleMappingFactory - Using org.eclipse.m2e.jdt.JarLifecycleMapping lifecycle mapping for MavenProject: org:Maven_Project:0.0.1-SNAPSHOT @ C:\Users\sahil\Desktop\Training(CapG)\Maven_Project\pom.xml.
2026-02-25 09:37:00,181 [Worker-40: Creating maven-archetype-quickstart] INFO  o.e.m.j.i.AbstractJavaProjectConfigurator - Adding source folder /Maven_Project/src/main/java
2026-02-25 09:37:00,185 [Worker-40: Creating maven-archetype-quickstart] INFO  o.e.m.j.i.AbstractJavaProjectConfigurator - Adding resource folder /Maven_Project/src/main/resources
2026-02-25 09:37:00,193 [Worker-40: Creating maven-archetype-quickstart] INFO  o.e.m.j.i.AbstractJavaProjectConfigurator - Adding source folder /Maven_Project/src/test/java
2026-02-25 09:37:00,195 [Worker-40: Creating maven-archetype-quickstart] INFO  o.e.m.j.i.AbstractJavaProjectConfigurator - Adding resource folder /Maven_Project/src/test/resources
2026-02-25 09:37:00,383 [Worker-40: Creating maven-archetype-quickstart] WARN  o.apache.maven.project.MavenProject - Direct modification of compileSourceRoots through clear() is deprecated and will not work in Maven 4.0.0. Please use the add/remove methods instead. If you're using a plugin that causes this warning, please upgrade to the latest version and report an issue if the warning persists. To disable these warnings, set -Dmaven.project.sourceRoots.warningsDisabled=true on the command line, in the .mvn/maven.config file, or in project POM properties.
2026-02-25 09:37:00,387 [Worker-40: Creating maven-archetype-quickstart] WARN  o.apache.maven.project.MavenProject - Direct modification of compileSourceRoots through add() is deprecated and will not work in Maven 4.0.0. Please use the add/remove methods instead. If you're using a plugin that causes this warning, please upgrade to the latest version and report an issue if the warning persists. To disable these warnings, set -Dmaven.project.sourceRoots.warningsDisabled=true on the command line, in the .mvn/maven.config file, or in project POM properties.
2026-02-25 09:37:00,388 [Worker-40: Creating maven-archetype-quickstart] WARN  o.apache.maven.project.MavenProject - Direct modification of testCompileSourceRoots through clear() is deprecated and will not work in Maven 4.0.0. Please use the add/remove methods instead. If you're using a plugin that causes this warning, please upgrade to the latest version and report an issue if the warning persists. To disable these warnings, set -Dmaven.project.sourceRoots.warningsDisabled=true on the command line, in the .mvn/maven.config file, or in project POM properties.
2026-02-25 09:37:00,390 [Worker-40: Creating maven-archetype-quickstart] WARN  o.apache.maven.project.MavenProject - Direct modification of testCompileSourceRoots through add() is deprecated and will not work in Maven 4.0.0. Please use the add/remove methods instead. If you're using a plugin that causes this warning, please upgrade to the latest version and report an issue if the warning persists. To disable these warnings, set -Dmaven.project.sourceRoots.warningsDisabled=true on the command line, in the .mvn/maven.config file, or in project POM properties.
2026-02-25 09:37:00,405 [Worker-40: Creating maven-archetype-quickstart] INFO  o.e.m.c.i.p.ProjectConfigurationManager - Imported and configured 1 project(s) in 1 sec
2026-02-25 09:37:00,841 [Worker-46: Building] INFO  o.a.m.s.f.DefaultMavenResourcesFiltering - skip non existing resourceDirectory C:\Users\sahil\Desktop\Training(CapG)\Maven_Project\src\main\resources
2026-02-25 09:37:00,847 [Worker-46: Building] INFO  o.a.m.s.f.DefaultMavenResourcesFiltering - skip non existing resourceDirectory C:\Users\sahil\Desktop\Training(CapG)\Maven_Project\src\test\resources
2026-02-25 09:37:00,873 [Worker-46: Building] WARN  o.apache.maven.project.MavenProject - Direct modification of compileSourceRoots through clear() is deprecated and will not work in Maven 4.0.0. Please use the add/remove methods instead. If you're using a plugin that causes this warning, please upgrade to the latest version and report an issue if the warning persists. To disable these warnings, set -Dmaven.project.sourceRoots.warningsDisabled=true on the command line, in the .mvn/maven.config file, or in project POM properties.
2026-02-25 09:37:00,874 [Worker-46: Building] WARN  o.apache.maven.project.MavenProject - Direct modification of compileSourceRoots through add() is deprecated and will not work in Maven 4.0.0. Please use the add/remove methods instead. If you're using a plugin that causes this warning, please upgrade to the latest version and report an issue if the warning persists. To disable these warnings, set -Dmaven.project.sourceRoots.warningsDisabled=true on the command line, in the .mvn/maven.config file, or in project POM properties.
2026-02-25 09:37:00,876 [Worker-46: Building] WARN  o.apache.maven.project.MavenProject - Direct modification of testCompileSourceRoots through clear() is deprecated and will not work in Maven 4.0.0. Please use the add/remove methods instead. If you're using a plugin that causes this warning, please upgrade to the latest version and report an issue if the warning persists. To disable these warnings, set -Dmaven.project.sourceRoots.warningsDisabled=true on the command line, in the .mvn/maven.config file, or in project POM properties.
2026-02-25 09:37:00,877 [Worker-46: Building] WARN  o.apache.maven.project.MavenProject - Direct modification of testCompileSourceRoots through add() is deprecated and will not work in Maven 4.0.0. Please use the add/remove methods instead. If you're using a plugin that causes this warning, please upgrade to the latest version and report an issue if the warning persists. To disable these warnings, set -Dmaven.project.sourceRoots.warningsDisabled=true on the command line, in the .mvn/maven.config file, or in project POM properties.
2026-02-25 10:18:00,374 [Worker-54: Building] INFO  o.e.m.c.i.e.AbstractTransferListenerAdapter - Downloading https://repo.maven.apache.org/maven2/org/apache/maven/plugins/maven-surefire-plugin/2.22.2/maven-surefire-plugin-2.22.2.jar
2026-02-25 10:18:00,388 [Worker-54: Building] INFO  o.e.m.c.i.e.AbstractTransferListenerAdapter - Downloaded https://repo.maven.apache.org/maven2/org/apache/maven/plugins/maven-surefire-plugin/2.22.2/maven-surefire-plugin-2.22.2.jar
2026-02-25 10:18:00,428 [Worker-54: Building] INFO  o.e.m.c.i.l.LifecycleMappingFactory - Using org.eclipse.m2e.jdt.JarLifecycleMapping lifecycle mapping for MavenProject: org:Maven_Project:0.0.1-SNAPSHOT @ C:\Users\sahil\Desktop\Training(CapG)\Maven_Project\pom.xml.
2026-02-25 10:18:00,542 [Worker-54: Building] INFO  o.a.m.s.f.DefaultMavenResourcesFiltering - skip non existing resourceDirectory C:\Users\sahil\Desktop\Training(CapG)\Maven_Project\src\main\resources
2026-02-25 10:18:00,545 [Worker-54: Building] INFO  o.a.m.s.f.DefaultMavenResourcesFiltering - skip non existing resourceDirectory C:\Users\sahil\Desktop\Training(CapG)\Maven_Project\src\test\resources
2026-02-25 10:18:00,632 [Worker-54: Building] INFO  o.e.m.c.i.e.AbstractTransferListenerAdapter - Downloading https://repo.maven.apache.org/maven2/org/apache/maven/plugins/maven-surefire-plugin/2.22.2/maven-surefire-plugin-2.22.2.pom
2026-02-25 10:18:00,640 [Worker-54: Building] INFO  o.e.m.c.i.e.AbstractTransferListenerAdapter - Downloaded https://repo.maven.apache.org/maven2/org/apache/maven/plugins/maven-surefire-plugin/2.22.2/maven-surefire-plugin-2.22.2.pom
2026-02-25 10:18:00,749 [Worker-54: Building] INFO  o.e.m.c.i.e.AbstractTransferListenerAdapter - Downloading https://repo.maven.apache.org/maven2/org/apache/maven/surefire/surefire/2.22.2/surefire-2.22.2.pom
2026-02-25 10:18:00,761 [Worker-54: Building] INFO  o.e.m.c.i.e.AbstractTransferListenerAdapter - Downloaded https://repo.maven.apache.org/maven2/org/apache/maven/surefire/surefire/2.22.2/surefire-2.22.2.pom
2026-02-25 10:18:00,810 [Worker-54: Building] WARN  o.apache.maven.project.MavenProject - Direct modification of compileSourceRoots through clear() is deprecated and will not work in Maven 4.0.0. Please use the add/remove methods instead. If you're using a plugin that causes this warning, please upgrade to the latest version and report an issue if the warning persists. To disable these warnings, set -Dmaven.project.sourceRoots.warningsDisabled=true on the command line, in the .mvn/maven.config file, or in project POM properties.
2026-02-25 10:18:00,813 [Worker-54: Building] WARN  o.apache.maven.project.MavenProject - Direct modification of compileSourceRoots through add() is deprecated and will not work in Maven 4.0.0. Please use the add/remove methods instead. If you're using a plugin that causes this warning, please upgrade to the latest version and report an issue if the warning persists. To disable these warnings, set -Dmaven.project.sourceRoots.warningsDisabled=true on the command line, in the .mvn/maven.config file, or in project POM properties.
2026-02-25 10:18:00,815 [Worker-54: Building] WARN  o.apache.maven.project.MavenProject - Direct modification of testCompileSourceRoots through clear() is deprecated and will not work in Maven 4.0.0. Please use the add/remove methods instead. If you're using a plugin that causes this warning, please upgrade to the latest version and report an issue if the warning persists. To disable these warnings, set -Dmaven.project.sourceRoots.warningsDisabled=true on the command line, in the .mvn/maven.config file, or in project POM properties.
2026-02-25 10:18:00,816 [Worker-54: Building] WARN  o.apache.maven.project.MavenProject - Direct modification of testCompileSourceRoots through add() is deprecated and will not work in Maven 4.0.0. Please use the add/remove methods instead. If you're using a plugin that causes this warning, please upgrade to the latest version and report an issue if the warning persists. To disable these warnings, set -Dmaven.project.sourceRoots.warningsDisabled=true on the command line, in the .mvn/maven.config file, or in project POM properties.
2026-02-25 10:18:56,862 [Worker-57: Building] INFO  o.e.m.c.i.l.LifecycleMappingFactory - Using org.eclipse.m2e.jdt.JarLifecycleMapping lifecycle mapping for MavenProject: org:Maven_Project:0.0.1-SNAPSHOT @ C:\Users\sahil\Desktop\Training(CapG)\Maven_Project\pom.xml.
2026-02-25 10:18:56,913 [Worker-57: Building] INFO  o.a.m.s.f.DefaultMavenResourcesFiltering - skip non existing resourceDirectory C:\Users\sahil\Desktop\Training(CapG)\Maven_Project\src\main\resources
2026-02-25 10:18:56,917 [Worker-57: Building] INFO  o.a.m.s.f.DefaultMavenResourcesFiltering - skip non existing resourceDirectory C:\Users\sahil\Desktop\Training(CapG)\Maven_Project\src\test\resources
2026-02-25 10:18:56,927 [Worker-57: Building] WARN  o.apache.maven.project.MavenProject - Direct modification of compileSourceRoots through clear() is deprecated and will not work in Maven 4.0.0. Please use the add/remove methods instead. If you're using a plugin that causes this warning, please upgrade to the latest version and report an issue if the warning persists. To disable these warnings, set -Dmaven.project.sourceRoots.warningsDisabled=true on the command line, in the .mvn/maven.config file, or in project POM properties.
2026-02-25 10:18:56,928 [Worker-57: Building] WARN  o.apache.maven.project.MavenProject - Direct modification of compileSourceRoots through add() is deprecated and will not work in Maven 4.0.0. Please use the add/remove methods instead. If you're using a plugin that causes this warning, please upgrade to the latest version and report an issue if the warning persists. To disable these warnings, set -Dmaven.project.sourceRoots.warningsDisabled=true on the command line, in the .mvn/maven.config file, or in project POM properties.
2026-02-25 10:18:56,929 [Worker-57: Building] WARN  o.apache.maven.project.MavenProject - Direct modification of testCompileSourceRoots through clear() is deprecated and will not work in Maven 4.0.0. Please use the add/remove methods instead. If you're using a plugin that causes this warning, please upgrade to the latest version and report an issue if the warning persists. To disable these warnings, set -Dmaven.project.sourceRoots.warningsDisabled=true on the command line, in the .mvn/maven.config file, or in project POM properties.
2026-02-25 10:18:56,930 [Worker-57: Building] WARN  o.apache.maven.project.MavenProject - Direct modification of testCompileSourceRoots through add() is deprecated and will not work in Maven 4.0.0. Please use the add/remove methods instead. If you're using a plugin that causes this warning, please upgrade to the latest version and report an issue if the warning persists. To disable these warnings, set -Dmaven.project.sourceRoots.warningsDisabled=true on the command line, in the .mvn/maven.config file, or in project POM properties.
2026-02-25 10:27:49,927 [Worker-59: Building] INFO  o.a.m.s.f.DefaultMavenResourcesFiltering - skip non existing resourceDirectory C:\Users\sahil\Desktop\Training(CapG)\First_Maven_Project\src\main\resources
2026-02-25 10:27:49,933 [Worker-59: Building] INFO  o.a.m.s.f.DefaultMavenResourcesFiltering - skip non existing resourceDirectory C:\Users\sahil\Desktop\Training(CapG)\First_Maven_Project\src\test\resources
2026-02-25 10:27:49,959 [Worker-59: Building] WARN  o.apache.maven.project.MavenProject - Direct modification of compileSourceRoots through clear() is deprecated and will not work in Maven 4.0.0. Please use the add/remove methods instead. If you're using a plugin that causes this warning, please upgrade to the latest version and report an issue if the warning persists. To disable these warnings, set -Dmaven.project.sourceRoots.warningsDisabled=true on the command line, in the .mvn/maven.config file, or in project POM properties.
2026-02-25 10:27:49,963 [Worker-59: Building] WARN  o.apache.maven.project.MavenProject - Direct modification of compileSourceRoots through add() is deprecated and will not work in Maven 4.0.0. Please use the add/remove methods instead. If you're using a plugin that causes this warning, please upgrade to the latest version and report an issue if the warning persists. To disable these warnings, set -Dmaven.project.sourceRoots.warningsDisabled=true on the command line, in the .mvn/maven.config file, or in project POM properties.
2026-02-25 10:27:49,964 [Worker-59: Building] WARN  o.apache.maven.project.MavenProject - Direct modification of testCompileSourceRoots through clear() is deprecated and will not work in Maven 4.0.0. Please use the add/remove methods instead. If you're using a plugin that causes this warning, please upgrade to the latest version and report an issue if the warning persists. To disable these warnings, set -Dmaven.project.sourceRoots.warningsDisabled=true on the command line, in the .mvn/maven.config file, or in project POM properties.
2026-02-25 10:27:49,965 [Worker-59: Building] WARN  o.apache.maven.project.MavenProject - Direct modification of testCompileSourceRoots through add() is deprecated and will not work in Maven 4.0.0. Please use the add/remove methods instead. If you're using a plugin that causes this warning, please upgrade to the latest version and report an issue if the warning persists. To disable these warnings, set -Dmaven.project.sourceRoots.warningsDisabled=true on the command line, in the .mvn/maven.config file, or in project POM properties.
2026-02-25 10:27:50,103 [Worker-59: Building] INFO  o.a.m.s.f.DefaultMavenResourcesFiltering - skip non existing resourceDirectory C:\Users\sahil\Desktop\Training(CapG)\Maven_Project\src\main\resources
2026-02-25 10:27:50,106 [Worker-59: Building] INFO  o.a.m.s.f.DefaultMavenResourcesFiltering - skip non existing resourceDirectory C:\Users\sahil\Desktop\Training(CapG)\Maven_Project\src\test\resources
2026-02-25 10:27:50,120 [Worker-59: Building] WARN  o.apache.maven.project.MavenProject - Direct modification of compileSourceRoots through clear() is deprecated and will not work in Maven 4.0.0. Please use the add/remove methods instead. If you're using a plugin that causes this warning, please upgrade to the latest version and report an issue if the warning persists. To disable these warnings, set -Dmaven.project.sourceRoots.warningsDisabled=true on the command line, in the .mvn/maven.config file, or in project POM properties.
2026-02-25 10:27:50,121 [Worker-59: Building] WARN  o.apache.maven.project.MavenProject - Direct modification of compileSourceRoots through add() is deprecated and will not work in Maven 4.0.0. Please use the add/remove methods instead. If you're using a plugin that causes this warning, please upgrade to the latest version and report an issue if the warning persists. To disable these warnings, set -Dmaven.project.sourceRoots.warningsDisabled=true on the command line, in the .mvn/maven.config file, or in project POM properties.
2026-02-25 10:27:50,121 [Worker-59: Building] WARN  o.apache.maven.project.MavenProject - Direct modification of testCompileSourceRoots through clear() is deprecated and will not work in Maven 4.0.0. Please use the add/remove methods instead. If you're using a plugin that causes this warning, please upgrade to the latest version and report an issue if the warning persists. To disable these warnings, set -Dmaven.project.sourceRoots.warningsDisabled=true on the command line, in the .mvn/maven.config file, or in project POM properties.
2026-02-25 10:27:50,122 [Worker-59: Building] WARN  o.apache.maven.project.MavenProject - Direct modification of testCompileSourceRoots through add() is deprecated and will not work in Maven 4.0.0. Please use the add/remove methods instead. If you're using a plugin that causes this warning, please upgrade to the latest version and report an issue if the warning persists. To disable these warnings, set -Dmaven.project.sourceRoots.warningsDisabled=true on the command line, in the .mvn/maven.config file, or in project POM properties.
2026-02-25 10:28:51,256 [Worker-58: Launching mavenrun-d89bb794-e8dc-4a60-9c2a-fad2e1de7a9f] INFO  o.eclipse.m2e.core.internal.Bundles - getClasspathEntries(Bundle=org.eclipse.m2e.maven.runtime_3.9.1101.20251020-1549 [649])
2026-02-25 10:28:51,260 [Worker-58: Launching mavenrun-d89bb794-e8dc-4a60-9c2a-fad2e1de7a9f] INFO  o.eclipse.m2e.core.internal.Bundles - 	Entry: C:\Users\sahil\Desktop\eclipse-jee-2025-12-R-win32-x86_64\eclipse\plugins\org.eclipse.m2e.maven.runtime_3.9.1101.20251020-1549
2026-02-25 10:28:51,261 [Worker-58: Launching mavenrun-d89bb794-e8dc-4a60-9c2a-fad2e1de7a9f] INFO  o.eclipse.m2e.core.internal.Bundles - 	Entry: C:\Users\sahil\Desktop\eclipse-jee-2025-12-R-win32-x86_64\eclipse\plugins\org.eclipse.m2e.maven.runtime_3.9.1101.20251020-1549\jars\aopalliance-1.0.jar
2026-02-25 10:28:51,261 [Worker-58: Launching mavenrun-d89bb794-e8dc-4a60-9c2a-fad2e1de7a9f] INFO  o.eclipse.m2e.core.internal.Bundles - 	Entry: C:\Users\sahil\Desktop\eclipse-jee-2025-12-R-win32-x86_64\eclipse\plugins\org.eclipse.m2e.maven.runtime_3.9.1101.20251020-1549\jars\asm-9.8.jar
2026-02-25 10:28:51,262 [Worker-58: Launching mavenrun-d89bb794-e8dc-4a60-9c2a-fad2e1de7a9f] INFO  o.eclipse.m2e.core.internal.Bundles - 	Entry: C:\Users\sahil\Desktop\eclipse-jee-2025-12-R-win32-x86_64\eclipse\plugins\org.eclipse.m2e.maven.runtime_3.9.1101.20251020-1549\jars\error_prone_annotations-2.38.0.jar
2026-02-25 10:28:51,263 [Worker-58: Launching mavenrun-d89bb794-e8dc-4a60-9c2a-fad2e1de7a9f] INFO  o.eclipse.m2e.core.internal.Bundles - 	Entry: C:\Users\sahil\Desktop\eclipse-jee-2025-12-R-win32-x86_64\eclipse\plugins\org.eclipse.m2e.maven.runtime_3.9.1101.20251020-1549\jars\gson-2.13.1.jar
2026-02-25 10:28:51,263 [Worker-58: Launching mavenrun-d89bb794-e8dc-4a60-9c2a-fad2e1de7a9f] INFO  o.eclipse.m2e.core.internal.Bundles - 	Entry: C:\Users\sahil\Desktop\eclipse-jee-2025-12-R-win32-x86_64\eclipse\plugins\org.eclipse.m2e.maven.runtime_3.9.1101.20251020-1549\jars\guice-5.1.0-classes.jar
2026-02-25 10:28:51,263 [Worker-58: Launching mavenrun-d89bb794-e8dc-4a60-9c2a-fad2e1de7a9f] INFO  o.eclipse.m2e.core.internal.Bundles - 	Entry: C:\Users\sahil\Desktop\eclipse-jee-2025-12-R-win32-x86_64\eclipse\plugins\org.eclipse.m2e.maven.runtime_3.9.1101.20251020-1549\jars\httpclient-4.5.14.jar
2026-02-25 10:28:51,264 [Worker-58: Launching mavenrun-d89bb794-e8dc-4a60-9c2a-fad2e1de7a9f] INFO  o.eclipse.m2e.core.internal.Bundles - 	Entry: C:\Users\sahil\Desktop\eclipse-jee-2025-12-R-win32-x86_64\eclipse\plugins\org.eclipse.m2e.maven.runtime_3.9.1101.20251020-1549\jars\httpcore-4.4.16.jar
2026-02-25 10:28:51,264 [Worker-58: Launching mavenrun-d89bb794-e8dc-4a60-9c2a-fad2e1de7a9f] INFO  o.eclipse.m2e.core.internal.Bundles - 	Entry: C:\Users\sahil\Desktop\eclipse-jee-2025-12-R-win32-x86_64\eclipse\plugins\org.eclipse.m2e.maven.runtime_3.9.1101.20251020-1549\jars\jansi-2.4.2.jar
2026-02-25 10:28:51,264 [Worker-58: Launching mavenrun-d89bb794-e8dc-4a60-9c2a-fad2e1de7a9f] INFO  o.eclipse.m2e.core.internal.Bundles - 	Entry: C:\Users\sahil\Desktop\eclipse-jee-2025-12-R-win32-x86_64\eclipse\plugins\org.eclipse.m2e.maven.runtime_3.9.1101.20251020-1549\jars\jcl-over-slf4j-1.7.36.jar
2026-02-25 10:28:51,264 [Worker-58: Launching mavenrun-d89bb794-e8dc-4a60-9c2a-fad2e1de7a9f] INFO  o.eclipse.m2e.core.internal.Bundles - 	Entry: C:\Users\sahil\Desktop\eclipse-jee-2025-12-R-win32-x86_64\eclipse\plugins\org.eclipse.m2e.maven.runtime_3.9.1101.20251020-1549\jars\maven-artifact-3.9.11.jar
2026-02-25 10:28:51,265 [Worker-58: Launching mavenrun-d89bb794-e8dc-4a60-9c2a-fad2e1de7a9f] INFO  o.eclipse.m2e.core.internal.Bundles - 	Entry: C:\Users\sahil\Desktop\eclipse-jee-2025-12-R-win32-x86_64\eclipse\plugins\org.eclipse.m2e.maven.runtime_3.9.1101.20251020-1549\jars\maven-builder-support-3.9.11.jar
2026-02-25 10:28:51,265 [Worker-58: Launching mavenrun-d89bb794-e8dc-4a60-9c2a-fad2e1de7a9f] INFO  o.eclipse.m2e.core.internal.Bundles - 	Entry: C:\Users\sahil\Desktop\eclipse-jee-2025-12-R-win32-x86_64\eclipse\plugins\org.eclipse.m2e.maven.runtime_3.9.1101.20251020-1549\jars\maven-compat-3.9.11.jar
2026-02-25 10:28:51,265 [Worker-58: Launching mavenrun-d89bb794-e8dc-4a60-9c2a-fad2e1de7a9f] INFO  o.eclipse.m2e.core.internal.Bundles - 	Entry: C:\Users\sahil\Desktop\eclipse-jee-2025-12-R-win32-x86_64\eclipse\plugins\org.eclipse.m2e.maven.runtime_3.9.1101.20251020-1549\jars\maven-core-3.9.11.jar
2026-02-25 10:28:51,266 [Worker-58: Launching mavenrun-d89bb794-e8dc-4a60-9c2a-fad2e1de7a9f] INFO  o.eclipse.m2e.core.internal.Bundles - 	Entry: C:\Users\sahil\Desktop\eclipse-jee-2025-12-R-win32-x86_64\eclipse\plugins\org.eclipse.m2e.maven.runtime_3.9.1101.20251020-1549\jars\maven-embedder-3.9.11.jar
2026-02-25 10:28:51,266 [Worker-58: Launching mavenrun-d89bb794-e8dc-4a60-9c2a-fad2e1de7a9f] INFO  o.eclipse.m2e.core.internal.Bundles - 	Entry: C:\Users\sahil\Desktop\eclipse-jee-2025-12-R-win32-x86_64\eclipse\plugins\org.eclipse.m2e.maven.runtime_3.9.1101.20251020-1549\jars\maven-model-3.9.11.jar
2026-02-25 10:28:51,267 [Worker-58: Launching mavenrun-d89bb794-e8dc-4a60-9c2a-fad2e1de7a9f] INFO  o.eclipse.m2e.core.internal.Bundles - 	Entry: C:\Users\sahil\Desktop\eclipse-jee-2025-12-R-win32-x86_64\eclipse\plugins\org.eclipse.m2e.maven.runtime_3.9.1101.20251020-1549\jars\maven-model-builder-3.9.11.jar
2026-02-25 10:28:51,267 [Worker-58: Launching mavenrun-d89bb794-e8dc-4a60-9c2a-fad2e1de7a9f] INFO  o.eclipse.m2e.core.internal.Bundles - 	Entry: C:\Users\sahil\Desktop\eclipse-jee-2025-12-R-win32-x86_64\eclipse\plugins\org.eclipse.m2e.maven.runtime_3.9.1101.20251020-1549\jars\maven-plugin-api-3.9.11.jar
2026-02-25 10:28:51,268 [Worker-58: Launching mavenrun-d89bb794-e8dc-4a60-9c2a-fad2e1de7a9f] INFO  o.eclipse.m2e.core.internal.Bundles - 	Entry: C:\Users\sahil\Desktop\eclipse-jee-2025-12-R-win32-x86_64\eclipse\plugins\org.eclipse.m2e.maven.runtime_3.9.1101.20251020-1549\jars\maven-repository-metadata-3.9.11.jar
2026-02-25 10:28:51,268 [Worker-58: Launching mavenrun-d89bb794-e8dc-4a60-9c2a-fad2e1de7a9f] INFO  o.eclipse.m2e.core.internal.Bundles - 	Entry: C:\Users\sahil\Desktop\eclipse-jee-2025-12-R-win32-x86_64\eclipse\plugins\org.eclipse.m2e.maven.runtime_3.9.1101.20251020-1549\jars\maven-resolver-api-1.9.24.jar
2026-02-25 10:28:51,269 [Worker-58: Launching mavenrun-d89bb794-e8dc-4a60-9c2a-fad2e1de7a9f] INFO  o.eclipse.m2e.core.internal.Bundles - 	Entry: C:\Users\sahil\Desktop\eclipse-jee-2025-12-R-win32-x86_64\eclipse\plugins\org.eclipse.m2e.maven.runtime_3.9.1101.20251020-1549\jars\maven-resolver-connector-basic-1.9.24.jar
2026-02-25 10:28:51,269 [Worker-58: Launching mavenrun-d89bb794-e8dc-4a60-9c2a-fad2e1de7a9f] INFO  o.eclipse.m2e.core.internal.Bundles - 	Entry: C:\Users\sahil\Desktop\eclipse-jee-2025-12-R-win32-x86_64\eclipse\plugins\org.eclipse.m2e.maven.runtime_3.9.1101.20251020-1549\jars\maven-resolver-impl-1.9.24.jar
2026-02-25 10:28:51,269 [Worker-58: Launching mavenrun-d89bb794-e8dc-4a60-9c2a-fad2e1de7a9f] INFO  o.eclipse.m2e.core.internal.Bundles - 	Entry: C:\Users\sahil\Desktop\eclipse-jee-2025-12-R-win32-x86_64\eclipse\plugins\org.eclipse.m2e.maven.runtime_3.9.1101.20251020-1549\jars\maven-resolver-named-locks-1.9.24.jar
2026-02-25 10:28:51,270 [Worker-58: Launching mavenrun-d89bb794-e8dc-4a60-9c2a-fad2e1de7a9f] INFO  o.eclipse.m2e.core.internal.Bundles - 	Entry: C:\Users\sahil\Desktop\eclipse-jee-2025-12-R-win32-x86_64\eclipse\plugins\org.eclipse.m2e.maven.runtime_3.9.1101.20251020-1549\jars\maven-resolver-provider-3.9.11.jar
2026-02-25 10:28:51,271 [Worker-58: Launching mavenrun-d89bb794-e8dc-4a60-9c2a-fad2e1de7a9f] INFO  o.eclipse.m2e.core.internal.Bundles - 	Entry: C:\Users\sahil\Desktop\eclipse-jee-2025-12-R-win32-x86_64\eclipse\plugins\org.eclipse.m2e.maven.runtime_3.9.1101.20251020-1549\jars\maven-resolver-spi-1.9.24.jar
2026-02-25 10:28:51,271 [Worker-58: Launching mavenrun-d89bb794-e8dc-4a60-9c2a-fad2e1de7a9f] INFO  o.eclipse.m2e.core.internal.Bundles - 	Entry: C:\Users\sahil\Desktop\eclipse-jee-2025-12-R-win32-x86_64\eclipse\plugins\org.eclipse.m2e.maven.runtime_3.9.1101.20251020-1549\jars\maven-resolver-transport-file-1.9.24.jar
2026-02-25 10:28:51,271 [Worker-58: Launching mavenrun-d89bb794-e8dc-4a60-9c2a-fad2e1de7a9f] INFO  o.eclipse.m2e.core.internal.Bundles - 	Entry: C:\Users\sahil\Desktop\eclipse-jee-2025-12-R-win32-x86_64\eclipse\plugins\org.eclipse.m2e.maven.runtime_3.9.1101.20251020-1549\jars\maven-resolver-transport-http-1.9.24.jar
2026-02-25 10:28:51,271 [Worker-58: Launching mavenrun-d89bb794-e8dc-4a60-9c2a-fad2e1de7a9f] INFO  o.eclipse.m2e.core.internal.Bundles - 	Entry: C:\Users\sahil\Desktop\eclipse-jee-2025-12-R-win32-x86_64\eclipse\plugins\org.eclipse.m2e.maven.runtime_3.9.1101.20251020-1549\jars\maven-resolver-transport-wagon-1.9.24.jar
2026-02-25 10:28:51,272 [Worker-58: Launching mavenrun-d89bb794-e8dc-4a60-9c2a-fad2e1de7a9f] INFO  o.eclipse.m2e.core.internal.Bundles - 	Entry: C:\Users\sahil\Desktop\eclipse-jee-2025-12-R-win32-x86_64\eclipse\plugins\org.eclipse.m2e.maven.runtime_3.9.1101.20251020-1549\jars\maven-resolver-util-1.9.24.jar
2026-02-25 10:28:51,272 [Worker-58: Launching mavenrun-d89bb794-e8dc-4a60-9c2a-fad2e1de7a9f] INFO  o.eclipse.m2e.core.internal.Bundles - 	Entry: C:\Users\sahil\Desktop\eclipse-jee-2025-12-R-win32-x86_64\eclipse\plugins\org.eclipse.m2e.maven.runtime_3.9.1101.20251020-1549\jars\maven-settings-3.9.11.jar
2026-02-25 10:28:51,272 [Worker-58: Launching mavenrun-d89bb794-e8dc-4a60-9c2a-fad2e1de7a9f] INFO  o.eclipse.m2e.core.internal.Bundles - 	Entry: C:\Users\sahil\Desktop\eclipse-jee-2025-12-R-win32-x86_64\eclipse\plugins\org.eclipse.m2e.maven.runtime_3.9.1101.20251020-1549\jars\maven-settings-builder-3.9.11.jar
2026-02-25 10:28:51,272 [Worker-58: Launching mavenrun-d89bb794-e8dc-4a60-9c2a-fad2e1de7a9f] INFO  o.eclipse.m2e.core.internal.Bundles - 	Entry: C:\Users\sahil\Desktop\eclipse-jee-2025-12-R-win32-x86_64\eclipse\plugins\org.eclipse.m2e.maven.runtime_3.9.1101.20251020-1549\jars\maven-shared-utils-3.4.2.jar
2026-02-25 10:28:51,272 [Worker-58: Launching mavenrun-d89bb794-e8dc-4a60-9c2a-fad2e1de7a9f] INFO  o.eclipse.m2e.core.internal.Bundles - 	Entry: C:\Users\sahil\Desktop\eclipse-jee-2025-12-R-win32-x86_64\eclipse\plugins\org.eclipse.m2e.maven.runtime_3.9.1101.20251020-1549\jars\org.eclipse.sisu.inject-0.9.0.M4.jar
2026-02-25 10:28:51,273 [Worker-58: Launching mavenrun-d89bb794-e8dc-4a60-9c2a-fad2e1de7a9f] INFO  o.eclipse.m2e.core.internal.Bundles - 	Entry: C:\Users\sahil\Desktop\eclipse-jee-2025-12-R-win32-x86_64\eclipse\plugins\org.eclipse.m2e.maven.runtime_3.9.1101.20251020-1549\jars\org.eclipse.sisu.plexus-0.9.0.M4.jar
2026-02-25 10:28:51,273 [Worker-58: Launching mavenrun-d89bb794-e8dc-4a60-9c2a-fad2e1de7a9f] INFO  o.eclipse.m2e.core.internal.Bundles - 	Entry: C:\Users\sahil\Desktop\eclipse-jee-2025-12-R-win32-x86_64\eclipse\plugins\org.eclipse.m2e.maven.runtime_3.9.1101.20251020-1549\jars\plexus-build-api-0.0.7.jar
2026-02-25 10:28:51,274 [Worker-58: Launching mavenrun-d89bb794-e8dc-4a60-9c2a-fad2e1de7a9f] INFO  o.eclipse.m2e.core.internal.Bundles - 	Entry: C:\Users\sahil\Desktop\eclipse-jee-2025-12-R-win32-x86_64\eclipse\plugins\org.eclipse.m2e.maven.runtime_3.9.1101.20251020-1549\jars\plexus-build-api-1.2.0.jar
2026-02-25 10:28:51,274 [Worker-58: Launching mavenrun-d89bb794-e8dc-4a60-9c2a-fad2e1de7a9f] INFO  o.eclipse.m2e.core.internal.Bundles - 	Entry: C:\Users\sahil\Desktop\eclipse-jee-2025-12-R-win32-x86_64\eclipse\plugins\org.eclipse.m2e.maven.runtime_3.9.1101.20251020-1549\jars\plexus-cipher-2.0.jar
2026-02-25 10:28:51,275 [Worker-58: Launching mavenrun-d89bb794-e8dc-4a60-9c2a-fad2e1de7a9f] INFO  o.eclipse.m2e.core.internal.Bundles - 	Entry: C:\Users\sahil\Desktop\eclipse-jee-2025-12-R-win32-x86_64\eclipse\plugins\org.eclipse.m2e.maven.runtime_3.9.1101.20251020-1549\jars\plexus-classworlds-2.9.0.jar
2026-02-25 10:28:51,275 [Worker-58: Launching mavenrun-d89bb794-e8dc-4a60-9c2a-fad2e1de7a9f] INFO  o.eclipse.m2e.core.internal.Bundles - 	Entry: C:\Users\sahil\Desktop\eclipse-jee-2025-12-R-win32-x86_64\eclipse\plugins\org.eclipse.m2e.maven.runtime_3.9.1101.20251020-1549\jars\plexus-component-annotations-2.2.0.jar
2026-02-25 10:28:51,275 [Worker-58: Launching mavenrun-d89bb794-e8dc-4a60-9c2a-fad2e1de7a9f] INFO  o.eclipse.m2e.core.internal.Bundles - 	Entry: C:\Users\sahil\Desktop\eclipse-jee-2025-12-R-win32-x86_64\eclipse\plugins\org.eclipse.m2e.maven.runtime_3.9.1101.20251020-1549\jars\plexus-interpolation-1.28.jar
2026-02-25 10:28:51,275 [Worker-58: Launching mavenrun-d89bb794-e8dc-4a60-9c2a-fad2e1de7a9f] INFO  o.eclipse.m2e.core.internal.Bundles - 	Entry: C:\Users\sahil\Desktop\eclipse-jee-2025-12-R-win32-x86_64\eclipse\plugins\org.eclipse.m2e.maven.runtime_3.9.1101.20251020-1549\jars\plexus-sec-dispatcher-2.0.jar
2026-02-25 10:28:51,276 [Worker-58: Launching mavenrun-d89bb794-e8dc-4a60-9c2a-fad2e1de7a9f] INFO  o.eclipse.m2e.core.internal.Bundles - 	Entry: C:\Users\sahil\Desktop\eclipse-jee-2025-12-R-win32-x86_64\eclipse\plugins\org.eclipse.m2e.maven.runtime_3.9.1101.20251020-1549\jars\plexus-utils-3.6.0.jar
2026-02-25 10:28:51,276 [Worker-58: Launching mavenrun-d89bb794-e8dc-4a60-9c2a-fad2e1de7a9f] INFO  o.eclipse.m2e.core.internal.Bundles - 	Entry: C:\Users\sahil\Desktop\eclipse-jee-2025-12-R-win32-x86_64\eclipse\plugins\org.eclipse.m2e.maven.runtime_3.9.1101.20251020-1549\jars\wagon-file-3.5.3.jar
2026-02-25 10:28:51,276 [Worker-58: Launching mavenrun-d89bb794-e8dc-4a60-9c2a-fad2e1de7a9f] INFO  o.eclipse.m2e.core.internal.Bundles - 	Entry: C:\Users\sahil\Desktop\eclipse-jee-2025-12-R-win32-x86_64\eclipse\plugins\org.eclipse.m2e.maven.runtime_3.9.1101.20251020-1549\jars\wagon-http-3.5.3.jar
2026-02-25 10:28:51,277 [Worker-58: Launching mavenrun-d89bb794-e8dc-4a60-9c2a-fad2e1de7a9f] INFO  o.eclipse.m2e.core.internal.Bundles - 	Entry: C:\Users\sahil\Desktop\eclipse-jee-2025-12-R-win32-x86_64\eclipse\plugins\org.eclipse.m2e.maven.runtime_3.9.1101.20251020-1549\jars\wagon-http-shared-3.5.3.jar
2026-02-25 10:28:51,277 [Worker-58: Launching mavenrun-d89bb794-e8dc-4a60-9c2a-fad2e1de7a9f] INFO  o.eclipse.m2e.core.internal.Bundles - 	Entry: C:\Users\sahil\Desktop\eclipse-jee-2025-12-R-win32-x86_64\eclipse\plugins\org.eclipse.m2e.maven.runtime_3.9.1101.20251020-1549\jars\wagon-provider-api-3.5.3.jar
2026-02-25 10:28:51,278 [Worker-58: Launching mavenrun-d89bb794-e8dc-4a60-9c2a-fad2e1de7a9f] INFO  o.eclipse.m2e.core.internal.Bundles - getClasspathEntries(Bundle=com.google.guava_33.5.0.jre [18])
2026-02-25 10:28:51,279 [Worker-58: Launching mavenrun-d89bb794-e8dc-4a60-9c2a-fad2e1de7a9f] INFO  o.eclipse.m2e.core.internal.Bundles - 	Entry: C:\Users\sahil\Desktop\eclipse-jee-2025-12-R-win32-x86_64\eclipse\plugins\com.google.guava_33.5.0.jre.jar
2026-02-25 10:28:51,279 [Worker-58: Launching mavenrun-d89bb794-e8dc-4a60-9c2a-fad2e1de7a9f] INFO  o.eclipse.m2e.core.internal.Bundles - getClasspathEntries(Bundle=slf4j.api_2.0.17 [1014])
2026-02-25 10:28:51,280 [Worker-58: Launching mavenrun-d89bb794-e8dc-4a60-9c2a-fad2e1de7a9f] INFO  o.eclipse.m2e.core.internal.Bundles - 	Entry: C:\Users\sahil\Desktop\eclipse-jee-2025-12-R-win32-x86_64\eclipse\plugins\slf4j.api_2.0.17.jar
2026-02-25 10:28:51,280 [Worker-58: Launching mavenrun-d89bb794-e8dc-4a60-9c2a-fad2e1de7a9f] INFO  o.eclipse.m2e.core.internal.Bundles - getClasspathEntries(Bundle=jakarta.inject.jakarta.inject-api_1.0.5 [35])
2026-02-25 10:28:51,281 [Worker-58: Launching mavenrun-d89bb794-e8dc-4a60-9c2a-fad2e1de7a9f] INFO  o.eclipse.m2e.core.internal.Bundles - 	Entry: C:\Users\sahil\Desktop\eclipse-jee-2025-12-R-win32-x86_64\eclipse\plugins\jakarta.inject.jakarta.inject-api_1.0.5.jar
2026-02-25 10:28:51,282 [Worker-58: Launching mavenrun-d89bb794-e8dc-4a60-9c2a-fad2e1de7a9f] INFO  o.eclipse.m2e.core.internal.Bundles - getClasspathEntries(Bundle=jakarta.annotation-api_1.3.5 [31])
2026-02-25 10:28:51,283 [Worker-58: Launching mavenrun-d89bb794-e8dc-4a60-9c2a-fad2e1de7a9f] INFO  o.eclipse.m2e.core.internal.Bundles - 	Entry: C:\Users\sahil\Desktop\eclipse-jee-2025-12-R-win32-x86_64\eclipse\plugins\jakarta.annotation-api_1.3.5.jar
2026-02-25 10:28:51,283 [Worker-58: Launching mavenrun-d89bb794-e8dc-4a60-9c2a-fad2e1de7a9f] INFO  o.eclipse.m2e.core.internal.Bundles - getClasspathEntries(Bundle=org.apache.commons.cli_1.11.0 [82])
2026-02-25 10:28:51,284 [Worker-58: Launching mavenrun-d89bb794-e8dc-4a60-9c2a-fad2e1de7a9f] INFO  o.eclipse.m2e.core.internal.Bundles - 	Entry: C:\Users\sahil\Desktop\eclipse-jee-2025-12-R-win32-x86_64\eclipse\plugins\org.apache.commons.cli_1.11.0.jar
2026-02-25 10:28:51,284 [Worker-58: Launching mavenrun-d89bb794-e8dc-4a60-9c2a-fad2e1de7a9f] INFO  o.eclipse.m2e.core.internal.Bundles - getClasspathEntries(Bundle=org.apache.commons.commons-codec_1.20.0 [84])
2026-02-25 10:28:51,285 [Worker-58: Launching mavenrun-d89bb794-e8dc-4a60-9c2a-fad2e1de7a9f] INFO  o.eclipse.m2e.core.internal.Bundles - 	Entry: C:\Users\sahil\Desktop\eclipse-jee-2025-12-R-win32-x86_64\eclipse\plugins\org.apache.commons.commons-codec_1.20.0.jar
2026-02-25 10:28:51,285 [Worker-58: Launching mavenrun-d89bb794-e8dc-4a60-9c2a-fad2e1de7a9f] INFO  o.eclipse.m2e.core.internal.Bundles - getClasspathEntries(Bundle=com.google.guava.failureaccess_1.0.3 [19])
2026-02-25 10:28:51,286 [Worker-58: Launching mavenrun-d89bb794-e8dc-4a60-9c2a-fad2e1de7a9f] INFO  o.eclipse.m2e.core.internal.Bundles - 	Entry: C:\Users\sahil\Desktop\eclipse-jee-2025-12-R-win32-x86_64\eclipse\plugins\com.google.guava.failureaccess_1.0.3.jar
2026-02-25 10:28:51,290 [Worker-58: Launching mavenrun-d89bb794-e8dc-4a60-9c2a-fad2e1de7a9f] INFO  o.e.m.i.launch.MavenLaunchDelegate - Run build in "C:\Users\sahil\AppData\Local\Temp\m2e-archetypeGenerator13176477904892102790":
2026-02-25 10:28:51,291 [Worker-58: Launching mavenrun-d89bb794-e8dc-4a60-9c2a-fad2e1de7a9f] INFO  o.e.m.i.launch.MavenLaunchDelegate -  mvn  -DarchetypeGroupId=org.apache.maven.archetypes -DarchetypeArtifactId=maven-archetype-quickstart -DarchetypeVersion=1.1 -DgroupId=org -DartifactId=Maven_2nd_Project -Dversion=0.0.1-SNAPSHOT -Dpackage=org.Maven_2nd_Project -DoutputDirectory=C:\Users\sahil\Desktop\Training(CapG) -Dstyle.color=always -U archetype:generate
2026-02-25 10:29:00,599 [Worker-53: Creating maven-archetype-quickstart] INFO  o.e.m.c.i.p.ProjectConfigurationManager - Collecting project info '/pom.xml' C:\Users\sahil\Desktop\Training(CapG)\Maven_2nd_Project\pom.xml
2026-02-25 10:29:00,703 [Worker-53: Creating maven-archetype-quickstart] INFO  o.e.m.c.i.l.LifecycleMappingFactory - Using org.eclipse.m2e.jdt.JarLifecycleMapping lifecycle mapping for MavenProject: org:Maven_2nd_Project:0.0.1-SNAPSHOT @ C:\Users\sahil\Desktop\Training(CapG)\Maven_2nd_Project\pom.xml.
2026-02-25 10:29:01,281 [Worker-53: Creating maven-archetype-quickstart] INFO  o.e.m.j.i.AbstractJavaProjectConfigurator - Adding source folder /Maven_2nd_Project/src/main/java
2026-02-25 10:29:01,282 [Worker-53: Creating maven-archetype-quickstart] INFO  o.e.m.j.i.AbstractJavaProjectConfigurator - Adding resource folder /Maven_2nd_Project/src/main/resources
2026-02-25 10:29:01,288 [Worker-53: Creating maven-archetype-quickstart] INFO  o.e.m.j.i.AbstractJavaProjectConfigurator - Adding source folder /Maven_2nd_Project/src/test/java
2026-02-25 10:29:01,289 [Worker-53: Creating maven-archetype-quickstart] INFO  o.e.m.j.i.AbstractJavaProjectConfigurator - Adding resource folder /Maven_2nd_Project/src/test/resources
2026-02-25 10:29:01,357 [Worker-53: Creating maven-archetype-quickstart] WARN  o.apache.maven.project.MavenProject - Direct modification of compileSourceRoots through clear() is deprecated and will not work in Maven 4.0.0. Please use the add/remove methods instead. If you're using a plugin that causes this warning, please upgrade to the latest version and report an issue if the warning persists. To disable these warnings, set -Dmaven.project.sourceRoots.warningsDisabled=true on the command line, in the .mvn/maven.config file, or in project POM properties.
2026-02-25 10:29:01,358 [Worker-53: Creating maven-archetype-quickstart] WARN  o.apache.maven.project.MavenProject - Direct modification of compileSourceRoots through add() is deprecated and will not work in Maven 4.0.0. Please use the add/remove methods instead. If you're using a plugin that causes this warning, please upgrade to the latest version and report an issue if the warning persists. To disable these warnings, set -Dmaven.project.sourceRoots.warningsDisabled=true on the command line, in the .mvn/maven.config file, or in project POM properties.
2026-02-25 10:29:01,359 [Worker-53: Creating maven-archetype-quickstart] WARN  o.apache.maven.project.MavenProject - Direct modification of testCompileSourceRoots through clear() is deprecated and will not work in Maven 4.0.0. Please use the add/remove methods instead. If you're using a plugin that causes this warning, please upgrade to the latest version and report an issue if the warning persists. To disable these warnings, set -Dmaven.project.sourceRoots.warningsDisabled=true on the command line, in the .mvn/maven.config file, or in project POM properties.
2026-02-25 10:29:01,361 [Worker-53: Creating maven-archetype-quickstart] WARN  o.apache.maven.project.MavenProject - Direct modification of testCompileSourceRoots through add() is deprecated and will not work in Maven 4.0.0. Please use the add/remove methods instead. If you're using a plugin that causes this warning, please upgrade to the latest version and report an issue if the warning persists. To disable these warnings, set -Dmaven.project.sourceRoots.warningsDisabled=true on the command line, in the .mvn/maven.config file, or in project POM properties.
2026-02-25 10:29:01,373 [Worker-53: Creating maven-archetype-quickstart] INFO  o.e.m.c.i.p.ProjectConfigurationManager - Imported and configured 1 project(s) in 0 sec
2026-02-25 10:29:01,880 [Worker-52: Building] INFO  o.a.m.s.f.DefaultMavenResourcesFiltering - skip non existing resourceDirectory C:\Users\sahil\Desktop\Training(CapG)\Maven_2nd_Project\src\main\resources
2026-02-25 10:29:01,886 [Worker-52: Building] INFO  o.a.m.s.f.DefaultMavenResourcesFiltering - skip non existing resourceDirectory C:\Users\sahil\Desktop\Training(CapG)\Maven_2nd_Project\src\test\resources
2026-02-25 10:29:01,905 [Worker-52: Building] WARN  o.apache.maven.project.MavenProject - Direct modification of compileSourceRoots through clear() is deprecated and will not work in Maven 4.0.0. Please use the add/remove methods instead. If you're using a plugin that causes this warning, please upgrade to the latest version and report an issue if the warning persists. To disable these warnings, set -Dmaven.project.sourceRoots.warningsDisabled=true on the command line, in the .mvn/maven.config file, or in project POM properties.
2026-02-25 10:29:01,906 [Worker-52: Building] WARN  o.apache.maven.project.MavenProject - Direct modification of compileSourceRoots through add() is deprecated and will not work in Maven 4.0.0. Please use the add/remove methods instead. If you're using a plugin that causes this warning, please upgrade to the latest version and report an issue if the warning persists. To disable these warnings, set -Dmaven.project.sourceRoots.warningsDisabled=true on the command line, in the .mvn/maven.config file, or in project POM properties.
2026-02-25 10:29:01,907 [Worker-52: Building] WARN  o.apache.maven.project.MavenProject - Direct modification of testCompileSourceRoots through clear() is deprecated and will not work in Maven 4.0.0. Please use the add/remove methods instead. If you're using a plugin that causes this warning, please upgrade to the latest version and report an issue if the warning persists. To disable these warnings, set -Dmaven.project.sourceRoots.warningsDisabled=true on the command line, in the .mvn/maven.config file, or in project POM properties.
2026-02-25 10:29:01,908 [Worker-52: Building] WARN  o.apache.maven.project.MavenProject - Direct modification of testCompileSourceRoots through add() is deprecated and will not work in Maven 4.0.0. Please use the add/remove methods instead. If you're using a plugin that causes this warning, please upgrade to the latest version and report an issue if the warning persists. To disable these warnings, set -Dmaven.project.sourceRoots.warningsDisabled=true on the command line, in the .mvn/maven.config file, or in project POM properties.
2026-02-25 10:40:40,551 [Worker-2: Loading available Gradle versions] INFO  o.e.b.c.i.u.g.PublishedGradleVersions - Gradle version information cache is out-of-date. Trying to update.
2026-02-26 09:34:26,124 [Worker-3: Loading available Gradle versions] INFO  o.e.b.c.i.u.g.PublishedGradleVersions - Gradle version information cache is up-to-date. Trying to read.
2026-02-26 10:03:36,571 [Worker-29: Building] INFO  o.e.m.c.i.l.LifecycleMappingFactory - Using org.eclipse.m2e.jdt.JarLifecycleMapping lifecycle mapping for MavenProject: org:Maven_Project:0.0.1-SNAPSHOT @ C:\Users\sahil\Desktop\Training(CapG)\Maven_Project\pom.xml.
2026-02-26 10:03:37,217 [Worker-29: Building] INFO  o.e.m.c.i.e.AbstractTransferListenerAdapter - Downloading https://repo.maven.apache.org/maven2/com/google/protobuf/protobuf-java/4.29.0/protobuf-java-4.29.0.pom
2026-02-26 10:03:37,234 [Worker-29: Building] INFO  o.e.m.c.i.e.AbstractTransferListenerAdapter - Downloaded https://repo.maven.apache.org/maven2/com/google/protobuf/protobuf-java/4.29.0/protobuf-java-4.29.0.pom
2026-02-26 10:03:37,360 [Worker-29: Building] INFO  o.e.m.c.i.e.AbstractTransferListenerAdapter - Downloading https://repo.maven.apache.org/maven2/com/google/protobuf/protobuf-parent/4.29.0/protobuf-parent-4.29.0.pom
2026-02-26 10:03:37,369 [Worker-29: Building] INFO  o.e.m.c.i.e.AbstractTransferListenerAdapter - Downloaded https://repo.maven.apache.org/maven2/com/google/protobuf/protobuf-parent/4.29.0/protobuf-parent-4.29.0.pom
2026-02-26 10:03:37,496 [Worker-29: Building] INFO  o.e.m.c.i.e.AbstractTransferListenerAdapter - Downloading https://repo.maven.apache.org/maven2/com/google/protobuf/protobuf-bom/4.29.0/protobuf-bom-4.29.0.pom
2026-02-26 10:03:37,504 [Worker-29: Building] INFO  o.e.m.c.i.e.AbstractTransferListenerAdapter - Downloaded https://repo.maven.apache.org/maven2/com/google/protobuf/protobuf-bom/4.29.0/protobuf-bom-4.29.0.pom
2026-02-26 10:03:37,618 [Worker-29: Building] INFO  o.e.m.c.i.e.AbstractTransferListenerAdapter - Downloading https://repo.maven.apache.org/maven2/com/google/protobuf/protobuf-java/4.29.0/protobuf-java-4.29.0.jar
2026-02-26 10:03:38,361 [Worker-29: Building] INFO  o.e.m.c.i.e.AbstractTransferListenerAdapter - Downloaded https://repo.maven.apache.org/maven2/com/google/protobuf/protobuf-java/4.29.0/protobuf-java-4.29.0.jar
2026-02-26 10:03:38,875 [Worker-29: Building] INFO  o.a.m.s.f.DefaultMavenResourcesFiltering - skip non existing resourceDirectory C:\Users\sahil\Desktop\Training(CapG)\Maven_Project\src\main\resources
2026-02-26 10:03:38,881 [Worker-29: Building] INFO  o.a.m.s.f.DefaultMavenResourcesFiltering - skip non existing resourceDirectory C:\Users\sahil\Desktop\Training(CapG)\Maven_Project\src\test\resources
2026-02-26 10:03:39,358 [Worker-29: Building] WARN  o.apache.maven.project.MavenProject - Direct modification of compileSourceRoots through clear() is deprecated and will not work in Maven 4.0.0. Please use the add/remove methods instead. If you're using a plugin that causes this warning, please upgrade to the latest version and report an issue if the warning persists. To disable these warnings, set -Dmaven.project.sourceRoots.warningsDisabled=true on the command line, in the .mvn/maven.config file, or in project POM properties.
2026-02-26 10:03:39,362 [Worker-29: Building] WARN  o.apache.maven.project.MavenProject - Direct modification of compileSourceRoots through add() is deprecated and will not work in Maven 4.0.0. Please use the add/remove methods instead. If you're using a plugin that causes this warning, please upgrade to the latest version and report an issue if the warning persists. To disable these warnings, set -Dmaven.project.sourceRoots.warningsDisabled=true on the command line, in the .mvn/maven.config file, or in project POM properties.
2026-02-26 10:03:39,363 [Worker-29: Building] WARN  o.apache.maven.project.MavenProject - Direct modification of testCompileSourceRoots through clear() is deprecated and will not work in Maven 4.0.0. Please use the add/remove methods instead. If you're using a plugin that causes this warning, please upgrade to the latest version and report an issue if the warning persists. To disable these warnings, set -Dmaven.project.sourceRoots.warningsDisabled=true on the command line, in the .mvn/maven.config file, or in project POM properties.
2026-02-26 10:03:39,363 [Worker-29: Building] WARN  o.apache.maven.project.MavenProject - Direct modification of testCompileSourceRoots through add() is deprecated and will not work in Maven 4.0.0. Please use the add/remove methods instead. If you're using a plugin that causes this warning, please upgrade to the latest version and report an issue if the warning persists. To disable these warnings, set -Dmaven.project.sourceRoots.warningsDisabled=true on the command line, in the .mvn/maven.config file, or in project POM properties.
2026-02-26 10:03:39,816 [Worker-28: Download sources and javadoc] INFO  o.e.m.c.i.e.AbstractTransferListenerAdapter - Downloading https://repo.maven.apache.org/maven2/com/mysql/mysql-connector-j/9.2.0/mysql-connector-j-9.2.0-sources.jar
2026-02-26 10:03:39,834 [Worker-31: Building] INFO  o.a.m.s.f.DefaultMavenResourcesFiltering - skip non existing resourceDirectory C:\Users\sahil\Desktop\Training(CapG)\Maven_Project\src\main\resources
2026-02-26 10:03:39,843 [Worker-31: Building] INFO  o.a.m.s.f.DefaultMavenResourcesFiltering - skip non existing resourceDirectory C:\Users\sahil\Desktop\Training(CapG)\Maven_Project\src\test\resources
2026-02-26 10:03:39,877 [Worker-31: Building] WARN  o.apache.maven.project.MavenProject - Direct modification of compileSourceRoots through clear() is deprecated and will not work in Maven 4.0.0. Please use the add/remove methods instead. If you're using a plugin that causes this warning, please upgrade to the latest version and report an issue if the warning persists. To disable these warnings, set -Dmaven.project.sourceRoots.warningsDisabled=true on the command line, in the .mvn/maven.config file, or in project POM properties.
2026-02-26 10:03:39,878 [Worker-31: Building] WARN  o.apache.maven.project.MavenProject - Direct modification of compileSourceRoots through add() is deprecated and will not work in Maven 4.0.0. Please use the add/remove methods instead. If you're using a plugin that causes this warning, please upgrade to the latest version and report an issue if the warning persists. To disable these warnings, set -Dmaven.project.sourceRoots.warningsDisabled=true on the command line, in the .mvn/maven.config file, or in project POM properties.
2026-02-26 10:03:39,880 [Worker-31: Building] WARN  o.apache.maven.project.MavenProject - Direct modification of testCompileSourceRoots through clear() is deprecated and will not work in Maven 4.0.0. Please use the add/remove methods instead. If you're using a plugin that causes this warning, please upgrade to the latest version and report an issue if the warning persists. To disable these warnings, set -Dmaven.project.sourceRoots.warningsDisabled=true on the command line, in the .mvn/maven.config file, or in project POM properties.
2026-02-26 10:03:39,881 [Worker-31: Building] WARN  o.apache.maven.project.MavenProject - Direct modification of testCompileSourceRoots through add() is deprecated and will not work in Maven 4.0.0. Please use the add/remove methods instead. If you're using a plugin that causes this warning, please upgrade to the latest version and report an issue if the warning persists. To disable these warnings, set -Dmaven.project.sourceRoots.warningsDisabled=true on the command line, in the .mvn/maven.config file, or in project POM properties.
2026-02-26 10:03:40,538 [Worker-28: Download sources and javadoc] INFO  o.e.m.c.i.e.AbstractTransferListenerAdapter - Downloaded https://repo.maven.apache.org/maven2/com/mysql/mysql-connector-j/9.2.0/mysql-connector-j-9.2.0-sources.jar
2026-02-26 10:03:40,547 [Worker-28: Download sources and javadoc] INFO  o.e.m.j.internal.DownloadSourcesJob - Downloaded sources for com.mysql:mysql-connector-j:9.2.0
2026-02-26 10:03:40,833 [Worker-28: Download sources and javadoc] INFO  o.e.m.c.i.e.AbstractTransferListenerAdapter - Downloading https://repo.maven.apache.org/maven2/com/google/protobuf/protobuf-java/4.29.0/protobuf-java-4.29.0-sources.jar
2026-02-26 10:03:41,304 [Worker-28: Download sources and javadoc] INFO  o.e.m.c.i.e.AbstractTransferListenerAdapter - Downloaded https://repo.maven.apache.org/maven2/com/google/protobuf/protobuf-java/4.29.0/protobuf-java-4.29.0-sources.jar
2026-02-26 10:03:41,309 [Worker-28: Download sources and javadoc] INFO  o.e.m.j.internal.DownloadSourcesJob - Downloaded sources for com.google.protobuf:protobuf-java:4.29.0
2026-02-26 10:05:12,270 [Worker-32: Launching mavenrun-c49bb75d-e8b5-42b5-ac07-0c27017958ee] INFO  o.eclipse.m2e.core.internal.Bundles - getClasspathEntries(Bundle=org.eclipse.m2e.maven.runtime_3.9.1101.20251020-1549 [649])
2026-02-26 10:05:12,274 [Worker-32: Launching mavenrun-c49bb75d-e8b5-42b5-ac07-0c27017958ee] INFO  o.eclipse.m2e.core.internal.Bundles - 	Entry: C:\Users\sahil\Desktop\eclipse-jee-2025-12-R-win32-x86_64\eclipse\plugins\org.eclipse.m2e.maven.runtime_3.9.1101.20251020-1549
2026-02-26 10:05:12,275 [Worker-32: Launching mavenrun-c49bb75d-e8b5-42b5-ac07-0c27017958ee] INFO  o.eclipse.m2e.core.internal.Bundles - 	Entry: C:\Users\sahil\Desktop\eclipse-jee-2025-12-R-win32-x86_64\eclipse\plugins\org.eclipse.m2e.maven.runtime_3.9.1101.20251020-1549\jars\aopalliance-1.0.jar
2026-02-26 10:05:12,276 [Worker-32: Launching mavenrun-c49bb75d-e8b5-42b5-ac07-0c27017958ee] INFO  o.eclipse.m2e.core.internal.Bundles - 	Entry: C:\Users\sahil\Desktop\eclipse-jee-2025-12-R-win32-x86_64\eclipse\plugins\org.eclipse.m2e.maven.runtime_3.9.1101.20251020-1549\jars\asm-9.8.jar
2026-02-26 10:05:12,278 [Worker-32: Launching mavenrun-c49bb75d-e8b5-42b5-ac07-0c27017958ee] INFO  o.eclipse.m2e.core.internal.Bundles - 	Entry: C:\Users\sahil\Desktop\eclipse-jee-2025-12-R-win32-x86_64\eclipse\plugins\org.eclipse.m2e.maven.runtime_3.9.1101.20251020-1549\jars\error_prone_annotations-2.38.0.jar
2026-02-26 10:05:12,278 [Worker-32: Launching mavenrun-c49bb75d-e8b5-42b5-ac07-0c27017958ee] INFO  o.eclipse.m2e.core.internal.Bundles - 	Entry: C:\Users\sahil\Desktop\eclipse-jee-2025-12-R-win32-x86_64\eclipse\plugins\org.eclipse.m2e.maven.runtime_3.9.1101.20251020-1549\jars\gson-2.13.1.jar
2026-02-26 10:05:12,280 [Worker-32: Launching mavenrun-c49bb75d-e8b5-42b5-ac07-0c27017958ee] INFO  o.eclipse.m2e.core.internal.Bundles - 	Entry: C:\Users\sahil\Desktop\eclipse-jee-2025-12-R-win32-x86_64\eclipse\plugins\org.eclipse.m2e.maven.runtime_3.9.1101.20251020-1549\jars\guice-5.1.0-classes.jar
2026-02-26 10:05:12,281 [Worker-32: Launching mavenrun-c49bb75d-e8b5-42b5-ac07-0c27017958ee] INFO  o.eclipse.m2e.core.internal.Bundles - 	Entry: C:\Users\sahil\Desktop\eclipse-jee-2025-12-R-win32-x86_64\eclipse\plugins\org.eclipse.m2e.maven.runtime_3.9.1101.20251020-1549\jars\httpclient-4.5.14.jar
2026-02-26 10:05:12,282 [Worker-32: Launching mavenrun-c49bb75d-e8b5-42b5-ac07-0c27017958ee] INFO  o.eclipse.m2e.core.internal.Bundles - 	Entry: C:\Users\sahil\Desktop\eclipse-jee-2025-12-R-win32-x86_64\eclipse\plugins\org.eclipse.m2e.maven.runtime_3.9.1101.20251020-1549\jars\httpcore-4.4.16.jar
2026-02-26 10:05:12,284 [Worker-32: Launching mavenrun-c49bb75d-e8b5-42b5-ac07-0c27017958ee] INFO  o.eclipse.m2e.core.internal.Bundles - 	Entry: C:\Users\sahil\Desktop\eclipse-jee-2025-12-R-win32-x86_64\eclipse\plugins\org.eclipse.m2e.maven.runtime_3.9.1101.20251020-1549\jars\jansi-2.4.2.jar
2026-02-26 10:05:12,286 [Worker-32: Launching mavenrun-c49bb75d-e8b5-42b5-ac07-0c27017958ee] INFO  o.eclipse.m2e.core.internal.Bundles - 	Entry: C:\Users\sahil\Desktop\eclipse-jee-2025-12-R-win32-x86_64\eclipse\plugins\org.eclipse.m2e.maven.runtime_3.9.1101.20251020-1549\jars\jcl-over-slf4j-1.7.36.jar
2026-02-26 10:05:12,287 [Worker-32: Launching mavenrun-c49bb75d-e8b5-42b5-ac07-0c27017958ee] INFO  o.eclipse.m2e.core.internal.Bundles - 	Entry: C:\Users\sahil\Desktop\eclipse-jee-2025-12-R-win32-x86_64\eclipse\plugins\org.eclipse.m2e.maven.runtime_3.9.1101.20251020-1549\jars\maven-artifact-3.9.11.jar
2026-02-26 10:05:12,287 [Worker-32: Launching mavenrun-c49bb75d-e8b5-42b5-ac07-0c27017958ee] INFO  o.eclipse.m2e.core.internal.Bundles - 	Entry: C:\Users\sahil\Desktop\eclipse-jee-2025-12-R-win32-x86_64\eclipse\plugins\org.eclipse.m2e.maven.runtime_3.9.1101.20251020-1549\jars\maven-builder-support-3.9.11.jar
2026-02-26 10:05:12,287 [Worker-32: Launching mavenrun-c49bb75d-e8b5-42b5-ac07-0c27017958ee] INFO  o.eclipse.m2e.core.internal.Bundles - 	Entry: C:\Users\sahil\Desktop\eclipse-jee-2025-12-R-win32-x86_64\eclipse\plugins\org.eclipse.m2e.maven.runtime_3.9.1101.20251020-1549\jars\maven-compat-3.9.11.jar
2026-02-26 10:05:12,288 [Worker-32: Launching mavenrun-c49bb75d-e8b5-42b5-ac07-0c27017958ee] INFO  o.eclipse.m2e.core.internal.Bundles - 	Entry: C:\Users\sahil\Desktop\eclipse-jee-2025-12-R-win32-x86_64\eclipse\plugins\org.eclipse.m2e.maven.runtime_3.9.1101.20251020-1549\jars\maven-core-3.9.11.jar
2026-02-26 10:05:12,288 [Worker-32: Launching mavenrun-c49bb75d-e8b5-42b5-ac07-0c27017958ee] INFO  o.eclipse.m2e.core.internal.Bundles - 	Entry: C:\Users\sahil\Desktop\eclipse-jee-2025-12-R-win32-x86_64\eclipse\plugins\org.eclipse.m2e.maven.runtime_3.9.1101.20251020-1549\jars\maven-embedder-3.9.11.jar
2026-02-26 10:05:12,288 [Worker-32: Launching mavenrun-c49bb75d-e8b5-42b5-ac07-0c27017958ee] INFO  o.eclipse.m2e.core.internal.Bundles - 	Entry: C:\Users\sahil\Desktop\eclipse-jee-2025-12-R-win32-x86_64\eclipse\plugins\org.eclipse.m2e.maven.runtime_3.9.1101.20251020-1549\jars\maven-model-3.9.11.jar
2026-02-26 10:05:12,289 [Worker-32: Launching mavenrun-c49bb75d-e8b5-42b5-ac07-0c27017958ee] INFO  o.eclipse.m2e.core.internal.Bundles - 	Entry: C:\Users\sahil\Desktop\eclipse-jee-2025-12-R-win32-x86_64\eclipse\plugins\org.eclipse.m2e.maven.runtime_3.9.1101.20251020-1549\jars\maven-model-builder-3.9.11.jar
2026-02-26 10:05:12,289 [Worker-32: Launching mavenrun-c49bb75d-e8b5-42b5-ac07-0c27017958ee] INFO  o.eclipse.m2e.core.internal.Bundles - 	Entry: C:\Users\sahil\Desktop\eclipse-jee-2025-12-R-win32-x86_64\eclipse\plugins\org.eclipse.m2e.maven.runtime_3.9.1101.20251020-1549\jars\maven-plugin-api-3.9.11.jar
2026-02-26 10:05:12,289 [Worker-32: Launching mavenrun-c49bb75d-e8b5-42b5-ac07-0c27017958ee] INFO  o.eclipse.m2e.core.internal.Bundles - 	Entry: C:\Users\sahil\Desktop\eclipse-jee-2025-12-R-win32-x86_64\eclipse\plugins\org.eclipse.m2e.maven.runtime_3.9.1101.20251020-1549\jars\maven-repository-metadata-3.9.11.jar
2026-02-26 10:05:12,290 [Worker-32: Launching mavenrun-c49bb75d-e8b5-42b5-ac07-0c27017958ee] INFO  o.eclipse.m2e.core.internal.Bundles - 	Entry: C:\Users\sahil\Desktop\eclipse-jee-2025-12-R-win32-x86_64\eclipse\plugins\org.eclipse.m2e.maven.runtime_3.9.1101.20251020-1549\jars\maven-resolver-api-1.9.24.jar
2026-02-26 10:05:12,290 [Worker-32: Launching mavenrun-c49bb75d-e8b5-42b5-ac07-0c27017958ee] INFO  o.eclipse.m2e.core.internal.Bundles - 	Entry: C:\Users\sahil\Desktop\eclipse-jee-2025-12-R-win32-x86_64\eclipse\plugins\org.eclipse.m2e.maven.runtime_3.9.1101.20251020-1549\jars\maven-resolver-connector-basic-1.9.24.jar
2026-02-26 10:05:12,290 [Worker-32: Launching mavenrun-c49bb75d-e8b5-42b5-ac07-0c27017958ee] INFO  o.eclipse.m2e.core.internal.Bundles - 	Entry: C:\Users\sahil\Desktop\eclipse-jee-2025-12-R-win32-x86_64\eclipse\plugins\org.eclipse.m2e.maven.runtime_3.9.1101.20251020-1549\jars\maven-resolver-impl-1.9.24.jar
2026-02-26 10:05:12,291 [Worker-32: Launching mavenrun-c49bb75d-e8b5-42b5-ac07-0c27017958ee] INFO  o.eclipse.m2e.core.internal.Bundles - 	Entry: C:\Users\sahil\Desktop\eclipse-jee-2025-12-R-win32-x86_64\eclipse\plugins\org.eclipse.m2e.maven.runtime_3.9.1101.20251020-1549\jars\maven-resolver-named-locks-1.9.24.jar
2026-02-26 10:05:12,291 [Worker-32: Launching mavenrun-c49bb75d-e8b5-42b5-ac07-0c27017958ee] INFO  o.eclipse.m2e.core.internal.Bundles - 	Entry: C:\Users\sahil\Desktop\eclipse-jee-2025-12-R-win32-x86_64\eclipse\plugins\org.eclipse.m2e.maven.runtime_3.9.1101.20251020-1549\jars\maven-resolver-provider-3.9.11.jar
2026-02-26 10:05:12,292 [Worker-32: Launching mavenrun-c49bb75d-e8b5-42b5-ac07-0c27017958ee] INFO  o.eclipse.m2e.core.internal.Bundles - 	Entry: C:\Users\sahil\Desktop\eclipse-jee-2025-12-R-win32-x86_64\eclipse\plugins\org.eclipse.m2e.maven.runtime_3.9.1101.20251020-1549\jars\maven-resolver-spi-1.9.24.jar
2026-02-26 10:05:12,292 [Worker-32: Launching mavenrun-c49bb75d-e8b5-42b5-ac07-0c27017958ee] INFO  o.eclipse.m2e.core.internal.Bundles - 	Entry: C:\Users\sahil\Desktop\eclipse-jee-2025-12-R-win32-x86_64\eclipse\plugins\org.eclipse.m2e.maven.runtime_3.9.1101.20251020-1549\jars\maven-resolver-transport-file-1.9.24.jar
2026-02-26 10:05:12,292 [Worker-32: Launching mavenrun-c49bb75d-e8b5-42b5-ac07-0c27017958ee] INFO  o.eclipse.m2e.core.internal.Bundles - 	Entry: C:\Users\sahil\Desktop\eclipse-jee-2025-12-R-win32-x86_64\eclipse\plugins\org.eclipse.m2e.maven.runtime_3.9.1101.20251020-1549\jars\maven-resolver-transport-http-1.9.24.jar
2026-02-26 10:05:12,293 [Worker-32: Launching mavenrun-c49bb75d-e8b5-42b5-ac07-0c27017958ee] INFO  o.eclipse.m2e.core.internal.Bundles - 	Entry: C:\Users\sahil\Desktop\eclipse-jee-2025-12-R-win32-x86_64\eclipse\plugins\org.eclipse.m2e.maven.runtime_3.9.1101.20251020-1549\jars\maven-resolver-transport-wagon-1.9.24.jar
2026-02-26 10:05:12,293 [Worker-32: Launching mavenrun-c49bb75d-e8b5-42b5-ac07-0c27017958ee] INFO  o.eclipse.m2e.core.internal.Bundles - 	Entry: C:\Users\sahil\Desktop\eclipse-jee-2025-12-R-win32-x86_64\eclipse\plugins\org.eclipse.m2e.maven.runtime_3.9.1101.20251020-1549\jars\maven-resolver-util-1.9.24.jar
2026-02-26 10:05:12,294 [Worker-32: Launching mavenrun-c49bb75d-e8b5-42b5-ac07-0c27017958ee] INFO  o.eclipse.m2e.core.internal.Bundles - 	Entry: C:\Users\sahil\Desktop\eclipse-jee-2025-12-R-win32-x86_64\eclipse\plugins\org.eclipse.m2e.maven.runtime_3.9.1101.20251020-1549\jars\maven-settings-3.9.11.jar
2026-02-26 10:05:12,294 [Worker-32: Launching mavenrun-c49bb75d-e8b5-42b5-ac07-0c27017958ee] INFO  o.eclipse.m2e.core.internal.Bundles - 	Entry: C:\Users\sahil\Desktop\eclipse-jee-2025-12-R-win32-x86_64\eclipse\plugins\org.eclipse.m2e.maven.runtime_3.9.1101.20251020-1549\jars\maven-settings-builder-3.9.11.jar
2026-02-26 10:05:12,294 [Worker-32: Launching mavenrun-c49bb75d-e8b5-42b5-ac07-0c27017958ee] INFO  o.eclipse.m2e.core.internal.Bundles - 	Entry: C:\Users\sahil\Desktop\eclipse-jee-2025-12-R-win32-x86_64\eclipse\plugins\org.eclipse.m2e.maven.runtime_3.9.1101.20251020-1549\jars\maven-shared-utils-3.4.2.jar
2026-02-26 10:05:12,295 [Worker-32: Launching mavenrun-c49bb75d-e8b5-42b5-ac07-0c27017958ee] INFO  o.eclipse.m2e.core.internal.Bundles - 	Entry: C:\Users\sahil\Desktop\eclipse-jee-2025-12-R-win32-x86_64\eclipse\plugins\org.eclipse.m2e.maven.runtime_3.9.1101.20251020-1549\jars\org.eclipse.sisu.inject-0.9.0.M4.jar
2026-02-26 10:05:12,295 [Worker-32: Launching mavenrun-c49bb75d-e8b5-42b5-ac07-0c27017958ee] INFO  o.eclipse.m2e.core.internal.Bundles - 	Entry: C:\Users\sahil\Desktop\eclipse-jee-2025-12-R-win32-x86_64\eclipse\plugins\org.eclipse.m2e.maven.runtime_3.9.1101.20251020-1549\jars\org.eclipse.sisu.plexus-0.9.0.M4.jar
2026-02-26 10:05:12,295 [Worker-32: Launching mavenrun-c49bb75d-e8b5-42b5-ac07-0c27017958ee] INFO  o.eclipse.m2e.core.internal.Bundles - 	Entry: C:\Users\sahil\Desktop\eclipse-jee-2025-12-R-win32-x86_64\eclipse\plugins\org.eclipse.m2e.maven.runtime_3.9.1101.20251020-1549\jars\plexus-build-api-0.0.7.jar
2026-02-26 10:05:12,296 [Worker-32: Launching mavenrun-c49bb75d-e8b5-42b5-ac07-0c27017958ee] INFO  o.eclipse.m2e.core.internal.Bundles - 	Entry: C:\Users\sahil\Desktop\eclipse-jee-2025-12-R-win32-x86_64\eclipse\plugins\org.eclipse.m2e.maven.runtime_3.9.1101.20251020-1549\jars\plexus-build-api-1.2.0.jar
2026-02-26 10:05:12,296 [Worker-32: Launching mavenrun-c49bb75d-e8b5-42b5-ac07-0c27017958ee] INFO  o.eclipse.m2e.core.internal.Bundles - 	Entry: C:\Users\sahil\Desktop\eclipse-jee-2025-12-R-win32-x86_64\eclipse\plugins\org.eclipse.m2e.maven.runtime_3.9.1101.20251020-1549\jars\plexus-cipher-2.0.jar
2026-02-26 10:05:12,297 [Worker-32: Launching mavenrun-c49bb75d-e8b5-42b5-ac07-0c27017958ee] INFO  o.eclipse.m2e.core.internal.Bundles - 	Entry: C:\Users\sahil\Desktop\eclipse-jee-2025-12-R-win32-x86_64\eclipse\plugins\org.eclipse.m2e.maven.runtime_3.9.1101.20251020-1549\jars\plexus-classworlds-2.9.0.jar
2026-02-26 10:05:12,297 [Worker-32: Launching mavenrun-c49bb75d-e8b5-42b5-ac07-0c27017958ee] INFO  o.eclipse.m2e.core.internal.Bundles - 	Entry: C:\Users\sahil\Desktop\eclipse-jee-2025-12-R-win32-x86_64\eclipse\plugins\org.eclipse.m2e.maven.runtime_3.9.1101.20251020-1549\jars\plexus-component-annotations-2.2.0.jar
2026-02-26 10:05:12,297 [Worker-32: Launching mavenrun-c49bb75d-e8b5-42b5-ac07-0c27017958ee] INFO  o.eclipse.m2e.core.internal.Bundles - 	Entry: C:\Users\sahil\Desktop\eclipse-jee-2025-12-R-win32-x86_64\eclipse\plugins\org.eclipse.m2e.maven.runtime_3.9.1101.20251020-1549\jars\plexus-interpolation-1.28.jar
2026-02-26 10:05:12,298 [Worker-32: Launching mavenrun-c49bb75d-e8b5-42b5-ac07-0c27017958ee] INFO  o.eclipse.m2e.core.internal.Bundles - 	Entry: C:\Users\sahil\Desktop\eclipse-jee-2025-12-R-win32-x86_64\eclipse\plugins\org.eclipse.m2e.maven.runtime_3.9.1101.20251020-1549\jars\plexus-sec-dispatcher-2.0.jar
2026-02-26 10:05:12,298 [Worker-32: Launching mavenrun-c49bb75d-e8b5-42b5-ac07-0c27017958ee] INFO  o.eclipse.m2e.core.internal.Bundles - 	Entry: C:\Users\sahil\Desktop\eclipse-jee-2025-12-R-win32-x86_64\eclipse\plugins\org.eclipse.m2e.maven.runtime_3.9.1101.20251020-1549\jars\plexus-utils-3.6.0.jar
2026-02-26 10:05:12,299 [Worker-32: Launching mavenrun-c49bb75d-e8b5-42b5-ac07-0c27017958ee] INFO  o.eclipse.m2e.core.internal.Bundles - 	Entry: C:\Users\sahil\Desktop\eclipse-jee-2025-12-R-win32-x86_64\eclipse\plugins\org.eclipse.m2e.maven.runtime_3.9.1101.20251020-1549\jars\wagon-file-3.5.3.jar
2026-02-26 10:05:12,299 [Worker-32: Launching mavenrun-c49bb75d-e8b5-42b5-ac07-0c27017958ee] INFO  o.eclipse.m2e.core.internal.Bundles - 	Entry: C:\Users\sahil\Desktop\eclipse-jee-2025-12-R-win32-x86_64\eclipse\plugins\org.eclipse.m2e.maven.runtime_3.9.1101.20251020-1549\jars\wagon-http-3.5.3.jar
2026-02-26 10:05:12,300 [Worker-32: Launching mavenrun-c49bb75d-e8b5-42b5-ac07-0c27017958ee] INFO  o.eclipse.m2e.core.internal.Bundles - 	Entry: C:\Users\sahil\Desktop\eclipse-jee-2025-12-R-win32-x86_64\eclipse\plugins\org.eclipse.m2e.maven.runtime_3.9.1101.20251020-1549\jars\wagon-http-shared-3.5.3.jar
2026-02-26 10:05:12,300 [Worker-32: Launching mavenrun-c49bb75d-e8b5-42b5-ac07-0c27017958ee] INFO  o.eclipse.m2e.core.internal.Bundles - 	Entry: C:\Users\sahil\Desktop\eclipse-jee-2025-12-R-win32-x86_64\eclipse\plugins\org.eclipse.m2e.maven.runtime_3.9.1101.20251020-1549\jars\wagon-provider-api-3.5.3.jar
2026-02-26 10:05:12,305 [Worker-32: Launching mavenrun-c49bb75d-e8b5-42b5-ac07-0c27017958ee] INFO  o.eclipse.m2e.core.internal.Bundles - getClasspathEntries(Bundle=com.google.guava_33.5.0.jre [18])
2026-02-26 10:05:12,307 [Worker-32: Launching mavenrun-c49bb75d-e8b5-42b5-ac07-0c27017958ee] INFO  o.eclipse.m2e.core.internal.Bundles - 	Entry: C:\Users\sahil\Desktop\eclipse-jee-2025-12-R-win32-x86_64\eclipse\plugins\com.google.guava_33.5.0.jre.jar
2026-02-26 10:05:12,307 [Worker-32: Launching mavenrun-c49bb75d-e8b5-42b5-ac07-0c27017958ee] INFO  o.eclipse.m2e.core.internal.Bundles - getClasspathEntries(Bundle=slf4j.api_2.0.17 [1014])
2026-02-26 10:05:12,308 [Worker-32: Launching mavenrun-c49bb75d-e8b5-42b5-ac07-0c27017958ee] INFO  o.eclipse.m2e.core.internal.Bundles - 	Entry: C:\Users\sahil\Desktop\eclipse-jee-2025-12-R-win32-x86_64\eclipse\plugins\slf4j.api_2.0.17.jar
2026-02-26 10:05:12,308 [Worker-32: Launching mavenrun-c49bb75d-e8b5-42b5-ac07-0c27017958ee] INFO  o.eclipse.m2e.core.internal.Bundles - getClasspathEntries(Bundle=jakarta.inject.jakarta.inject-api_1.0.5 [35])
2026-02-26 10:05:12,313 [Worker-32: Launching mavenrun-c49bb75d-e8b5-42b5-ac07-0c27017958ee] INFO  o.eclipse.m2e.core.internal.Bundles - 	Entry: C:\Users\sahil\Desktop\eclipse-jee-2025-12-R-win32-x86_64\eclipse\plugins\jakarta.inject.jakarta.inject-api_1.0.5.jar
2026-02-26 10:05:12,313 [Worker-32: Launching mavenrun-c49bb75d-e8b5-42b5-ac07-0c27017958ee] INFO  o.eclipse.m2e.core.internal.Bundles - getClasspathEntries(Bundle=jakarta.annotation-api_1.3.5 [31])
2026-02-26 10:05:12,315 [Worker-32: Launching mavenrun-c49bb75d-e8b5-42b5-ac07-0c27017958ee] INFO  o.eclipse.m2e.core.internal.Bundles - 	Entry: C:\Users\sahil\Desktop\eclipse-jee-2025-12-R-win32-x86_64\eclipse\plugins\jakarta.annotation-api_1.3.5.jar
2026-02-26 10:05:12,315 [Worker-32: Launching mavenrun-c49bb75d-e8b5-42b5-ac07-0c27017958ee] INFO  o.eclipse.m2e.core.internal.Bundles - getClasspathEntries(Bundle=org.apache.commons.cli_1.11.0 [82])
2026-02-26 10:05:12,316 [Worker-32: Launching mavenrun-c49bb75d-e8b5-42b5-ac07-0c27017958ee] INFO  o.eclipse.m2e.core.internal.Bundles - 	Entry: C:\Users\sahil\Desktop\eclipse-jee-2025-12-R-win32-x86_64\eclipse\plugins\org.apache.commons.cli_1.11.0.jar
2026-02-26 10:05:12,316 [Worker-32: Launching mavenrun-c49bb75d-e8b5-42b5-ac07-0c27017958ee] INFO  o.eclipse.m2e.core.internal.Bundles - getClasspathEntries(Bundle=org.apache.commons.commons-codec_1.20.0 [84])
2026-02-26 10:05:12,317 [Worker-32: Launching mavenrun-c49bb75d-e8b5-42b5-ac07-0c27017958ee] INFO  o.eclipse.m2e.core.internal.Bundles - 	Entry: C:\Users\sahil\Desktop\eclipse-jee-2025-12-R-win32-x86_64\eclipse\plugins\org.apache.commons.commons-codec_1.20.0.jar
2026-02-26 10:05:12,318 [Worker-32: Launching mavenrun-c49bb75d-e8b5-42b5-ac07-0c27017958ee] INFO  o.eclipse.m2e.core.internal.Bundles - getClasspathEntries(Bundle=com.google.guava.failureaccess_1.0.3 [19])
2026-02-26 10:05:12,319 [Worker-32: Launching mavenrun-c49bb75d-e8b5-42b5-ac07-0c27017958ee] INFO  o.eclipse.m2e.core.internal.Bundles - 	Entry: C:\Users\sahil\Desktop\eclipse-jee-2025-12-R-win32-x86_64\eclipse\plugins\com.google.guava.failureaccess_1.0.3.jar
2026-02-26 10:05:12,329 [Worker-32: Launching mavenrun-c49bb75d-e8b5-42b5-ac07-0c27017958ee] INFO  o.e.m.i.launch.MavenLaunchDelegate - Run build in "C:\Users\sahil\AppData\Local\Temp\m2e-archetypeGenerator746239798557332773":
2026-02-26 10:05:12,331 [Worker-32: Launching mavenrun-c49bb75d-e8b5-42b5-ac07-0c27017958ee] INFO  o.e.m.i.launch.MavenLaunchDelegate -  mvn  -DarchetypeGroupId=org.apache.maven.archetypes -DarchetypeArtifactId=maven-archetype-quickstart -DarchetypeVersion=1.1 -DgroupId=com -DartifactId=Student_Managment_System -Dversion=0.0.1-SNAPSHOT -Dpackage=com -DoutputDirectory=C:\Users\sahil\Desktop\Training(CapG) -Dstyle.color=always -U archetype:generate
2026-02-26 10:05:23,257 [Worker-29: Creating maven-archetype-quickstart] INFO  o.e.m.c.i.p.ProjectConfigurationManager - Collecting project info '/pom.xml' C:\Users\sahil\Desktop\Training(CapG)\Student_Managment_System\pom.xml
2026-02-26 10:05:23,345 [Worker-29: Creating maven-archetype-quickstart] INFO  o.e.m.c.i.l.LifecycleMappingFactory - Using org.eclipse.m2e.jdt.JarLifecycleMapping lifecycle mapping for MavenProject: com:Student_Managment_System:0.0.1-SNAPSHOT @ C:\Users\sahil\Desktop\Training(CapG)\Student_Managment_System\pom.xml.
2026-02-26 10:05:23,884 [Worker-29: Creating maven-archetype-quickstart] INFO  o.e.m.j.i.AbstractJavaProjectConfigurator - Adding source folder /Student_Managment_System/src/main/java
2026-02-26 10:05:23,887 [Worker-29: Creating maven-archetype-quickstart] INFO  o.e.m.j.i.AbstractJavaProjectConfigurator - Adding resource folder /Student_Managment_System/src/main/resources
2026-02-26 10:05:23,894 [Worker-29: Creating maven-archetype-quickstart] INFO  o.e.m.j.i.AbstractJavaProjectConfigurator - Adding source folder /Student_Managment_System/src/test/java
2026-02-26 10:05:23,895 [Worker-29: Creating maven-archetype-quickstart] INFO  o.e.m.j.i.AbstractJavaProjectConfigurator - Adding resource folder /Student_Managment_System/src/test/resources
2026-02-26 10:05:24,085 [Worker-29: Creating maven-archetype-quickstart] WARN  o.apache.maven.project.MavenProject - Direct modification of compileSourceRoots through clear() is deprecated and will not work in Maven 4.0.0. Please use the add/remove methods instead. If you're using a plugin that causes this warning, please upgrade to the latest version and report an issue if the warning persists. To disable these warnings, set -Dmaven.project.sourceRoots.warningsDisabled=true on the command line, in the .mvn/maven.config file, or in project POM properties.
2026-02-26 10:05:24,087 [Worker-29: Creating maven-archetype-quickstart] WARN  o.apache.maven.project.MavenProject - Direct modification of compileSourceRoots through add() is deprecated and will not work in Maven 4.0.0. Please use the add/remove methods instead. If you're using a plugin that causes this warning, please upgrade to the latest version and report an issue if the warning persists. To disable these warnings, set -Dmaven.project.sourceRoots.warningsDisabled=true on the command line, in the .mvn/maven.config file, or in project POM properties.
2026-02-26 10:05:24,088 [Worker-29: Creating maven-archetype-quickstart] WARN  o.apache.maven.project.MavenProject - Direct modification of testCompileSourceRoots through clear() is deprecated and will not work in Maven 4.0.0. Please use the add/remove methods instead. If you're using a plugin that causes this warning, please upgrade to the latest version and report an issue if the warning persists. To disable these warnings, set -Dmaven.project.sourceRoots.warningsDisabled=true on the command line, in the .mvn/maven.config file, or in project POM properties.
2026-02-26 10:05:24,090 [Worker-29: Creating maven-archetype-quickstart] WARN  o.apache.maven.project.MavenProject - Direct modification of testCompileSourceRoots through add() is deprecated and will not work in Maven 4.0.0. Please use the add/remove methods instead. If you're using a plugin that causes this warning, please upgrade to the latest version and report an issue if the warning persists. To disable these warnings, set -Dmaven.project.sourceRoots.warningsDisabled=true on the command line, in the .mvn/maven.config file, or in project POM properties.
2026-02-26 10:05:24,110 [Worker-29: Creating maven-archetype-quickstart] INFO  o.e.m.c.i.p.ProjectConfigurationManager - Imported and configured 1 project(s) in 0 sec
2026-02-26 10:05:24,765 [Worker-33: Building] INFO  o.a.m.s.f.DefaultMavenResourcesFiltering - skip non existing resourceDirectory C:\Users\sahil\Desktop\Training(CapG)\Student_Managment_System\src\main\resources
2026-02-26 10:05:24,770 [Worker-33: Building] INFO  o.a.m.s.f.DefaultMavenResourcesFiltering - skip non existing resourceDirectory C:\Users\sahil\Desktop\Training(CapG)\Student_Managment_System\src\test\resources
2026-02-26 10:05:24,791 [Worker-33: Building] WARN  o.apache.maven.project.MavenProject - Direct modification of compileSourceRoots through clear() is deprecated and will not work in Maven 4.0.0. Please use the add/remove methods instead. If you're using a plugin that causes this warning, please upgrade to the latest version and report an issue if the warning persists. To disable these warnings, set -Dmaven.project.sourceRoots.warningsDisabled=true on the command line, in the .mvn/maven.config file, or in project POM properties.
2026-02-26 10:05:24,792 [Worker-33: Building] WARN  o.apache.maven.project.MavenProject - Direct modification of compileSourceRoots through add() is deprecated and will not work in Maven 4.0.0. Please use the add/remove methods instead. If you're using a plugin that causes this warning, please upgrade to the latest version and report an issue if the warning persists. To disable these warnings, set -Dmaven.project.sourceRoots.warningsDisabled=true on the command line, in the .mvn/maven.config file, or in project POM properties.
2026-02-26 10:05:24,793 [Worker-33: Building] WARN  o.apache.maven.project.MavenProject - Direct modification of testCompileSourceRoots through clear() is deprecated and will not work in Maven 4.0.0. Please use the add/remove methods instead. If you're using a plugin that causes this warning, please upgrade to the latest version and report an issue if the warning persists. To disable these warnings, set -Dmaven.project.sourceRoots.warningsDisabled=true on the command line, in the .mvn/maven.config file, or in project POM properties.
2026-02-26 10:05:24,794 [Worker-33: Building] WARN  o.apache.maven.project.MavenProject - Direct modification of testCompileSourceRoots through add() is deprecated and will not work in Maven 4.0.0. Please use the add/remove methods instead. If you're using a plugin that causes this warning, please upgrade to the latest version and report an issue if the warning persists. To disable these warnings, set -Dmaven.project.sourceRoots.warningsDisabled=true on the command line, in the .mvn/maven.config file, or in project POM properties.
2026-02-26 10:10:09,812 [Worker-35: Building] INFO  o.a.m.s.f.DefaultMavenResourcesFiltering - skip non existing resourceDirectory C:\Users\sahil\Desktop\Training(CapG)\Student_Managment_System\src\main\resources
2026-02-26 10:10:09,818 [Worker-35: Building] INFO  o.a.m.s.f.DefaultMavenResourcesFiltering - skip non existing resourceDirectory C:\Users\sahil\Desktop\Training(CapG)\Student_Managment_System\src\test\resources
2026-02-26 10:10:09,820 [Worker-35: Building] WARN  o.apache.maven.project.MavenProject - Direct modification of compileSourceRoots through clear() is deprecated and will not work in Maven 4.0.0. Please use the add/remove methods instead. If you're using a plugin that causes this warning, please upgrade to the latest version and report an issue if the warning persists. To disable these warnings, set -Dmaven.project.sourceRoots.warningsDisabled=true on the command line, in the .mvn/maven.config file, or in project POM properties.
2026-02-26 10:10:09,821 [Worker-35: Building] WARN  o.apache.maven.project.MavenProject - Direct modification of compileSourceRoots through add() is deprecated and will not work in Maven 4.0.0. Please use the add/remove methods instead. If you're using a plugin that causes this warning, please upgrade to the latest version and report an issue if the warning persists. To disable these warnings, set -Dmaven.project.sourceRoots.warningsDisabled=true on the command line, in the .mvn/maven.config file, or in project POM properties.
2026-02-26 10:10:09,823 [Worker-35: Building] WARN  o.apache.maven.project.MavenProject - Direct modification of testCompileSourceRoots through clear() is deprecated and will not work in Maven 4.0.0. Please use the add/remove methods instead. If you're using a plugin that causes this warning, please upgrade to the latest version and report an issue if the warning persists. To disable these warnings, set -Dmaven.project.sourceRoots.warningsDisabled=true on the command line, in the .mvn/maven.config file, or in project POM properties.
2026-02-26 10:10:09,824 [Worker-35: Building] WARN  o.apache.maven.project.MavenProject - Direct modification of testCompileSourceRoots through add() is deprecated and will not work in Maven 4.0.0. Please use the add/remove methods instead. If you're using a plugin that causes this warning, please upgrade to the latest version and report an issue if the warning persists. To disable these warnings, set -Dmaven.project.sourceRoots.warningsDisabled=true on the command line, in the .mvn/maven.config file, or in project POM properties.
2026-02-26 10:13:31,275 [Worker-42: Building] INFO  o.a.m.s.f.DefaultMavenResourcesFiltering - skip non existing resourceDirectory C:\Users\sahil\Desktop\Training(CapG)\Student_Managment_System\src\main\resources
2026-02-26 10:13:31,279 [Worker-42: Building] INFO  o.a.m.s.f.DefaultMavenResourcesFiltering - skip non existing resourceDirectory C:\Users\sahil\Desktop\Training(CapG)\Student_Managment_System\src\test\resources
2026-02-26 10:13:31,279 [Worker-42: Building] WARN  o.apache.maven.project.MavenProject - Direct modification of compileSourceRoots through clear() is deprecated and will not work in Maven 4.0.0. Please use the add/remove methods instead. If you're using a plugin that causes this warning, please upgrade to the latest version and report an issue if the warning persists. To disable these warnings, set -Dmaven.project.sourceRoots.warningsDisabled=true on the command line, in the .mvn/maven.config file, or in project POM properties.
2026-02-26 10:13:31,280 [Worker-42: Building] WARN  o.apache.maven.project.MavenProject - Direct modification of compileSourceRoots through add() is deprecated and will not work in Maven 4.0.0. Please use the add/remove methods instead. If you're using a plugin that causes this warning, please upgrade to the latest version and report an issue if the warning persists. To disable these warnings, set -Dmaven.project.sourceRoots.warningsDisabled=true on the command line, in the .mvn/maven.config file, or in project POM properties.
2026-02-26 10:13:31,281 [Worker-42: Building] WARN  o.apache.maven.project.MavenProject - Direct modification of testCompileSourceRoots through clear() is deprecated and will not work in Maven 4.0.0. Please use the add/remove methods instead. If you're using a plugin that causes this warning, please upgrade to the latest version and report an issue if the warning persists. To disable these warnings, set -Dmaven.project.sourceRoots.warningsDisabled=true on the command line, in the .mvn/maven.config file, or in project POM properties.
2026-02-26 10:13:31,282 [Worker-42: Building] WARN  o.apache.maven.project.MavenProject - Direct modification of testCompileSourceRoots through add() is deprecated and will not work in Maven 4.0.0. Please use the add/remove methods instead. If you're using a plugin that causes this warning, please upgrade to the latest version and report an issue if the warning persists. To disable these warnings, set -Dmaven.project.sourceRoots.warningsDisabled=true on the command line, in the .mvn/maven.config file, or in project POM properties.
2026-02-26 10:13:49,855 [Worker-37: Building] INFO  o.a.m.s.f.DefaultMavenResourcesFiltering - skip non existing resourceDirectory C:\Users\sahil\Desktop\Training(CapG)\Student_Managment_System\src\main\resources
2026-02-26 10:13:49,858 [Worker-37: Building] INFO  o.a.m.s.f.DefaultMavenResourcesFiltering - skip non existing resourceDirectory C:\Users\sahil\Desktop\Training(CapG)\Student_Managment_System\src\test\resources
2026-02-26 10:13:49,858 [Worker-37: Building] WARN  o.apache.maven.project.MavenProject - Direct modification of compileSourceRoots through clear() is deprecated and will not work in Maven 4.0.0. Please use the add/remove methods instead. If you're using a plugin that causes this warning, please upgrade to the latest version and report an issue if the warning persists. To disable these warnings, set -Dmaven.project.sourceRoots.warningsDisabled=true on the command line, in the .mvn/maven.config file, or in project POM properties.
2026-02-26 10:13:49,859 [Worker-37: Building] WARN  o.apache.maven.project.MavenProject - Direct modification of compileSourceRoots through add() is deprecated and will not work in Maven 4.0.0. Please use the add/remove methods instead. If you're using a plugin that causes this warning, please upgrade to the latest version and report an issue if the warning persists. To disable these warnings, set -Dmaven.project.sourceRoots.warningsDisabled=true on the command line, in the .mvn/maven.config file, or in project POM properties.
2026-02-26 10:13:49,860 [Worker-37: Building] WARN  o.apache.maven.project.MavenProject - Direct modification of testCompileSourceRoots through clear() is deprecated and will not work in Maven 4.0.0. Please use the add/remove methods instead. If you're using a plugin that causes this warning, please upgrade to the latest version and report an issue if the warning persists. To disable these warnings, set -Dmaven.project.sourceRoots.warningsDisabled=true on the command line, in the .mvn/maven.config file, or in project POM properties.
2026-02-26 10:13:49,861 [Worker-37: Building] WARN  o.apache.maven.project.MavenProject - Direct modification of testCompileSourceRoots through add() is deprecated and will not work in Maven 4.0.0. Please use the add/remove methods instead. If you're using a plugin that causes this warning, please upgrade to the latest version and report an issue if the warning persists. To disable these warnings, set -Dmaven.project.sourceRoots.warningsDisabled=true on the command line, in the .mvn/maven.config file, or in project POM properties.
2026-02-26 10:16:53,830 [Worker-37: Building] INFO  o.a.m.s.f.DefaultMavenResourcesFiltering - skip non existing resourceDirectory C:\Users\sahil\Desktop\Training(CapG)\Student_Managment_System\src\main\resources
2026-02-26 10:16:53,833 [Worker-37: Building] INFO  o.a.m.s.f.DefaultMavenResourcesFiltering - skip non existing resourceDirectory C:\Users\sahil\Desktop\Training(CapG)\Student_Managment_System\src\test\resources
2026-02-26 10:16:53,833 [Worker-37: Building] WARN  o.apache.maven.project.MavenProject - Direct modification of compileSourceRoots through clear() is deprecated and will not work in Maven 4.0.0. Please use the add/remove methods instead. If you're using a plugin that causes this warning, please upgrade to the latest version and report an issue if the warning persists. To disable these warnings, set -Dmaven.project.sourceRoots.warningsDisabled=true on the command line, in the .mvn/maven.config file, or in project POM properties.
2026-02-26 10:16:53,834 [Worker-37: Building] WARN  o.apache.maven.project.MavenProject - Direct modification of compileSourceRoots through add() is deprecated and will not work in Maven 4.0.0. Please use the add/remove methods instead. If you're using a plugin that causes this warning, please upgrade to the latest version and report an issue if the warning persists. To disable these warnings, set -Dmaven.project.sourceRoots.warningsDisabled=true on the command line, in the .mvn/maven.config file, or in project POM properties.
2026-02-26 10:16:53,835 [Worker-37: Building] WARN  o.apache.maven.project.MavenProject - Direct modification of testCompileSourceRoots through clear() is deprecated and will not work in Maven 4.0.0. Please use the add/remove methods instead. If you're using a plugin that causes this warning, please upgrade to the latest version and report an issue if the warning persists. To disable these warnings, set -Dmaven.project.sourceRoots.warningsDisabled=true on the command line, in the .mvn/maven.config file, or in project POM properties.
2026-02-26 10:16:53,836 [Worker-37: Building] WARN  o.apache.maven.project.MavenProject - Direct modification of testCompileSourceRoots through add() is deprecated and will not work in Maven 4.0.0. Please use the add/remove methods instead. If you're using a plugin that causes this warning, please upgrade to the latest version and report an issue if the warning persists. To disable these warnings, set -Dmaven.project.sourceRoots.warningsDisabled=true on the command line, in the .mvn/maven.config file, or in project POM properties.
2026-02-26 10:17:46,857 [Worker-46: Building] INFO  o.e.m.c.i.l.LifecycleMappingFactory - Using org.eclipse.m2e.jdt.JarLifecycleMapping lifecycle mapping for MavenProject: com:Student_Managment_System:0.0.1-SNAPSHOT @ C:\Users\sahil\Desktop\Training(CapG)\Student_Managment_System\pom.xml.
2026-02-26 10:17:46,934 [Worker-46: Building] INFO  o.a.m.s.f.DefaultMavenResourcesFiltering - skip non existing resourceDirectory C:\Users\sahil\Desktop\Training(CapG)\Student_Managment_System\src\main\resources
2026-02-26 10:17:46,938 [Worker-46: Building] INFO  o.a.m.s.f.DefaultMavenResourcesFiltering - skip non existing resourceDirectory C:\Users\sahil\Desktop\Training(CapG)\Student_Managment_System\src\test\resources
2026-02-26 10:17:46,949 [Worker-46: Building] WARN  o.apache.maven.project.MavenProject - Direct modification of compileSourceRoots through clear() is deprecated and will not work in Maven 4.0.0. Please use the add/remove methods instead. If you're using a plugin that causes this warning, please upgrade to the latest version and report an issue if the warning persists. To disable these warnings, set -Dmaven.project.sourceRoots.warningsDisabled=true on the command line, in the .mvn/maven.config file, or in project POM properties.
2026-02-26 10:17:46,950 [Worker-46: Building] WARN  o.apache.maven.project.MavenProject - Direct modification of compileSourceRoots through add() is deprecated and will not work in Maven 4.0.0. Please use the add/remove methods instead. If you're using a plugin that causes this warning, please upgrade to the latest version and report an issue if the warning persists. To disable these warnings, set -Dmaven.project.sourceRoots.warningsDisabled=true on the command line, in the .mvn/maven.config file, or in project POM properties.
2026-02-26 10:17:46,951 [Worker-46: Building] WARN  o.apache.maven.project.MavenProject - Direct modification of testCompileSourceRoots through clear() is deprecated and will not work in Maven 4.0.0. Please use the add/remove methods instead. If you're using a plugin that causes this warning, please upgrade to the latest version and report an issue if the warning persists. To disable these warnings, set -Dmaven.project.sourceRoots.warningsDisabled=true on the command line, in the .mvn/maven.config file, or in project POM properties.
2026-02-26 10:17:46,952 [Worker-46: Building] WARN  o.apache.maven.project.MavenProject - Direct modification of testCompileSourceRoots through add() is deprecated and will not work in Maven 4.0.0. Please use the add/remove methods instead. If you're using a plugin that causes this warning, please upgrade to the latest version and report an issue if the warning persists. To disable these warnings, set -Dmaven.project.sourceRoots.warningsDisabled=true on the command line, in the .mvn/maven.config file, or in project POM properties.
2026-02-26 10:17:48,147 [Worker-37: Building] INFO  o.a.m.s.f.DefaultMavenResourcesFiltering - skip non existing resourceDirectory C:\Users\sahil\Desktop\Training(CapG)\Student_Managment_System\src\main\resources
2026-02-26 10:17:48,152 [Worker-37: Building] INFO  o.a.m.s.f.DefaultMavenResourcesFiltering - skip non existing resourceDirectory C:\Users\sahil\Desktop\Training(CapG)\Student_Managment_System\src\test\resources
2026-02-26 10:17:48,170 [Worker-37: Building] WARN  o.apache.maven.project.MavenProject - Direct modification of compileSourceRoots through clear() is deprecated and will not work in Maven 4.0.0. Please use the add/remove methods instead. If you're using a plugin that causes this warning, please upgrade to the latest version and report an issue if the warning persists. To disable these warnings, set -Dmaven.project.sourceRoots.warningsDisabled=true on the command line, in the .mvn/maven.config file, or in project POM properties.
2026-02-26 10:17:48,171 [Worker-37: Building] WARN  o.apache.maven.project.MavenProject - Direct modification of compileSourceRoots through add() is deprecated and will not work in Maven 4.0.0. Please use the add/remove methods instead. If you're using a plugin that causes this warning, please upgrade to the latest version and report an issue if the warning persists. To disable these warnings, set -Dmaven.project.sourceRoots.warningsDisabled=true on the command line, in the .mvn/maven.config file, or in project POM properties.
2026-02-26 10:17:48,172 [Worker-37: Building] WARN  o.apache.maven.project.MavenProject - Direct modification of testCompileSourceRoots through clear() is deprecated and will not work in Maven 4.0.0. Please use the add/remove methods instead. If you're using a plugin that causes this warning, please upgrade to the latest version and report an issue if the warning persists. To disable these warnings, set -Dmaven.project.sourceRoots.warningsDisabled=true on the command line, in the .mvn/maven.config file, or in project POM properties.
2026-02-26 10:17:48,173 [Worker-37: Building] WARN  o.apache.maven.project.MavenProject - Direct modification of testCompileSourceRoots through add() is deprecated and will not work in Maven 4.0.0. Please use the add/remove methods instead. If you're using a plugin that causes this warning, please upgrade to the latest version and report an issue if the warning persists. To disable these warnings, set -Dmaven.project.sourceRoots.warningsDisabled=true on the command line, in the .mvn/maven.config file, or in project POM properties.
2026-02-26 10:21:36,461 [Worker-43: Launching StepsOfJDBC] INFO  o.a.m.s.f.DefaultMavenResourcesFiltering - skip non existing resourceDirectory C:\Users\sahil\Desktop\Training(CapG)\Student_Managment_System\src\main\resources
2026-02-26 10:21:36,466 [Worker-43: Launching StepsOfJDBC] INFO  o.a.m.s.f.DefaultMavenResourcesFiltering - skip non existing resourceDirectory C:\Users\sahil\Desktop\Training(CapG)\Student_Managment_System\src\test\resources
2026-02-26 10:21:36,467 [Worker-43: Launching StepsOfJDBC] WARN  o.apache.maven.project.MavenProject - Direct modification of compileSourceRoots through clear() is deprecated and will not work in Maven 4.0.0. Please use the add/remove methods instead. If you're using a plugin that causes this warning, please upgrade to the latest version and report an issue if the warning persists. To disable these warnings, set -Dmaven.project.sourceRoots.warningsDisabled=true on the command line, in the .mvn/maven.config file, or in project POM properties.
2026-02-26 10:21:36,469 [Worker-43: Launching StepsOfJDBC] WARN  o.apache.maven.project.MavenProject - Direct modification of compileSourceRoots through add() is deprecated and will not work in Maven 4.0.0. Please use the add/remove methods instead. If you're using a plugin that causes this warning, please upgrade to the latest version and report an issue if the warning persists. To disable these warnings, set -Dmaven.project.sourceRoots.warningsDisabled=true on the command line, in the .mvn/maven.config file, or in project POM properties.
2026-02-26 10:21:36,471 [Worker-43: Launching StepsOfJDBC] WARN  o.apache.maven.project.MavenProject - Direct modification of testCompileSourceRoots through clear() is deprecated and will not work in Maven 4.0.0. Please use the add/remove methods instead. If you're using a plugin that causes this warning, please upgrade to the latest version and report an issue if the warning persists. To disable these warnings, set -Dmaven.project.sourceRoots.warningsDisabled=true on the command line, in the .mvn/maven.config file, or in project POM properties.
2026-02-26 10:21:36,472 [Worker-43: Launching StepsOfJDBC] WARN  o.apache.maven.project.MavenProject - Direct modification of testCompileSourceRoots through add() is deprecated and will not work in Maven 4.0.0. Please use the add/remove methods instead. If you're using a plugin that causes this warning, please upgrade to the latest version and report an issue if the warning persists. To disable these warnings, set -Dmaven.project.sourceRoots.warningsDisabled=true on the command line, in the .mvn/maven.config file, or in project POM properties.
2026-02-26 10:24:21,395 [Worker-47: Building] INFO  o.e.m.c.i.l.LifecycleMappingFactory - Using org.eclipse.m2e.jdt.JarLifecycleMapping lifecycle mapping for MavenProject: com:Student_Managment_System:0.0.1-SNAPSHOT @ C:\Users\sahil\Desktop\Training(CapG)\Student_Managment_System\pom.xml.
2026-02-26 10:24:21,486 [Worker-47: Building] INFO  o.a.m.s.f.DefaultMavenResourcesFiltering - skip non existing resourceDirectory C:\Users\sahil\Desktop\Training(CapG)\Student_Managment_System\src\main\resources
2026-02-26 10:24:21,490 [Worker-47: Building] INFO  o.a.m.s.f.DefaultMavenResourcesFiltering - skip non existing resourceDirectory C:\Users\sahil\Desktop\Training(CapG)\Student_Managment_System\src\test\resources
2026-02-26 10:24:21,504 [Worker-47: Building] WARN  o.apache.maven.project.MavenProject - Direct modification of compileSourceRoots through clear() is deprecated and will not work in Maven 4.0.0. Please use the add/remove methods instead. If you're using a plugin that causes this warning, please upgrade to the latest version and report an issue if the warning persists. To disable these warnings, set -Dmaven.project.sourceRoots.warningsDisabled=true on the command line, in the .mvn/maven.config file, or in project POM properties.
2026-02-26 10:24:21,505 [Worker-47: Building] WARN  o.apache.maven.project.MavenProject - Direct modification of compileSourceRoots through add() is deprecated and will not work in Maven 4.0.0. Please use the add/remove methods instead. If you're using a plugin that causes this warning, please upgrade to the latest version and report an issue if the warning persists. To disable these warnings, set -Dmaven.project.sourceRoots.warningsDisabled=true on the command line, in the .mvn/maven.config file, or in project POM properties.
2026-02-26 10:24:21,506 [Worker-47: Building] WARN  o.apache.maven.project.MavenProject - Direct modification of testCompileSourceRoots through clear() is deprecated and will not work in Maven 4.0.0. Please use the add/remove methods instead. If you're using a plugin that causes this warning, please upgrade to the latest version and report an issue if the warning persists. To disable these warnings, set -Dmaven.project.sourceRoots.warningsDisabled=true on the command line, in the .mvn/maven.config file, or in project POM properties.
2026-02-26 10:24:21,507 [Worker-47: Building] WARN  o.apache.maven.project.MavenProject - Direct modification of testCompileSourceRoots through add() is deprecated and will not work in Maven 4.0.0. Please use the add/remove methods instead. If you're using a plugin that causes this warning, please upgrade to the latest version and report an issue if the warning persists. To disable these warnings, set -Dmaven.project.sourceRoots.warningsDisabled=true on the command line, in the .mvn/maven.config file, or in project POM properties.
2026-02-26 10:51:07,904 [Worker-52: Building] INFO  o.a.m.s.f.DefaultMavenResourcesFiltering - skip non existing resourceDirectory C:\Users\sahil\Desktop\Training(CapG)\Student_Managment_System\src\main\resources
2026-02-26 10:51:07,913 [Worker-52: Building] INFO  o.a.m.s.f.DefaultMavenResourcesFiltering - skip non existing resourceDirectory C:\Users\sahil\Desktop\Training(CapG)\Student_Managment_System\src\test\resources
2026-02-26 10:51:07,914 [Worker-52: Building] WARN  o.apache.maven.project.MavenProject - Direct modification of compileSourceRoots through clear() is deprecated and will not work in Maven 4.0.0. Please use the add/remove methods instead. If you're using a plugin that causes this warning, please upgrade to the latest version and report an issue if the warning persists. To disable these warnings, set -Dmaven.project.sourceRoots.warningsDisabled=true on the command line, in the .mvn/maven.config file, or in project POM properties.
2026-02-26 10:51:07,920 [Worker-52: Building] WARN  o.apache.maven.project.MavenProject - Direct modification of compileSourceRoots through add() is deprecated and will not work in Maven 4.0.0. Please use the add/remove methods instead. If you're using a plugin that causes this warning, please upgrade to the latest version and report an issue if the warning persists. To disable these warnings, set -Dmaven.project.sourceRoots.warningsDisabled=true on the command line, in the .mvn/maven.config file, or in project POM properties.
2026-02-26 10:51:07,922 [Worker-52: Building] WARN  o.apache.maven.project.MavenProject - Direct modification of testCompileSourceRoots through clear() is deprecated and will not work in Maven 4.0.0. Please use the add/remove methods instead. If you're using a plugin that causes this warning, please upgrade to the latest version and report an issue if the warning persists. To disable these warnings, set -Dmaven.project.sourceRoots.warningsDisabled=true on the command line, in the .mvn/maven.config file, or in project POM properties.
2026-02-26 10:51:07,923 [Worker-52: Building] WARN  o.apache.maven.project.MavenProject - Direct modification of testCompileSourceRoots through add() is deprecated and will not work in Maven 4.0.0. Please use the add/remove methods instead. If you're using a plugin that causes this warning, please upgrade to the latest version and report an issue if the warning persists. To disable these warnings, set -Dmaven.project.sourceRoots.warningsDisabled=true on the command line, in the .mvn/maven.config file, or in project POM properties.
2026-02-26 10:55:13,823 [Worker-56: Building] INFO  o.a.m.s.f.DefaultMavenResourcesFiltering - skip non existing resourceDirectory C:\Users\sahil\Desktop\Training(CapG)\Student_Managment_System\src\main\resources
2026-02-26 10:55:13,826 [Worker-56: Building] INFO  o.a.m.s.f.DefaultMavenResourcesFiltering - skip non existing resourceDirectory C:\Users\sahil\Desktop\Training(CapG)\Student_Managment_System\src\test\resources
2026-02-26 10:55:13,826 [Worker-56: Building] WARN  o.apache.maven.project.MavenProject - Direct modification of compileSourceRoots through clear() is deprecated and will not work in Maven 4.0.0. Please use the add/remove methods instead. If you're using a plugin that causes this warning, please upgrade to the latest version and report an issue if the warning persists. To disable these warnings, set -Dmaven.project.sourceRoots.warningsDisabled=true on the command line, in the .mvn/maven.config file, or in project POM properties.
2026-02-26 10:55:13,827 [Worker-56: Building] WARN  o.apache.maven.project.MavenProject - Direct modification of compileSourceRoots through add() is deprecated and will not work in Maven 4.0.0. Please use the add/remove methods instead. If you're using a plugin that causes this warning, please upgrade to the latest version and report an issue if the warning persists. To disable these warnings, set -Dmaven.project.sourceRoots.warningsDisabled=true on the command line, in the .mvn/maven.config file, or in project POM properties.
2026-02-26 10:55:13,828 [Worker-56: Building] WARN  o.apache.maven.project.MavenProject - Direct modification of testCompileSourceRoots through clear() is deprecated and will not work in Maven 4.0.0. Please use the add/remove methods instead. If you're using a plugin that causes this warning, please upgrade to the latest version and report an issue if the warning persists. To disable these warnings, set -Dmaven.project.sourceRoots.warningsDisabled=true on the command line, in the .mvn/maven.config file, or in project POM properties.
2026-02-26 10:55:13,829 [Worker-56: Building] WARN  o.apache.maven.project.MavenProject - Direct modification of testCompileSourceRoots through add() is deprecated and will not work in Maven 4.0.0. Please use the add/remove methods instead. If you're using a plugin that causes this warning, please upgrade to the latest version and report an issue if the warning persists. To disable these warnings, set -Dmaven.project.sourceRoots.warningsDisabled=true on the command line, in the .mvn/maven.config file, or in project POM properties.
2026-02-26 10:57:20,770 [Worker-57: Launching StepsOfJDBC] INFO  o.a.m.s.f.DefaultMavenResourcesFiltering - skip non existing resourceDirectory C:\Users\sahil\Desktop\Training(CapG)\Student_Managment_System\src\main\resources
2026-02-26 10:57:20,774 [Worker-57: Launching StepsOfJDBC] INFO  o.a.m.s.f.DefaultMavenResourcesFiltering - skip non existing resourceDirectory C:\Users\sahil\Desktop\Training(CapG)\Student_Managment_System\src\test\resources
2026-02-26 10:57:20,775 [Worker-57: Launching StepsOfJDBC] WARN  o.apache.maven.project.MavenProject - Direct modification of compileSourceRoots through clear() is deprecated and will not work in Maven 4.0.0. Please use the add/remove methods instead. If you're using a plugin that causes this warning, please upgrade to the latest version and report an issue if the warning persists. To disable these warnings, set -Dmaven.project.sourceRoots.warningsDisabled=true on the command line, in the .mvn/maven.config file, or in project POM properties.
2026-02-26 10:57:20,777 [Worker-57: Launching StepsOfJDBC] WARN  o.apache.maven.project.MavenProject - Direct modification of compileSourceRoots through add() is deprecated and will not work in Maven 4.0.0. Please use the add/remove methods instead. If you're using a plugin that causes this warning, please upgrade to the latest version and report an issue if the warning persists. To disable these warnings, set -Dmaven.project.sourceRoots.warningsDisabled=true on the command line, in the .mvn/maven.config file, or in project POM properties.
2026-02-26 10:57:20,778 [Worker-57: Launching StepsOfJDBC] WARN  o.apache.maven.project.MavenProject - Direct modification of testCompileSourceRoots through clear() is deprecated and will not work in Maven 4.0.0. Please use the add/remove methods instead. If you're using a plugin that causes this warning, please upgrade to the latest version and report an issue if the warning persists. To disable these warnings, set -Dmaven.project.sourceRoots.warningsDisabled=true on the command line, in the .mvn/maven.config file, or in project POM properties.
2026-02-26 10:57:20,779 [Worker-57: Launching StepsOfJDBC] WARN  o.apache.maven.project.MavenProject - Direct modification of testCompileSourceRoots through add() is deprecated and will not work in Maven 4.0.0. Please use the add/remove methods instead. If you're using a plugin that causes this warning, please upgrade to the latest version and report an issue if the warning persists. To disable these warnings, set -Dmaven.project.sourceRoots.warningsDisabled=true on the command line, in the .mvn/maven.config file, or in project POM properties.
2026-02-26 10:57:47,694 [Worker-52: Launching StepsOfJDBC] INFO  o.a.m.s.f.DefaultMavenResourcesFiltering - skip non existing resourceDirectory C:\Users\sahil\Desktop\Training(CapG)\Student_Managment_System\src\main\resources
2026-02-26 10:57:47,698 [Worker-52: Launching StepsOfJDBC] INFO  o.a.m.s.f.DefaultMavenResourcesFiltering - skip non existing resourceDirectory C:\Users\sahil\Desktop\Training(CapG)\Student_Managment_System\src\test\resources
2026-02-26 10:57:47,699 [Worker-52: Launching StepsOfJDBC] WARN  o.apache.maven.project.MavenProject - Direct modification of compileSourceRoots through clear() is deprecated and will not work in Maven 4.0.0. Please use the add/remove methods instead. If you're using a plugin that causes this warning, please upgrade to the latest version and report an issue if the warning persists. To disable these warnings, set -Dmaven.project.sourceRoots.warningsDisabled=true on the command line, in the .mvn/maven.config file, or in project POM properties.
2026-02-26 10:57:47,701 [Worker-52: Launching StepsOfJDBC] WARN  o.apache.maven.project.MavenProject - Direct modification of compileSourceRoots through add() is deprecated and will not work in Maven 4.0.0. Please use the add/remove methods instead. If you're using a plugin that causes this warning, please upgrade to the latest version and report an issue if the warning persists. To disable these warnings, set -Dmaven.project.sourceRoots.warningsDisabled=true on the command line, in the .mvn/maven.config file, or in project POM properties.
2026-02-26 10:57:47,703 [Worker-52: Launching StepsOfJDBC] WARN  o.apache.maven.project.MavenProject - Direct modification of testCompileSourceRoots through clear() is deprecated and will not work in Maven 4.0.0. Please use the add/remove methods instead. If you're using a plugin that causes this warning, please upgrade to the latest version and report an issue if the warning persists. To disable these warnings, set -Dmaven.project.sourceRoots.warningsDisabled=true on the command line, in the .mvn/maven.config file, or in project POM properties.
2026-02-26 10:57:47,704 [Worker-52: Launching StepsOfJDBC] WARN  o.apache.maven.project.MavenProject - Direct modification of testCompileSourceRoots through add() is deprecated and will not work in Maven 4.0.0. Please use the add/remove methods instead. If you're using a plugin that causes this warning, please upgrade to the latest version and report an issue if the warning persists. To disable these warnings, set -Dmaven.project.sourceRoots.warningsDisabled=true on the command line, in the .mvn/maven.config file, or in project POM properties.
2026-02-26 10:58:11,569 [Worker-57: Building] INFO  o.a.m.s.f.DefaultMavenResourcesFiltering - skip non existing resourceDirectory C:\Users\sahil\Desktop\Training(CapG)\Student_Managment_System\src\main\resources
2026-02-26 10:58:11,572 [Worker-57: Building] INFO  o.a.m.s.f.DefaultMavenResourcesFiltering - skip non existing resourceDirectory C:\Users\sahil\Desktop\Training(CapG)\Student_Managment_System\src\test\resources
2026-02-26 10:58:11,572 [Worker-57: Building] WARN  o.apache.maven.project.MavenProject - Direct modification of compileSourceRoots through clear() is deprecated and will not work in Maven 4.0.0. Please use the add/remove methods instead. If you're using a plugin that causes this warning, please upgrade to the latest version and report an issue if the warning persists. To disable these warnings, set -Dmaven.project.sourceRoots.warningsDisabled=true on the command line, in the .mvn/maven.config file, or in project POM properties.
2026-02-26 10:58:11,574 [Worker-57: Building] WARN  o.apache.maven.project.MavenProject - Direct modification of compileSourceRoots through add() is deprecated and will not work in Maven 4.0.0. Please use the add/remove methods instead. If you're using a plugin that causes this warning, please upgrade to the latest version and report an issue if the warning persists. To disable these warnings, set -Dmaven.project.sourceRoots.warningsDisabled=true on the command line, in the .mvn/maven.config file, or in project POM properties.
2026-02-26 10:58:11,574 [Worker-57: Building] WARN  o.apache.maven.project.MavenProject - Direct modification of testCompileSourceRoots through clear() is deprecated and will not work in Maven 4.0.0. Please use the add/remove methods instead. If you're using a plugin that causes this warning, please upgrade to the latest version and report an issue if the warning persists. To disable these warnings, set -Dmaven.project.sourceRoots.warningsDisabled=true on the command line, in the .mvn/maven.config file, or in project POM properties.
2026-02-26 10:58:11,575 [Worker-57: Building] WARN  o.apache.maven.project.MavenProject - Direct modification of testCompileSourceRoots through add() is deprecated and will not work in Maven 4.0.0. Please use the add/remove methods instead. If you're using a plugin that causes this warning, please upgrade to the latest version and report an issue if the warning persists. To disable these warnings, set -Dmaven.project.sourceRoots.warningsDisabled=true on the command line, in the .mvn/maven.config file, or in project POM properties.
2026-02-26 12:25:06,794 [Worker-71: Building] INFO  o.a.m.s.f.DefaultMavenResourcesFiltering - skip non existing resourceDirectory C:\Users\sahil\Desktop\Training(CapG)\Student_Managment_System\src\main\resources
2026-02-26 12:25:06,800 [Worker-71: Building] INFO  o.a.m.s.f.DefaultMavenResourcesFiltering - skip non existing resourceDirectory C:\Users\sahil\Desktop\Training(CapG)\Student_Managment_System\src\test\resources
2026-02-26 12:25:06,801 [Worker-71: Building] WARN  o.apache.maven.project.MavenProject - Direct modification of compileSourceRoots through clear() is deprecated and will not work in Maven 4.0.0. Please use the add/remove methods instead. If you're using a plugin that causes this warning, please upgrade to the latest version and report an issue if the warning persists. To disable these warnings, set -Dmaven.project.sourceRoots.warningsDisabled=true on the command line, in the .mvn/maven.config file, or in project POM properties.
2026-02-26 12:25:06,806 [Worker-71: Building] WARN  o.apache.maven.project.MavenProject - Direct modification of compileSourceRoots through add() is deprecated and will not work in Maven 4.0.0. Please use the add/remove methods instead. If you're using a plugin that causes this warning, please upgrade to the latest version and report an issue if the warning persists. To disable these warnings, set -Dmaven.project.sourceRoots.warningsDisabled=true on the command line, in the .mvn/maven.config file, or in project POM properties.
2026-02-26 12:25:06,807 [Worker-71: Building] WARN  o.apache.maven.project.MavenProject - Direct modification of testCompileSourceRoots through clear() is deprecated and will not work in Maven 4.0.0. Please use the add/remove methods instead. If you're using a plugin that causes this warning, please upgrade to the latest version and report an issue if the warning persists. To disable these warnings, set -Dmaven.project.sourceRoots.warningsDisabled=true on the command line, in the .mvn/maven.config file, or in project POM properties.
2026-02-26 12:25:06,808 [Worker-71: Building] WARN  o.apache.maven.project.MavenProject - Direct modification of testCompileSourceRoots through add() is deprecated and will not work in Maven 4.0.0. Please use the add/remove methods instead. If you're using a plugin that causes this warning, please upgrade to the latest version and report an issue if the warning persists. To disable these warnings, set -Dmaven.project.sourceRoots.warningsDisabled=true on the command line, in the .mvn/maven.config file, or in project POM properties.
2026-02-26 12:25:16,865 [Worker-71: Building] INFO  o.a.m.s.f.DefaultMavenResourcesFiltering - skip non existing resourceDirectory C:\Users\sahil\Desktop\Training(CapG)\Student_Managment_System\src\main\resources
2026-02-26 12:25:16,869 [Worker-71: Building] INFO  o.a.m.s.f.DefaultMavenResourcesFiltering - skip non existing resourceDirectory C:\Users\sahil\Desktop\Training(CapG)\Student_Managment_System\src\test\resources
2026-02-26 12:25:16,870 [Worker-71: Building] WARN  o.apache.maven.project.MavenProject - Direct modification of compileSourceRoots through clear() is deprecated and will not work in Maven 4.0.0. Please use the add/remove methods instead. If you're using a plugin that causes this warning, please upgrade to the latest version and report an issue if the warning persists. To disable these warnings, set -Dmaven.project.sourceRoots.warningsDisabled=true on the command line, in the .mvn/maven.config file, or in project POM properties.
2026-02-26 12:25:16,871 [Worker-71: Building] WARN  o.apache.maven.project.MavenProject - Direct modification of compileSourceRoots through add() is deprecated and will not work in Maven 4.0.0. Please use the add/remove methods instead. If you're using a plugin that causes this warning, please upgrade to the latest version and report an issue if the warning persists. To disable these warnings, set -Dmaven.project.sourceRoots.warningsDisabled=true on the command line, in the .mvn/maven.config file, or in project POM properties.
2026-02-26 12:25:16,872 [Worker-71: Building] WARN  o.apache.maven.project.MavenProject - Direct modification of testCompileSourceRoots through clear() is deprecated and will not work in Maven 4.0.0. Please use the add/remove methods instead. If you're using a plugin that causes this warning, please upgrade to the latest version and report an issue if the warning persists. To disable these warnings, set -Dmaven.project.sourceRoots.warningsDisabled=true on the command line, in the .mvn/maven.config file, or in project POM properties.
2026-02-26 12:25:16,873 [Worker-71: Building] WARN  o.apache.maven.project.MavenProject - Direct modification of testCompileSourceRoots through add() is deprecated and will not work in Maven 4.0.0. Please use the add/remove methods instead. If you're using a plugin that causes this warning, please upgrade to the latest version and report an issue if the warning persists. To disable these warnings, set -Dmaven.project.sourceRoots.warningsDisabled=true on the command line, in the .mvn/maven.config file, or in project POM properties.
2026-02-26 12:44:48,551 [Worker-70: Building] INFO  o.a.m.s.f.DefaultMavenResourcesFiltering - skip non existing resourceDirectory C:\Users\sahil\Desktop\Training(CapG)\Student_Managment_System\src\main\resources
2026-02-26 12:44:48,554 [Worker-70: Building] INFO  o.a.m.s.f.DefaultMavenResourcesFiltering - skip non existing resourceDirectory C:\Users\sahil\Desktop\Training(CapG)\Student_Managment_System\src\test\resources
2026-02-26 12:44:48,554 [Worker-70: Building] WARN  o.apache.maven.project.MavenProject - Direct modification of compileSourceRoots through clear() is deprecated and will not work in Maven 4.0.0. Please use the add/remove methods instead. If you're using a plugin that causes this warning, please upgrade to the latest version and report an issue if the warning persists. To disable these warnings, set -Dmaven.project.sourceRoots.warningsDisabled=true on the command line, in the .mvn/maven.config file, or in project POM properties.
2026-02-26 12:44:48,555 [Worker-70: Building] WARN  o.apache.maven.project.MavenProject - Direct modification of compileSourceRoots through add() is deprecated and will not work in Maven 4.0.0. Please use the add/remove methods instead. If you're using a plugin that causes this warning, please upgrade to the latest version and report an issue if the warning persists. To disable these warnings, set -Dmaven.project.sourceRoots.warningsDisabled=true on the command line, in the .mvn/maven.config file, or in project POM properties.
2026-02-26 12:44:48,556 [Worker-70: Building] WARN  o.apache.maven.project.MavenProject - Direct modification of testCompileSourceRoots through clear() is deprecated and will not work in Maven 4.0.0. Please use the add/remove methods instead. If you're using a plugin that causes this warning, please upgrade to the latest version and report an issue if the warning persists. To disable these warnings, set -Dmaven.project.sourceRoots.warningsDisabled=true on the command line, in the .mvn/maven.config file, or in project POM properties.
2026-02-26 12:44:48,557 [Worker-70: Building] WARN  o.apache.maven.project.MavenProject - Direct modification of testCompileSourceRoots through add() is deprecated and will not work in Maven 4.0.0. Please use the add/remove methods instead. If you're using a plugin that causes this warning, please upgrade to the latest version and report an issue if the warning persists. To disable these warnings, set -Dmaven.project.sourceRoots.warningsDisabled=true on the command line, in the .mvn/maven.config file, or in project POM properties.
2026-02-26 12:51:48,375 [Worker-70: Building] INFO  o.a.m.s.f.DefaultMavenResourcesFiltering - skip non existing resourceDirectory C:\Users\sahil\Desktop\Training(CapG)\Student_Managment_System\src\main\resources
2026-02-26 12:51:48,378 [Worker-70: Building] INFO  o.a.m.s.f.DefaultMavenResourcesFiltering - skip non existing resourceDirectory C:\Users\sahil\Desktop\Training(CapG)\Student_Managment_System\src\test\resources
2026-02-26 12:51:48,379 [Worker-70: Building] WARN  o.apache.maven.project.MavenProject - Direct modification of compileSourceRoots through clear() is deprecated and will not work in Maven 4.0.0. Please use the add/remove methods instead. If you're using a plugin that causes this warning, please upgrade to the latest version and report an issue if the warning persists. To disable these warnings, set -Dmaven.project.sourceRoots.warningsDisabled=true on the command line, in the .mvn/maven.config file, or in project POM properties.
2026-02-26 12:51:48,380 [Worker-70: Building] WARN  o.apache.maven.project.MavenProject - Direct modification of compileSourceRoots through add() is deprecated and will not work in Maven 4.0.0. Please use the add/remove methods instead. If you're using a plugin that causes this warning, please upgrade to the latest version and report an issue if the warning persists. To disable these warnings, set -Dmaven.project.sourceRoots.warningsDisabled=true on the command line, in the .mvn/maven.config file, or in project POM properties.
2026-02-26 12:51:48,381 [Worker-70: Building] WARN  o.apache.maven.project.MavenProject - Direct modification of testCompileSourceRoots through clear() is deprecated and will not work in Maven 4.0.0. Please use the add/remove methods instead. If you're using a plugin that causes this warning, please upgrade to the latest version and report an issue if the warning persists. To disable these warnings, set -Dmaven.project.sourceRoots.warningsDisabled=true on the command line, in the .mvn/maven.config file, or in project POM properties.
2026-02-26 12:51:48,382 [Worker-70: Building] WARN  o.apache.maven.project.MavenProject - Direct modification of testCompileSourceRoots through add() is deprecated and will not work in Maven 4.0.0. Please use the add/remove methods instead. If you're using a plugin that causes this warning, please upgrade to the latest version and report an issue if the warning persists. To disable these warnings, set -Dmaven.project.sourceRoots.warningsDisabled=true on the command line, in the .mvn/maven.config file, or in project POM properties.
2026-02-26 12:57:04,935 [Worker-78: Launching StepsOfJDBC] INFO  o.a.m.s.f.DefaultMavenResourcesFiltering - skip non existing resourceDirectory C:\Users\sahil\Desktop\Training(CapG)\Student_Managment_System\src\main\resources
2026-02-26 12:57:04,940 [Worker-78: Launching StepsOfJDBC] INFO  o.a.m.s.f.DefaultMavenResourcesFiltering - skip non existing resourceDirectory C:\Users\sahil\Desktop\Training(CapG)\Student_Managment_System\src\test\resources
2026-02-26 12:57:04,941 [Worker-78: Launching StepsOfJDBC] WARN  o.apache.maven.project.MavenProject - Direct modification of compileSourceRoots through clear() is deprecated and will not work in Maven 4.0.0. Please use the add/remove methods instead. If you're using a plugin that causes this warning, please upgrade to the latest version and report an issue if the warning persists. To disable these warnings, set -Dmaven.project.sourceRoots.warningsDisabled=true on the command line, in the .mvn/maven.config file, or in project POM properties.
2026-02-26 12:57:04,942 [Worker-78: Launching StepsOfJDBC] WARN  o.apache.maven.project.MavenProject - Direct modification of compileSourceRoots through add() is deprecated and will not work in Maven 4.0.0. Please use the add/remove methods instead. If you're using a plugin that causes this warning, please upgrade to the latest version and report an issue if the warning persists. To disable these warnings, set -Dmaven.project.sourceRoots.warningsDisabled=true on the command line, in the .mvn/maven.config file, or in project POM properties.
2026-02-26 12:57:04,944 [Worker-78: Launching StepsOfJDBC] WARN  o.apache.maven.project.MavenProject - Direct modification of testCompileSourceRoots through clear() is deprecated and will not work in Maven 4.0.0. Please use the add/remove methods instead. If you're using a plugin that causes this warning, please upgrade to the latest version and report an issue if the warning persists. To disable these warnings, set -Dmaven.project.sourceRoots.warningsDisabled=true on the command line, in the .mvn/maven.config file, or in project POM properties.
2026-02-26 12:57:04,945 [Worker-78: Launching StepsOfJDBC] WARN  o.apache.maven.project.MavenProject - Direct modification of testCompileSourceRoots through add() is deprecated and will not work in Maven 4.0.0. Please use the add/remove methods instead. If you're using a plugin that causes this warning, please upgrade to the latest version and report an issue if the warning persists. To disable these warnings, set -Dmaven.project.sourceRoots.warningsDisabled=true on the command line, in the .mvn/maven.config file, or in project POM properties.
2026-02-26 14:13:32,774 [Worker-87: Building] INFO  o.a.m.s.f.DefaultMavenResourcesFiltering - skip non existing resourceDirectory C:\Users\sahil\Desktop\Training(CapG)\Student_Managment_System\src\main\resources
2026-02-26 14:13:32,785 [Worker-87: Building] INFO  o.a.m.s.f.DefaultMavenResourcesFiltering - skip non existing resourceDirectory C:\Users\sahil\Desktop\Training(CapG)\Student_Managment_System\src\test\resources
2026-02-26 14:13:32,786 [Worker-87: Building] WARN  o.apache.maven.project.MavenProject - Direct modification of compileSourceRoots through clear() is deprecated and will not work in Maven 4.0.0. Please use the add/remove methods instead. If you're using a plugin that causes this warning, please upgrade to the latest version and report an issue if the warning persists. To disable these warnings, set -Dmaven.project.sourceRoots.warningsDisabled=true on the command line, in the .mvn/maven.config file, or in project POM properties.
2026-02-26 14:13:32,791 [Worker-87: Building] WARN  o.apache.maven.project.MavenProject - Direct modification of compileSourceRoots through add() is deprecated and will not work in Maven 4.0.0. Please use the add/remove methods instead. If you're using a plugin that causes this warning, please upgrade to the latest version and report an issue if the warning persists. To disable these warnings, set -Dmaven.project.sourceRoots.warningsDisabled=true on the command line, in the .mvn/maven.config file, or in project POM properties.
2026-02-26 14:13:32,792 [Worker-87: Building] WARN  o.apache.maven.project.MavenProject - Direct modification of testCompileSourceRoots through clear() is deprecated and will not work in Maven 4.0.0. Please use the add/remove methods instead. If you're using a plugin that causes this warning, please upgrade to the latest version and report an issue if the warning persists. To disable these warnings, set -Dmaven.project.sourceRoots.warningsDisabled=true on the command line, in the .mvn/maven.config file, or in project POM properties.
2026-02-26 14:13:32,794 [Worker-87: Building] WARN  o.apache.maven.project.MavenProject - Direct modification of testCompileSourceRoots through add() is deprecated and will not work in Maven 4.0.0. Please use the add/remove methods instead. If you're using a plugin that causes this warning, please upgrade to the latest version and report an issue if the warning persists. To disable these warnings, set -Dmaven.project.sourceRoots.warningsDisabled=true on the command line, in the .mvn/maven.config file, or in project POM properties.
2026-02-26 14:13:39,726 [Worker-88: Building] INFO  o.a.m.s.f.DefaultMavenResourcesFiltering - skip non existing resourceDirectory C:\Users\sahil\Desktop\Training(CapG)\Student_Managment_System\src\main\resources
2026-02-26 14:13:39,733 [Worker-88: Building] INFO  o.a.m.s.f.DefaultMavenResourcesFiltering - skip non existing resourceDirectory C:\Users\sahil\Desktop\Training(CapG)\Student_Managment_System\src\test\resources
2026-02-26 14:13:39,733 [Worker-88: Building] WARN  o.apache.maven.project.MavenProject - Direct modification of compileSourceRoots through clear() is deprecated and will not work in Maven 4.0.0. Please use the add/remove methods instead. If you're using a plugin that causes this warning, please upgrade to the latest version and report an issue if the warning persists. To disable these warnings, set -Dmaven.project.sourceRoots.warningsDisabled=true on the command line, in the .mvn/maven.config file, or in project POM properties.
2026-02-26 14:13:39,734 [Worker-88: Building] WARN  o.apache.maven.project.MavenProject - Direct modification of compileSourceRoots through add() is deprecated and will not work in Maven 4.0.0. Please use the add/remove methods instead. If you're using a plugin that causes this warning, please upgrade to the latest version and report an issue if the warning persists. To disable these warnings, set -Dmaven.project.sourceRoots.warningsDisabled=true on the command line, in the .mvn/maven.config file, or in project POM properties.
2026-02-26 14:13:39,736 [Worker-88: Building] WARN  o.apache.maven.project.MavenProject - Direct modification of testCompileSourceRoots through clear() is deprecated and will not work in Maven 4.0.0. Please use the add/remove methods instead. If you're using a plugin that causes this warning, please upgrade to the latest version and report an issue if the warning persists. To disable these warnings, set -Dmaven.project.sourceRoots.warningsDisabled=true on the command line, in the .mvn/maven.config file, or in project POM properties.
2026-02-26 14:13:39,738 [Worker-88: Building] WARN  o.apache.maven.project.MavenProject - Direct modification of testCompileSourceRoots through add() is deprecated and will not work in Maven 4.0.0. Please use the add/remove methods instead. If you're using a plugin that causes this warning, please upgrade to the latest version and report an issue if the warning persists. To disable these warnings, set -Dmaven.project.sourceRoots.warningsDisabled=true on the command line, in the .mvn/maven.config file, or in project POM properties.
2026-02-26 14:14:19,076 [Worker-89: Building] INFO  o.a.m.s.f.DefaultMavenResourcesFiltering - skip non existing resourceDirectory C:\Users\sahil\Desktop\Training(CapG)\Student_Managment_System\src\main\resources
2026-02-26 14:14:19,081 [Worker-89: Building] INFO  o.a.m.s.f.DefaultMavenResourcesFiltering - skip non existing resourceDirectory C:\Users\sahil\Desktop\Training(CapG)\Student_Managment_System\src\test\resources
2026-02-26 14:14:19,081 [Worker-89: Building] WARN  o.apache.maven.project.MavenProject - Direct modification of compileSourceRoots through clear() is deprecated and will not work in Maven 4.0.0. Please use the add/remove methods instead. If you're using a plugin that causes this warning, please upgrade to the latest version and report an issue if the warning persists. To disable these warnings, set -Dmaven.project.sourceRoots.warningsDisabled=true on the command line, in the .mvn/maven.config file, or in project POM properties.
2026-02-26 14:14:19,083 [Worker-89: Building] WARN  o.apache.maven.project.MavenProject - Direct modification of compileSourceRoots through add() is deprecated and will not work in Maven 4.0.0. Please use the add/remove methods instead. If you're using a plugin that causes this warning, please upgrade to the latest version and report an issue if the warning persists. To disable these warnings, set -Dmaven.project.sourceRoots.warningsDisabled=true on the command line, in the .mvn/maven.config file, or in project POM properties.
2026-02-26 14:14:19,084 [Worker-89: Building] WARN  o.apache.maven.project.MavenProject - Direct modification of testCompileSourceRoots through clear() is deprecated and will not work in Maven 4.0.0. Please use the add/remove methods instead. If you're using a plugin that causes this warning, please upgrade to the latest version and report an issue if the warning persists. To disable these warnings, set -Dmaven.project.sourceRoots.warningsDisabled=true on the command line, in the .mvn/maven.config file, or in project POM properties.
2026-02-26 14:14:19,086 [Worker-89: Building] WARN  o.apache.maven.project.MavenProject - Direct modification of testCompileSourceRoots through add() is deprecated and will not work in Maven 4.0.0. Please use the add/remove methods instead. If you're using a plugin that causes this warning, please upgrade to the latest version and report an issue if the warning persists. To disable these warnings, set -Dmaven.project.sourceRoots.warningsDisabled=true on the command line, in the .mvn/maven.config file, or in project POM properties.
2026-02-26 14:15:30,413 [Worker-85: Building] INFO  o.a.m.s.f.DefaultMavenResourcesFiltering - skip non existing resourceDirectory C:\Users\sahil\Desktop\Training(CapG)\Student_Managment_System\src\main\resources
2026-02-26 14:15:30,417 [Worker-85: Building] INFO  o.a.m.s.f.DefaultMavenResourcesFiltering - skip non existing resourceDirectory C:\Users\sahil\Desktop\Training(CapG)\Student_Managment_System\src\test\resources
2026-02-26 14:15:30,418 [Worker-85: Building] WARN  o.apache.maven.project.MavenProject - Direct modification of compileSourceRoots through clear() is deprecated and will not work in Maven 4.0.0. Please use the add/remove methods instead. If you're using a plugin that causes this warning, please upgrade to the latest version and report an issue if the warning persists. To disable these warnings, set -Dmaven.project.sourceRoots.warningsDisabled=true on the command line, in the .mvn/maven.config file, or in project POM properties.
2026-02-26 14:15:30,420 [Worker-85: Building] WARN  o.apache.maven.project.MavenProject - Direct modification of compileSourceRoots through add() is deprecated and will not work in Maven 4.0.0. Please use the add/remove methods instead. If you're using a plugin that causes this warning, please upgrade to the latest version and report an issue if the warning persists. To disable these warnings, set -Dmaven.project.sourceRoots.warningsDisabled=true on the command line, in the .mvn/maven.config file, or in project POM properties.
2026-02-26 14:15:30,421 [Worker-85: Building] WARN  o.apache.maven.project.MavenProject - Direct modification of testCompileSourceRoots through clear() is deprecated and will not work in Maven 4.0.0. Please use the add/remove methods instead. If you're using a plugin that causes this warning, please upgrade to the latest version and report an issue if the warning persists. To disable these warnings, set -Dmaven.project.sourceRoots.warningsDisabled=true on the command line, in the .mvn/maven.config file, or in project POM properties.
2026-02-26 14:15:30,423 [Worker-85: Building] WARN  o.apache.maven.project.MavenProject - Direct modification of testCompileSourceRoots through add() is deprecated and will not work in Maven 4.0.0. Please use the add/remove methods instead. If you're using a plugin that causes this warning, please upgrade to the latest version and report an issue if the warning persists. To disable these warnings, set -Dmaven.project.sourceRoots.warningsDisabled=true on the command line, in the .mvn/maven.config file, or in project POM properties.
2026-02-26 14:24:44,642 [Worker-91: Building] INFO  o.a.m.s.f.DefaultMavenResourcesFiltering - skip non existing resourceDirectory C:\Users\sahil\Desktop\Training(CapG)\Student_Managment_System\src\main\resources
2026-02-26 14:24:44,644 [Worker-91: Building] INFO  o.a.m.s.f.DefaultMavenResourcesFiltering - skip non existing resourceDirectory C:\Users\sahil\Desktop\Training(CapG)\Student_Managment_System\src\test\resources
2026-02-26 14:24:44,645 [Worker-91: Building] WARN  o.apache.maven.project.MavenProject - Direct modification of compileSourceRoots through clear() is deprecated and will not work in Maven 4.0.0. Please use the add/remove methods instead. If you're using a plugin that causes this warning, please upgrade to the latest version and report an issue if the warning persists. To disable these warnings, set -Dmaven.project.sourceRoots.warningsDisabled=true on the command line, in the .mvn/maven.config file, or in project POM properties.
2026-02-26 14:24:44,646 [Worker-91: Building] WARN  o.apache.maven.project.MavenProject - Direct modification of compileSourceRoots through add() is deprecated and will not work in Maven 4.0.0. Please use the add/remove methods instead. If you're using a plugin that causes this warning, please upgrade to the latest version and report an issue if the warning persists. To disable these warnings, set -Dmaven.project.sourceRoots.warningsDisabled=true on the command line, in the .mvn/maven.config file, or in project POM properties.
2026-02-26 14:24:44,647 [Worker-91: Building] WARN  o.apache.maven.project.MavenProject - Direct modification of testCompileSourceRoots through clear() is deprecated and will not work in Maven 4.0.0. Please use the add/remove methods instead. If you're using a plugin that causes this warning, please upgrade to the latest version and report an issue if the warning persists. To disable these warnings, set -Dmaven.project.sourceRoots.warningsDisabled=true on the command line, in the .mvn/maven.config file, or in project POM properties.
2026-02-26 14:24:44,647 [Worker-91: Building] WARN  o.apache.maven.project.MavenProject - Direct modification of testCompileSourceRoots through add() is deprecated and will not work in Maven 4.0.0. Please use the add/remove methods instead. If you're using a plugin that causes this warning, please upgrade to the latest version and report an issue if the warning persists. To disable these warnings, set -Dmaven.project.sourceRoots.warningsDisabled=true on the command line, in the .mvn/maven.config file, or in project POM properties.
2026-02-26 14:34:22,963 [Worker-91: Building] INFO  o.a.m.s.f.DefaultMavenResourcesFiltering - skip non existing resourceDirectory C:\Users\sahil\Desktop\Training(CapG)\Student_Managment_System\src\main\resources
2026-02-26 14:34:22,966 [Worker-91: Building] INFO  o.a.m.s.f.DefaultMavenResourcesFiltering - skip non existing resourceDirectory C:\Users\sahil\Desktop\Training(CapG)\Student_Managment_System\src\test\resources
2026-02-26 14:34:22,967 [Worker-91: Building] WARN  o.apache.maven.project.MavenProject - Direct modification of compileSourceRoots through clear() is deprecated and will not work in Maven 4.0.0. Please use the add/remove methods instead. If you're using a plugin that causes this warning, please upgrade to the latest version and report an issue if the warning persists. To disable these warnings, set -Dmaven.project.sourceRoots.warningsDisabled=true on the command line, in the .mvn/maven.config file, or in project POM properties.
2026-02-26 14:34:22,968 [Worker-91: Building] WARN  o.apache.maven.project.MavenProject - Direct modification of compileSourceRoots through add() is deprecated and will not work in Maven 4.0.0. Please use the add/remove methods instead. If you're using a plugin that causes this warning, please upgrade to the latest version and report an issue if the warning persists. To disable these warnings, set -Dmaven.project.sourceRoots.warningsDisabled=true on the command line, in the .mvn/maven.config file, or in project POM properties.
2026-02-26 14:34:22,969 [Worker-91: Building] WARN  o.apache.maven.project.MavenProject - Direct modification of testCompileSourceRoots through clear() is deprecated and will not work in Maven 4.0.0. Please use the add/remove methods instead. If you're using a plugin that causes this warning, please upgrade to the latest version and report an issue if the warning persists. To disable these warnings, set -Dmaven.project.sourceRoots.warningsDisabled=true on the command line, in the .mvn/maven.config file, or in project POM properties.
2026-02-26 14:34:22,970 [Worker-91: Building] WARN  o.apache.maven.project.MavenProject - Direct modification of testCompileSourceRoots through add() is deprecated and will not work in Maven 4.0.0. Please use the add/remove methods instead. If you're using a plugin that causes this warning, please upgrade to the latest version and report an issue if the warning persists. To disable these warnings, set -Dmaven.project.sourceRoots.warningsDisabled=true on the command line, in the .mvn/maven.config file, or in project POM properties.
2026-02-26 14:36:37,321 [Worker-97: Building] INFO  o.a.m.s.f.DefaultMavenResourcesFiltering - skip non existing resourceDirectory C:\Users\sahil\Desktop\Training(CapG)\Student_Managment_System\src\main\resources
2026-02-26 14:36:37,324 [Worker-97: Building] INFO  o.a.m.s.f.DefaultMavenResourcesFiltering - skip non existing resourceDirectory C:\Users\sahil\Desktop\Training(CapG)\Student_Managment_System\src\test\resources
2026-02-26 14:36:37,325 [Worker-97: Building] WARN  o.apache.maven.project.MavenProject - Direct modification of compileSourceRoots through clear() is deprecated and will not work in Maven 4.0.0. Please use the add/remove methods instead. If you're using a plugin that causes this warning, please upgrade to the latest version and report an issue if the warning persists. To disable these warnings, set -Dmaven.project.sourceRoots.warningsDisabled=true on the command line, in the .mvn/maven.config file, or in project POM properties.
2026-02-26 14:36:37,326 [Worker-97: Building] WARN  o.apache.maven.project.MavenProject - Direct modification of compileSourceRoots through add() is deprecated and will not work in Maven 4.0.0. Please use the add/remove methods instead. If you're using a plugin that causes this warning, please upgrade to the latest version and report an issue if the warning persists. To disable these warnings, set -Dmaven.project.sourceRoots.warningsDisabled=true on the command line, in the .mvn/maven.config file, or in project POM properties.
2026-02-26 14:36:37,327 [Worker-97: Building] WARN  o.apache.maven.project.MavenProject - Direct modification of testCompileSourceRoots through clear() is deprecated and will not work in Maven 4.0.0. Please use the add/remove methods instead. If you're using a plugin that causes this warning, please upgrade to the latest version and report an issue if the warning persists. To disable these warnings, set -Dmaven.project.sourceRoots.warningsDisabled=true on the command line, in the .mvn/maven.config file, or in project POM properties.
2026-02-26 14:36:37,328 [Worker-97: Building] WARN  o.apache.maven.project.MavenProject - Direct modification of testCompileSourceRoots through add() is deprecated and will not work in Maven 4.0.0. Please use the add/remove methods instead. If you're using a plugin that causes this warning, please upgrade to the latest version and report an issue if the warning persists. To disable these warnings, set -Dmaven.project.sourceRoots.warningsDisabled=true on the command line, in the .mvn/maven.config file, or in project POM properties.
2026-02-26 14:54:47,603 [Worker-104: Building] INFO  o.a.m.s.f.DefaultMavenResourcesFiltering - skip non existing resourceDirectory C:\Users\sahil\Desktop\Training(CapG)\Student_Managment_System\src\main\resources
2026-02-26 14:54:47,606 [Worker-104: Building] INFO  o.a.m.s.f.DefaultMavenResourcesFiltering - skip non existing resourceDirectory C:\Users\sahil\Desktop\Training(CapG)\Student_Managment_System\src\test\resources
2026-02-26 14:54:47,607 [Worker-104: Building] WARN  o.apache.maven.project.MavenProject - Direct modification of compileSourceRoots through clear() is deprecated and will not work in Maven 4.0.0. Please use the add/remove methods instead. If you're using a plugin that causes this warning, please upgrade to the latest version and report an issue if the warning persists. To disable these warnings, set -Dmaven.project.sourceRoots.warningsDisabled=true on the command line, in the .mvn/maven.config file, or in project POM properties.
2026-02-26 14:54:47,609 [Worker-104: Building] WARN  o.apache.maven.project.MavenProject - Direct modification of compileSourceRoots through add() is deprecated and will not work in Maven 4.0.0. Please use the add/remove methods instead. If you're using a plugin that causes this warning, please upgrade to the latest version and report an issue if the warning persists. To disable these warnings, set -Dmaven.project.sourceRoots.warningsDisabled=true on the command line, in the .mvn/maven.config file, or in project POM properties.
2026-02-26 14:54:47,610 [Worker-104: Building] WARN  o.apache.maven.project.MavenProject - Direct modification of testCompileSourceRoots through clear() is deprecated and will not work in Maven 4.0.0. Please use the add/remove methods instead. If you're using a plugin that causes this warning, please upgrade to the latest version and report an issue if the warning persists. To disable these warnings, set -Dmaven.project.sourceRoots.warningsDisabled=true on the command line, in the .mvn/maven.config file, or in project POM properties.
2026-02-26 14:54:47,610 [Worker-104: Building] WARN  o.apache.maven.project.MavenProject - Direct modification of testCompileSourceRoots through add() is deprecated and will not work in Maven 4.0.0. Please use the add/remove methods instead. If you're using a plugin that causes this warning, please upgrade to the latest version and report an issue if the warning persists. To disable these warnings, set -Dmaven.project.sourceRoots.warningsDisabled=true on the command line, in the .mvn/maven.config file, or in project POM properties.
2026-02-26 15:02:33,990 [Worker-104: Building] INFO  o.a.m.s.f.DefaultMavenResourcesFiltering - skip non existing resourceDirectory C:\Users\sahil\Desktop\Training(CapG)\Student_Managment_System\src\main\resources
2026-02-26 15:02:33,992 [Worker-104: Building] INFO  o.a.m.s.f.DefaultMavenResourcesFiltering - skip non existing resourceDirectory C:\Users\sahil\Desktop\Training(CapG)\Student_Managment_System\src\test\resources
2026-02-26 15:02:33,993 [Worker-104: Building] WARN  o.apache.maven.project.MavenProject - Direct modification of compileSourceRoots through clear() is deprecated and will not work in Maven 4.0.0. Please use the add/remove methods instead. If you're using a plugin that causes this warning, please upgrade to the latest version and report an issue if the warning persists. To disable these warnings, set -Dmaven.project.sourceRoots.warningsDisabled=true on the command line, in the .mvn/maven.config file, or in project POM properties.
2026-02-26 15:02:33,994 [Worker-104: Building] WARN  o.apache.maven.project.MavenProject - Direct modification of compileSourceRoots through add() is deprecated and will not work in Maven 4.0.0. Please use the add/remove methods instead. If you're using a plugin that causes this warning, please upgrade to the latest version and report an issue if the warning persists. To disable these warnings, set -Dmaven.project.sourceRoots.warningsDisabled=true on the command line, in the .mvn/maven.config file, or in project POM properties.
2026-02-26 15:02:33,994 [Worker-104: Building] WARN  o.apache.maven.project.MavenProject - Direct modification of testCompileSourceRoots through clear() is deprecated and will not work in Maven 4.0.0. Please use the add/remove methods instead. If you're using a plugin that causes this warning, please upgrade to the latest version and report an issue if the warning persists. To disable these warnings, set -Dmaven.project.sourceRoots.warningsDisabled=true on the command line, in the .mvn/maven.config file, or in project POM properties.
2026-02-26 15:02:33,995 [Worker-104: Building] WARN  o.apache.maven.project.MavenProject - Direct modification of testCompileSourceRoots through add() is deprecated and will not work in Maven 4.0.0. Please use the add/remove methods instead. If you're using a plugin that causes this warning, please upgrade to the latest version and report an issue if the warning persists. To disable these warnings, set -Dmaven.project.sourceRoots.warningsDisabled=true on the command line, in the .mvn/maven.config file, or in project POM properties.
2026-02-26 15:03:16,024 [Worker-104: Building] INFO  o.a.m.s.f.DefaultMavenResourcesFiltering - skip non existing resourceDirectory C:\Users\sahil\Desktop\Training(CapG)\Student_Managment_System\src\main\resources
2026-02-26 15:03:16,026 [Worker-104: Building] INFO  o.a.m.s.f.DefaultMavenResourcesFiltering - skip non existing resourceDirectory C:\Users\sahil\Desktop\Training(CapG)\Student_Managment_System\src\test\resources
2026-02-26 15:03:16,027 [Worker-104: Building] WARN  o.apache.maven.project.MavenProject - Direct modification of compileSourceRoots through clear() is deprecated and will not work in Maven 4.0.0. Please use the add/remove methods instead. If you're using a plugin that causes this warning, please upgrade to the latest version and report an issue if the warning persists. To disable these warnings, set -Dmaven.project.sourceRoots.warningsDisabled=true on the command line, in the .mvn/maven.config file, or in project POM properties.
2026-02-26 15:03:16,028 [Worker-104: Building] WARN  o.apache.maven.project.MavenProject - Direct modification of compileSourceRoots through add() is deprecated and will not work in Maven 4.0.0. Please use the add/remove methods instead. If you're using a plugin that causes this warning, please upgrade to the latest version and report an issue if the warning persists. To disable these warnings, set -Dmaven.project.sourceRoots.warningsDisabled=true on the command line, in the .mvn/maven.config file, or in project POM properties.
2026-02-26 15:03:16,028 [Worker-104: Building] WARN  o.apache.maven.project.MavenProject - Direct modification of testCompileSourceRoots through clear() is deprecated and will not work in Maven 4.0.0. Please use the add/remove methods instead. If you're using a plugin that causes this warning, please upgrade to the latest version and report an issue if the warning persists. To disable these warnings, set -Dmaven.project.sourceRoots.warningsDisabled=true on the command line, in the .mvn/maven.config file, or in project POM properties.
2026-02-26 15:03:16,029 [Worker-104: Building] WARN  o.apache.maven.project.MavenProject - Direct modification of testCompileSourceRoots through add() is deprecated and will not work in Maven 4.0.0. Please use the add/remove methods instead. If you're using a plugin that causes this warning, please upgrade to the latest version and report an issue if the warning persists. To disable these warnings, set -Dmaven.project.sourceRoots.warningsDisabled=true on the command line, in the .mvn/maven.config file, or in project POM properties.
2026-02-26 15:08:08,769 [Worker-104: Building] INFO  o.a.m.s.f.DefaultMavenResourcesFiltering - skip non existing resourceDirectory C:\Users\sahil\Desktop\Training(CapG)\Student_Managment_System\src\main\resources
2026-02-26 15:08:08,773 [Worker-104: Building] INFO  o.a.m.s.f.DefaultMavenResourcesFiltering - skip non existing resourceDirectory C:\Users\sahil\Desktop\Training(CapG)\Student_Managment_System\src\test\resources
2026-02-26 15:08:08,774 [Worker-104: Building] WARN  o.apache.maven.project.MavenProject - Direct modification of compileSourceRoots through clear() is deprecated and will not work in Maven 4.0.0. Please use the add/remove methods instead. If you're using a plugin that causes this warning, please upgrade to the latest version and report an issue if the warning persists. To disable these warnings, set -Dmaven.project.sourceRoots.warningsDisabled=true on the command line, in the .mvn/maven.config file, or in project POM properties.
2026-02-26 15:08:08,775 [Worker-104: Building] WARN  o.apache.maven.project.MavenProject - Direct modification of compileSourceRoots through add() is deprecated and will not work in Maven 4.0.0. Please use the add/remove methods instead. If you're using a plugin that causes this warning, please upgrade to the latest version and report an issue if the warning persists. To disable these warnings, set -Dmaven.project.sourceRoots.warningsDisabled=true on the command line, in the .mvn/maven.config file, or in project POM properties.
2026-02-26 15:08:08,776 [Worker-104: Building] WARN  o.apache.maven.project.MavenProject - Direct modification of testCompileSourceRoots through clear() is deprecated and will not work in Maven 4.0.0. Please use the add/remove methods instead. If you're using a plugin that causes this warning, please upgrade to the latest version and report an issue if the warning persists. To disable these warnings, set -Dmaven.project.sourceRoots.warningsDisabled=true on the command line, in the .mvn/maven.config file, or in project POM properties.
2026-02-26 15:08:08,777 [Worker-104: Building] WARN  o.apache.maven.project.MavenProject - Direct modification of testCompileSourceRoots through add() is deprecated and will not work in Maven 4.0.0. Please use the add/remove methods instead. If you're using a plugin that causes this warning, please upgrade to the latest version and report an issue if the warning persists. To disable these warnings, set -Dmaven.project.sourceRoots.warningsDisabled=true on the command line, in the .mvn/maven.config file, or in project POM properties.
2026-02-26 15:20:49,764 [Worker-112: Building] INFO  o.a.m.s.f.DefaultMavenResourcesFiltering - skip non existing resourceDirectory C:\Users\sahil\Desktop\Training(CapG)\Student_Managment_System\src\main\resources
2026-02-26 15:20:49,769 [Worker-112: Building] INFO  o.a.m.s.f.DefaultMavenResourcesFiltering - skip non existing resourceDirectory C:\Users\sahil\Desktop\Training(CapG)\Student_Managment_System\src\test\resources
2026-02-26 15:20:49,769 [Worker-112: Building] WARN  o.apache.maven.project.MavenProject - Direct modification of compileSourceRoots through clear() is deprecated and will not work in Maven 4.0.0. Please use the add/remove methods instead. If you're using a plugin that causes this warning, please upgrade to the latest version and report an issue if the warning persists. To disable these warnings, set -Dmaven.project.sourceRoots.warningsDisabled=true on the command line, in the .mvn/maven.config file, or in project POM properties.
2026-02-26 15:20:49,770 [Worker-112: Building] WARN  o.apache.maven.project.MavenProject - Direct modification of compileSourceRoots through add() is deprecated and will not work in Maven 4.0.0. Please use the add/remove methods instead. If you're using a plugin that causes this warning, please upgrade to the latest version and report an issue if the warning persists. To disable these warnings, set -Dmaven.project.sourceRoots.warningsDisabled=true on the command line, in the .mvn/maven.config file, or in project POM properties.
2026-02-26 15:20:49,772 [Worker-112: Building] WARN  o.apache.maven.project.MavenProject - Direct modification of testCompileSourceRoots through clear() is deprecated and will not work in Maven 4.0.0. Please use the add/remove methods instead. If you're using a plugin that causes this warning, please upgrade to the latest version and report an issue if the warning persists. To disable these warnings, set -Dmaven.project.sourceRoots.warningsDisabled=true on the command line, in the .mvn/maven.config file, or in project POM properties.
2026-02-26 15:20:49,773 [Worker-112: Building] WARN  o.apache.maven.project.MavenProject - Direct modification of testCompileSourceRoots through add() is deprecated and will not work in Maven 4.0.0. Please use the add/remove methods instead. If you're using a plugin that causes this warning, please upgrade to the latest version and report an issue if the warning persists. To disable these warnings, set -Dmaven.project.sourceRoots.warningsDisabled=true on the command line, in the .mvn/maven.config file, or in project POM properties.
2026-02-26 15:23:35,646 [Worker-116: Building] INFO  o.a.m.s.f.DefaultMavenResourcesFiltering - skip non existing resourceDirectory C:\Users\sahil\Desktop\Training(CapG)\Student_Managment_System\src\main\resources
2026-02-26 15:23:35,648 [Worker-116: Building] INFO  o.a.m.s.f.DefaultMavenResourcesFiltering - skip non existing resourceDirectory C:\Users\sahil\Desktop\Training(CapG)\Student_Managment_System\src\test\resources
2026-02-26 15:23:35,649 [Worker-116: Building] WARN  o.apache.maven.project.MavenProject - Direct modification of compileSourceRoots through clear() is deprecated and will not work in Maven 4.0.0. Please use the add/remove methods instead. If you're using a plugin that causes this warning, please upgrade to the latest version and report an issue if the warning persists. To disable these warnings, set -Dmaven.project.sourceRoots.warningsDisabled=true on the command line, in the .mvn/maven.config file, or in project POM properties.
2026-02-26 15:23:35,650 [Worker-116: Building] WARN  o.apache.maven.project.MavenProject - Direct modification of compileSourceRoots through add() is deprecated and will not work in Maven 4.0.0. Please use the add/remove methods instead. If you're using a plugin that causes this warning, please upgrade to the latest version and report an issue if the warning persists. To disable these warnings, set -Dmaven.project.sourceRoots.warningsDisabled=true on the command line, in the .mvn/maven.config file, or in project POM properties.
2026-02-26 15:23:35,650 [Worker-116: Building] WARN  o.apache.maven.project.MavenProject - Direct modification of testCompileSourceRoots through clear() is deprecated and will not work in Maven 4.0.0. Please use the add/remove methods instead. If you're using a plugin that causes this warning, please upgrade to the latest version and report an issue if the warning persists. To disable these warnings, set -Dmaven.project.sourceRoots.warningsDisabled=true on the command line, in the .mvn/maven.config file, or in project POM properties.
2026-02-26 15:23:35,651 [Worker-116: Building] WARN  o.apache.maven.project.MavenProject - Direct modification of testCompileSourceRoots through add() is deprecated and will not work in Maven 4.0.0. Please use the add/remove methods instead. If you're using a plugin that causes this warning, please upgrade to the latest version and report an issue if the warning persists. To disable these warnings, set -Dmaven.project.sourceRoots.warningsDisabled=true on the command line, in the .mvn/maven.config file, or in project POM properties.
2026-02-26 15:26:39,280 [Worker-116: Launching StepsOfJDBC_Student] INFO  o.a.m.s.f.DefaultMavenResourcesFiltering - skip non existing resourceDirectory C:\Users\sahil\Desktop\Training(CapG)\Student_Managment_System\src\main\resources
2026-02-26 15:26:39,284 [Worker-116: Launching StepsOfJDBC_Student] INFO  o.a.m.s.f.DefaultMavenResourcesFiltering - skip non existing resourceDirectory C:\Users\sahil\Desktop\Training(CapG)\Student_Managment_System\src\test\resources
2026-02-26 15:26:39,284 [Worker-116: Launching StepsOfJDBC_Student] WARN  o.apache.maven.project.MavenProject - Direct modification of compileSourceRoots through clear() is deprecated and will not work in Maven 4.0.0. Please use the add/remove methods instead. If you're using a plugin that causes this warning, please upgrade to the latest version and report an issue if the warning persists. To disable these warnings, set -Dmaven.project.sourceRoots.warningsDisabled=true on the command line, in the .mvn/maven.config file, or in project POM properties.
2026-02-26 15:26:39,286 [Worker-116: Launching StepsOfJDBC_Student] WARN  o.apache.maven.project.MavenProject - Direct modification of compileSourceRoots through add() is deprecated and will not work in Maven 4.0.0. Please use the add/remove methods instead. If you're using a plugin that causes this warning, please upgrade to the latest version and report an issue if the warning persists. To disable these warnings, set -Dmaven.project.sourceRoots.warningsDisabled=true on the command line, in the .mvn/maven.config file, or in project POM properties.
2026-02-26 15:26:39,287 [Worker-116: Launching StepsOfJDBC_Student] WARN  o.apache.maven.project.MavenProject - Direct modification of testCompileSourceRoots through clear() is deprecated and will not work in Maven 4.0.0. Please use the add/remove methods instead. If you're using a plugin that causes this warning, please upgrade to the latest version and report an issue if the warning persists. To disable these warnings, set -Dmaven.project.sourceRoots.warningsDisabled=true on the command line, in the .mvn/maven.config file, or in project POM properties.
2026-02-26 15:26:39,288 [Worker-116: Launching StepsOfJDBC_Student] WARN  o.apache.maven.project.MavenProject - Direct modification of testCompileSourceRoots through add() is deprecated and will not work in Maven 4.0.0. Please use the add/remove methods instead. If you're using a plugin that causes this warning, please upgrade to the latest version and report an issue if the warning persists. To disable these warnings, set -Dmaven.project.sourceRoots.warningsDisabled=true on the command line, in the .mvn/maven.config file, or in project POM properties.
2026-02-26 15:29:47,195 [Worker-112: Building] INFO  o.a.m.s.f.DefaultMavenResourcesFiltering - skip non existing resourceDirectory C:\Users\sahil\Desktop\Training(CapG)\Student_Managment_System\src\main\resources
2026-02-26 15:29:47,199 [Worker-112: Building] INFO  o.a.m.s.f.DefaultMavenResourcesFiltering - skip non existing resourceDirectory C:\Users\sahil\Desktop\Training(CapG)\Student_Managment_System\src\test\resources
2026-02-26 15:29:47,199 [Worker-112: Building] WARN  o.apache.maven.project.MavenProject - Direct modification of compileSourceRoots through clear() is deprecated and will not work in Maven 4.0.0. Please use the add/remove methods instead. If you're using a plugin that causes this warning, please upgrade to the latest version and report an issue if the warning persists. To disable these warnings, set -Dmaven.project.sourceRoots.warningsDisabled=true on the command line, in the .mvn/maven.config file, or in project POM properties.
2026-02-26 15:29:47,201 [Worker-112: Building] WARN  o.apache.maven.project.MavenProject - Direct modification of compileSourceRoots through add() is deprecated and will not work in Maven 4.0.0. Please use the add/remove methods instead. If you're using a plugin that causes this warning, please upgrade to the latest version and report an issue if the warning persists. To disable these warnings, set -Dmaven.project.sourceRoots.warningsDisabled=true on the command line, in the .mvn/maven.config file, or in project POM properties.
2026-02-26 15:29:47,202 [Worker-112: Building] WARN  o.apache.maven.project.MavenProject - Direct modification of testCompileSourceRoots through clear() is deprecated and will not work in Maven 4.0.0. Please use the add/remove methods instead. If you're using a plugin that causes this warning, please upgrade to the latest version and report an issue if the warning persists. To disable these warnings, set -Dmaven.project.sourceRoots.warningsDisabled=true on the command line, in the .mvn/maven.config file, or in project POM properties.
2026-02-26 15:29:47,202 [Worker-112: Building] WARN  o.apache.maven.project.MavenProject - Direct modification of testCompileSourceRoots through add() is deprecated and will not work in Maven 4.0.0. Please use the add/remove methods instead. If you're using a plugin that causes this warning, please upgrade to the latest version and report an issue if the warning persists. To disable these warnings, set -Dmaven.project.sourceRoots.warningsDisabled=true on the command line, in the .mvn/maven.config file, or in project POM properties.
2026-02-26 15:31:14,513 [Worker-115: Launching StepsOfJDBC_Student] INFO  o.a.m.s.f.DefaultMavenResourcesFiltering - skip non existing resourceDirectory C:\Users\sahil\Desktop\Training(CapG)\Student_Managment_System\src\main\resources
2026-02-26 15:31:14,517 [Worker-115: Launching StepsOfJDBC_Student] INFO  o.a.m.s.f.DefaultMavenResourcesFiltering - skip non existing resourceDirectory C:\Users\sahil\Desktop\Training(CapG)\Student_Managment_System\src\test\resources
2026-02-26 15:31:14,518 [Worker-115: Launching StepsOfJDBC_Student] WARN  o.apache.maven.project.MavenProject - Direct modification of compileSourceRoots through clear() is deprecated and will not work in Maven 4.0.0. Please use the add/remove methods instead. If you're using a plugin that causes this warning, please upgrade to the latest version and report an issue if the warning persists. To disable these warnings, set -Dmaven.project.sourceRoots.warningsDisabled=true on the command line, in the .mvn/maven.config file, or in project POM properties.
2026-02-26 15:31:14,520 [Worker-115: Launching StepsOfJDBC_Student] WARN  o.apache.maven.project.MavenProject - Direct modification of compileSourceRoots through add() is deprecated and will not work in Maven 4.0.0. Please use the add/remove methods instead. If you're using a plugin that causes this warning, please upgrade to the latest version and report an issue if the warning persists. To disable these warnings, set -Dmaven.project.sourceRoots.warningsDisabled=true on the command line, in the .mvn/maven.config file, or in project POM properties.
2026-02-26 15:31:14,521 [Worker-115: Launching StepsOfJDBC_Student] WARN  o.apache.maven.project.MavenProject - Direct modification of testCompileSourceRoots through clear() is deprecated and will not work in Maven 4.0.0. Please use the add/remove methods instead. If you're using a plugin that causes this warning, please upgrade to the latest version and report an issue if the warning persists. To disable these warnings, set -Dmaven.project.sourceRoots.warningsDisabled=true on the command line, in the .mvn/maven.config file, or in project POM properties.
2026-02-26 15:31:14,522 [Worker-115: Launching StepsOfJDBC_Student] WARN  o.apache.maven.project.MavenProject - Direct modification of testCompileSourceRoots through add() is deprecated and will not work in Maven 4.0.0. Please use the add/remove methods instead. If you're using a plugin that causes this warning, please upgrade to the latest version and report an issue if the warning persists. To disable these warnings, set -Dmaven.project.sourceRoots.warningsDisabled=true on the command line, in the .mvn/maven.config file, or in project POM properties.
2026-02-26 15:31:37,220 [Worker-121: Building] INFO  o.a.m.s.f.DefaultMavenResourcesFiltering - skip non existing resourceDirectory C:\Users\sahil\Desktop\Training(CapG)\Student_Managment_System\src\main\resources
2026-02-26 15:31:37,222 [Worker-121: Building] INFO  o.a.m.s.f.DefaultMavenResourcesFiltering - skip non existing resourceDirectory C:\Users\sahil\Desktop\Training(CapG)\Student_Managment_System\src\test\resources
2026-02-26 15:31:37,223 [Worker-121: Building] WARN  o.apache.maven.project.MavenProject - Direct modification of compileSourceRoots through clear() is deprecated and will not work in Maven 4.0.0. Please use the add/remove methods instead. If you're using a plugin that causes this warning, please upgrade to the latest version and report an issue if the warning persists. To disable these warnings, set -Dmaven.project.sourceRoots.warningsDisabled=true on the command line, in the .mvn/maven.config file, or in project POM properties.
2026-02-26 15:31:37,224 [Worker-121: Building] WARN  o.apache.maven.project.MavenProject - Direct modification of compileSourceRoots through add() is deprecated and will not work in Maven 4.0.0. Please use the add/remove methods instead. If you're using a plugin that causes this warning, please upgrade to the latest version and report an issue if the warning persists. To disable these warnings, set -Dmaven.project.sourceRoots.warningsDisabled=true on the command line, in the .mvn/maven.config file, or in project POM properties.
2026-02-26 15:31:37,225 [Worker-121: Building] WARN  o.apache.maven.project.MavenProject - Direct modification of testCompileSourceRoots through clear() is deprecated and will not work in Maven 4.0.0. Please use the add/remove methods instead. If you're using a plugin that causes this warning, please upgrade to the latest version and report an issue if the warning persists. To disable these warnings, set -Dmaven.project.sourceRoots.warningsDisabled=true on the command line, in the .mvn/maven.config file, or in project POM properties.
2026-02-26 15:31:37,225 [Worker-121: Building] WARN  o.apache.maven.project.MavenProject - Direct modification of testCompileSourceRoots through add() is deprecated and will not work in Maven 4.0.0. Please use the add/remove methods instead. If you're using a plugin that causes this warning, please upgrade to the latest version and report an issue if the warning persists. To disable these warnings, set -Dmaven.project.sourceRoots.warningsDisabled=true on the command line, in the .mvn/maven.config file, or in project POM properties.
2026-02-27 09:31:33,080 [Worker-6: Loading available Gradle versions] INFO  o.e.b.c.i.u.g.PublishedGradleVersions - Gradle version information cache is out-of-date. Trying to update.
2026-02-27 09:46:14,279 [Worker-26: Launching mavenrun-04793a34-c293-43a5-a1ba-c248671b7527] INFO  o.eclipse.m2e.core.internal.Bundles - getClasspathEntries(Bundle=org.eclipse.m2e.maven.runtime_3.9.1101.20251020-1549 [649])
2026-02-27 09:46:14,295 [Worker-26: Launching mavenrun-04793a34-c293-43a5-a1ba-c248671b7527] INFO  o.eclipse.m2e.core.internal.Bundles - 	Entry: C:\Users\sahil\Desktop\eclipse-jee-2025-12-R-win32-x86_64\eclipse\plugins\org.eclipse.m2e.maven.runtime_3.9.1101.20251020-1549
2026-02-27 09:46:14,295 [Worker-26: Launching mavenrun-04793a34-c293-43a5-a1ba-c248671b7527] INFO  o.eclipse.m2e.core.internal.Bundles - 	Entry: C:\Users\sahil\Desktop\eclipse-jee-2025-12-R-win32-x86_64\eclipse\plugins\org.eclipse.m2e.maven.runtime_3.9.1101.20251020-1549\jars\aopalliance-1.0.jar
2026-02-27 09:46:14,296 [Worker-26: Launching mavenrun-04793a34-c293-43a5-a1ba-c248671b7527] INFO  o.eclipse.m2e.core.internal.Bundles - 	Entry: C:\Users\sahil\Desktop\eclipse-jee-2025-12-R-win32-x86_64\eclipse\plugins\org.eclipse.m2e.maven.runtime_3.9.1101.20251020-1549\jars\asm-9.8.jar
2026-02-27 09:46:14,296 [Worker-26: Launching mavenrun-04793a34-c293-43a5-a1ba-c248671b7527] INFO  o.eclipse.m2e.core.internal.Bundles - 	Entry: C:\Users\sahil\Desktop\eclipse-jee-2025-12-R-win32-x86_64\eclipse\plugins\org.eclipse.m2e.maven.runtime_3.9.1101.20251020-1549\jars\error_prone_annotations-2.38.0.jar
2026-02-27 09:46:14,297 [Worker-26: Launching mavenrun-04793a34-c293-43a5-a1ba-c248671b7527] INFO  o.eclipse.m2e.core.internal.Bundles - 	Entry: C:\Users\sahil\Desktop\eclipse-jee-2025-12-R-win32-x86_64\eclipse\plugins\org.eclipse.m2e.maven.runtime_3.9.1101.20251020-1549\jars\gson-2.13.1.jar
2026-02-27 09:46:14,297 [Worker-26: Launching mavenrun-04793a34-c293-43a5-a1ba-c248671b7527] INFO  o.eclipse.m2e.core.internal.Bundles - 	Entry: C:\Users\sahil\Desktop\eclipse-jee-2025-12-R-win32-x86_64\eclipse\plugins\org.eclipse.m2e.maven.runtime_3.9.1101.20251020-1549\jars\guice-5.1.0-classes.jar
2026-02-27 09:46:14,298 [Worker-26: Launching mavenrun-04793a34-c293-43a5-a1ba-c248671b7527] INFO  o.eclipse.m2e.core.internal.Bundles - 	Entry: C:\Users\sahil\Desktop\eclipse-jee-2025-12-R-win32-x86_64\eclipse\plugins\org.eclipse.m2e.maven.runtime_3.9.1101.20251020-1549\jars\httpclient-4.5.14.jar
2026-02-27 09:46:14,298 [Worker-26: Launching mavenrun-04793a34-c293-43a5-a1ba-c248671b7527] INFO  o.eclipse.m2e.core.internal.Bundles - 	Entry: C:\Users\sahil\Desktop\eclipse-jee-2025-12-R-win32-x86_64\eclipse\plugins\org.eclipse.m2e.maven.runtime_3.9.1101.20251020-1549\jars\httpcore-4.4.16.jar
2026-02-27 09:46:14,299 [Worker-26: Launching mavenrun-04793a34-c293-43a5-a1ba-c248671b7527] INFO  o.eclipse.m2e.core.internal.Bundles - 	Entry: C:\Users\sahil\Desktop\eclipse-jee-2025-12-R-win32-x86_64\eclipse\plugins\org.eclipse.m2e.maven.runtime_3.9.1101.20251020-1549\jars\jansi-2.4.2.jar
2026-02-27 09:46:14,299 [Worker-26: Launching mavenrun-04793a34-c293-43a5-a1ba-c248671b7527] INFO  o.eclipse.m2e.core.internal.Bundles - 	Entry: C:\Users\sahil\Desktop\eclipse-jee-2025-12-R-win32-x86_64\eclipse\plugins\org.eclipse.m2e.maven.runtime_3.9.1101.20251020-1549\jars\jcl-over-slf4j-1.7.36.jar
2026-02-27 09:46:14,299 [Worker-26: Launching mavenrun-04793a34-c293-43a5-a1ba-c248671b7527] INFO  o.eclipse.m2e.core.internal.Bundles - 	Entry: C:\Users\sahil\Desktop\eclipse-jee-2025-12-R-win32-x86_64\eclipse\plugins\org.eclipse.m2e.maven.runtime_3.9.1101.20251020-1549\jars\maven-artifact-3.9.11.jar
2026-02-27 09:46:14,300 [Worker-26: Launching mavenrun-04793a34-c293-43a5-a1ba-c248671b7527] INFO  o.eclipse.m2e.core.internal.Bundles - 	Entry: C:\Users\sahil\Desktop\eclipse-jee-2025-12-R-win32-x86_64\eclipse\plugins\org.eclipse.m2e.maven.runtime_3.9.1101.20251020-1549\jars\maven-builder-support-3.9.11.jar
2026-02-27 09:46:14,300 [Worker-26: Launching mavenrun-04793a34-c293-43a5-a1ba-c248671b7527] INFO  o.eclipse.m2e.core.internal.Bundles - 	Entry: C:\Users\sahil\Desktop\eclipse-jee-2025-12-R-win32-x86_64\eclipse\plugins\org.eclipse.m2e.maven.runtime_3.9.1101.20251020-1549\jars\maven-compat-3.9.11.jar
2026-02-27 09:46:14,300 [Worker-26: Launching mavenrun-04793a34-c293-43a5-a1ba-c248671b7527] INFO  o.eclipse.m2e.core.internal.Bundles - 	Entry: C:\Users\sahil\Desktop\eclipse-jee-2025-12-R-win32-x86_64\eclipse\plugins\org.eclipse.m2e.maven.runtime_3.9.1101.20251020-1549\jars\maven-core-3.9.11.jar
2026-02-27 09:46:14,301 [Worker-26: Launching mavenrun-04793a34-c293-43a5-a1ba-c248671b7527] INFO  o.eclipse.m2e.core.internal.Bundles - 	Entry: C:\Users\sahil\Desktop\eclipse-jee-2025-12-R-win32-x86_64\eclipse\plugins\org.eclipse.m2e.maven.runtime_3.9.1101.20251020-1549\jars\maven-embedder-3.9.11.jar
2026-02-27 09:46:14,301 [Worker-26: Launching mavenrun-04793a34-c293-43a5-a1ba-c248671b7527] INFO  o.eclipse.m2e.core.internal.Bundles - 	Entry: C:\Users\sahil\Desktop\eclipse-jee-2025-12-R-win32-x86_64\eclipse\plugins\org.eclipse.m2e.maven.runtime_3.9.1101.20251020-1549\jars\maven-model-3.9.11.jar
2026-02-27 09:46:14,301 [Worker-26: Launching mavenrun-04793a34-c293-43a5-a1ba-c248671b7527] INFO  o.eclipse.m2e.core.internal.Bundles - 	Entry: C:\Users\sahil\Desktop\eclipse-jee-2025-12-R-win32-x86_64\eclipse\plugins\org.eclipse.m2e.maven.runtime_3.9.1101.20251020-1549\jars\maven-model-builder-3.9.11.jar
2026-02-27 09:46:14,302 [Worker-26: Launching mavenrun-04793a34-c293-43a5-a1ba-c248671b7527] INFO  o.eclipse.m2e.core.internal.Bundles - 	Entry: C:\Users\sahil\Desktop\eclipse-jee-2025-12-R-win32-x86_64\eclipse\plugins\org.eclipse.m2e.maven.runtime_3.9.1101.20251020-1549\jars\maven-plugin-api-3.9.11.jar
2026-02-27 09:46:14,302 [Worker-26: Launching mavenrun-04793a34-c293-43a5-a1ba-c248671b7527] INFO  o.eclipse.m2e.core.internal.Bundles - 	Entry: C:\Users\sahil\Desktop\eclipse-jee-2025-12-R-win32-x86_64\eclipse\plugins\org.eclipse.m2e.maven.runtime_3.9.1101.20251020-1549\jars\maven-repository-metadata-3.9.11.jar
2026-02-27 09:46:14,303 [Worker-26: Launching mavenrun-04793a34-c293-43a5-a1ba-c248671b7527] INFO  o.eclipse.m2e.core.internal.Bundles - 	Entry: C:\Users\sahil\Desktop\eclipse-jee-2025-12-R-win32-x86_64\eclipse\plugins\org.eclipse.m2e.maven.runtime_3.9.1101.20251020-1549\jars\maven-resolver-api-1.9.24.jar
2026-02-27 09:46:14,303 [Worker-26: Launching mavenrun-04793a34-c293-43a5-a1ba-c248671b7527] INFO  o.eclipse.m2e.core.internal.Bundles - 	Entry: C:\Users\sahil\Desktop\eclipse-jee-2025-12-R-win32-x86_64\eclipse\plugins\org.eclipse.m2e.maven.runtime_3.9.1101.20251020-1549\jars\maven-resolver-connector-basic-1.9.24.jar
2026-02-27 09:46:14,303 [Worker-26: Launching mavenrun-04793a34-c293-43a5-a1ba-c248671b7527] INFO  o.eclipse.m2e.core.internal.Bundles - 	Entry: C:\Users\sahil\Desktop\eclipse-jee-2025-12-R-win32-x86_64\eclipse\plugins\org.eclipse.m2e.maven.runtime_3.9.1101.20251020-1549\jars\maven-resolver-impl-1.9.24.jar
2026-02-27 09:46:14,305 [Worker-26: Launching mavenrun-04793a34-c293-43a5-a1ba-c248671b7527] INFO  o.eclipse.m2e.core.internal.Bundles - 	Entry: C:\Users\sahil\Desktop\eclipse-jee-2025-12-R-win32-x86_64\eclipse\plugins\org.eclipse.m2e.maven.runtime_3.9.1101.20251020-1549\jars\maven-resolver-named-locks-1.9.24.jar
2026-02-27 09:46:14,305 [Worker-26: Launching mavenrun-04793a34-c293-43a5-a1ba-c248671b7527] INFO  o.eclipse.m2e.core.internal.Bundles - 	Entry: C:\Users\sahil\Desktop\eclipse-jee-2025-12-R-win32-x86_64\eclipse\plugins\org.eclipse.m2e.maven.runtime_3.9.1101.20251020-1549\jars\maven-resolver-provider-3.9.11.jar
2026-02-27 09:46:14,306 [Worker-26: Launching mavenrun-04793a34-c293-43a5-a1ba-c248671b7527] INFO  o.eclipse.m2e.core.internal.Bundles - 	Entry: C:\Users\sahil\Desktop\eclipse-jee-2025-12-R-win32-x86_64\eclipse\plugins\org.eclipse.m2e.maven.runtime_3.9.1101.20251020-1549\jars\maven-resolver-spi-1.9.24.jar
2026-02-27 09:46:14,306 [Worker-26: Launching mavenrun-04793a34-c293-43a5-a1ba-c248671b7527] INFO  o.eclipse.m2e.core.internal.Bundles - 	Entry: C:\Users\sahil\Desktop\eclipse-jee-2025-12-R-win32-x86_64\eclipse\plugins\org.eclipse.m2e.maven.runtime_3.9.1101.20251020-1549\jars\maven-resolver-transport-file-1.9.24.jar
2026-02-27 09:46:14,307 [Worker-26: Launching mavenrun-04793a34-c293-43a5-a1ba-c248671b7527] INFO  o.eclipse.m2e.core.internal.Bundles - 	Entry: C:\Users\sahil\Desktop\eclipse-jee-2025-12-R-win32-x86_64\eclipse\plugins\org.eclipse.m2e.maven.runtime_3.9.1101.20251020-1549\jars\maven-resolver-transport-http-1.9.24.jar
2026-02-27 09:46:14,307 [Worker-26: Launching mavenrun-04793a34-c293-43a5-a1ba-c248671b7527] INFO  o.eclipse.m2e.core.internal.Bundles - 	Entry: C:\Users\sahil\Desktop\eclipse-jee-2025-12-R-win32-x86_64\eclipse\plugins\org.eclipse.m2e.maven.runtime_3.9.1101.20251020-1549\jars\maven-resolver-transport-wagon-1.9.24.jar
2026-02-27 09:46:14,307 [Worker-26: Launching mavenrun-04793a34-c293-43a5-a1ba-c248671b7527] INFO  o.eclipse.m2e.core.internal.Bundles - 	Entry: C:\Users\sahil\Desktop\eclipse-jee-2025-12-R-win32-x86_64\eclipse\plugins\org.eclipse.m2e.maven.runtime_3.9.1101.20251020-1549\jars\maven-resolver-util-1.9.24.jar
2026-02-27 09:46:14,308 [Worker-26: Launching mavenrun-04793a34-c293-43a5-a1ba-c248671b7527] INFO  o.eclipse.m2e.core.internal.Bundles - 	Entry: C:\Users\sahil\Desktop\eclipse-jee-2025-12-R-win32-x86_64\eclipse\plugins\org.eclipse.m2e.maven.runtime_3.9.1101.20251020-1549\jars\maven-settings-3.9.11.jar
2026-02-27 09:46:14,308 [Worker-26: Launching mavenrun-04793a34-c293-43a5-a1ba-c248671b7527] INFO  o.eclipse.m2e.core.internal.Bundles - 	Entry: C:\Users\sahil\Desktop\eclipse-jee-2025-12-R-win32-x86_64\eclipse\plugins\org.eclipse.m2e.maven.runtime_3.9.1101.20251020-1549\jars\maven-settings-builder-3.9.11.jar
2026-02-27 09:46:14,308 [Worker-26: Launching mavenrun-04793a34-c293-43a5-a1ba-c248671b7527] INFO  o.eclipse.m2e.core.internal.Bundles - 	Entry: C:\Users\sahil\Desktop\eclipse-jee-2025-12-R-win32-x86_64\eclipse\plugins\org.eclipse.m2e.maven.runtime_3.9.1101.20251020-1549\jars\maven-shared-utils-3.4.2.jar
2026-02-27 09:46:14,309 [Worker-26: Launching mavenrun-04793a34-c293-43a5-a1ba-c248671b7527] INFO  o.eclipse.m2e.core.internal.Bundles - 	Entry: C:\Users\sahil\Desktop\eclipse-jee-2025-12-R-win32-x86_64\eclipse\plugins\org.eclipse.m2e.maven.runtime_3.9.1101.20251020-1549\jars\org.eclipse.sisu.inject-0.9.0.M4.jar
2026-02-27 09:46:14,309 [Worker-26: Launching mavenrun-04793a34-c293-43a5-a1ba-c248671b7527] INFO  o.eclipse.m2e.core.internal.Bundles - 	Entry: C:\Users\sahil\Desktop\eclipse-jee-2025-12-R-win32-x86_64\eclipse\plugins\org.eclipse.m2e.maven.runtime_3.9.1101.20251020-1549\jars\org.eclipse.sisu.plexus-0.9.0.M4.jar
2026-02-27 09:46:14,310 [Worker-26: Launching mavenrun-04793a34-c293-43a5-a1ba-c248671b7527] INFO  o.eclipse.m2e.core.internal.Bundles - 	Entry: C:\Users\sahil\Desktop\eclipse-jee-2025-12-R-win32-x86_64\eclipse\plugins\org.eclipse.m2e.maven.runtime_3.9.1101.20251020-1549\jars\plexus-build-api-0.0.7.jar
2026-02-27 09:46:14,310 [Worker-26: Launching mavenrun-04793a34-c293-43a5-a1ba-c248671b7527] INFO  o.eclipse.m2e.core.internal.Bundles - 	Entry: C:\Users\sahil\Desktop\eclipse-jee-2025-12-R-win32-x86_64\eclipse\plugins\org.eclipse.m2e.maven.runtime_3.9.1101.20251020-1549\jars\plexus-build-api-1.2.0.jar
2026-02-27 09:46:14,311 [Worker-26: Launching mavenrun-04793a34-c293-43a5-a1ba-c248671b7527] INFO  o.eclipse.m2e.core.internal.Bundles - 	Entry: C:\Users\sahil\Desktop\eclipse-jee-2025-12-R-win32-x86_64\eclipse\plugins\org.eclipse.m2e.maven.runtime_3.9.1101.20251020-1549\jars\plexus-cipher-2.0.jar
2026-02-27 09:46:14,311 [Worker-26: Launching mavenrun-04793a34-c293-43a5-a1ba-c248671b7527] INFO  o.eclipse.m2e.core.internal.Bundles - 	Entry: C:\Users\sahil\Desktop\eclipse-jee-2025-12-R-win32-x86_64\eclipse\plugins\org.eclipse.m2e.maven.runtime_3.9.1101.20251020-1549\jars\plexus-classworlds-2.9.0.jar
2026-02-27 09:46:14,312 [Worker-26: Launching mavenrun-04793a34-c293-43a5-a1ba-c248671b7527] INFO  o.eclipse.m2e.core.internal.Bundles - 	Entry: C:\Users\sahil\Desktop\eclipse-jee-2025-12-R-win32-x86_64\eclipse\plugins\org.eclipse.m2e.maven.runtime_3.9.1101.20251020-1549\jars\plexus-component-annotations-2.2.0.jar
2026-02-27 09:46:14,312 [Worker-26: Launching mavenrun-04793a34-c293-43a5-a1ba-c248671b7527] INFO  o.eclipse.m2e.core.internal.Bundles - 	Entry: C:\Users\sahil\Desktop\eclipse-jee-2025-12-R-win32-x86_64\eclipse\plugins\org.eclipse.m2e.maven.runtime_3.9.1101.20251020-1549\jars\plexus-interpolation-1.28.jar
2026-02-27 09:46:14,313 [Worker-26: Launching mavenrun-04793a34-c293-43a5-a1ba-c248671b7527] INFO  o.eclipse.m2e.core.internal.Bundles - 	Entry: C:\Users\sahil\Desktop\eclipse-jee-2025-12-R-win32-x86_64\eclipse\plugins\org.eclipse.m2e.maven.runtime_3.9.1101.20251020-1549\jars\plexus-sec-dispatcher-2.0.jar
2026-02-27 09:46:14,313 [Worker-26: Launching mavenrun-04793a34-c293-43a5-a1ba-c248671b7527] INFO  o.eclipse.m2e.core.internal.Bundles - 	Entry: C:\Users\sahil\Desktop\eclipse-jee-2025-12-R-win32-x86_64\eclipse\plugins\org.eclipse.m2e.maven.runtime_3.9.1101.20251020-1549\jars\plexus-utils-3.6.0.jar
2026-02-27 09:46:14,314 [Worker-26: Launching mavenrun-04793a34-c293-43a5-a1ba-c248671b7527] INFO  o.eclipse.m2e.core.internal.Bundles - 	Entry: C:\Users\sahil\Desktop\eclipse-jee-2025-12-R-win32-x86_64\eclipse\plugins\org.eclipse.m2e.maven.runtime_3.9.1101.20251020-1549\jars\wagon-file-3.5.3.jar
2026-02-27 09:46:14,314 [Worker-26: Launching mavenrun-04793a34-c293-43a5-a1ba-c248671b7527] INFO  o.eclipse.m2e.core.internal.Bundles - 	Entry: C:\Users\sahil\Desktop\eclipse-jee-2025-12-R-win32-x86_64\eclipse\plugins\org.eclipse.m2e.maven.runtime_3.9.1101.20251020-1549\jars\wagon-http-3.5.3.jar
2026-02-27 09:46:14,315 [Worker-26: Launching mavenrun-04793a34-c293-43a5-a1ba-c248671b7527] INFO  o.eclipse.m2e.core.internal.Bundles - 	Entry: C:\Users\sahil\Desktop\eclipse-jee-2025-12-R-win32-x86_64\eclipse\plugins\org.eclipse.m2e.maven.runtime_3.9.1101.20251020-1549\jars\wagon-http-shared-3.5.3.jar
2026-02-27 09:46:14,316 [Worker-26: Launching mavenrun-04793a34-c293-43a5-a1ba-c248671b7527] INFO  o.eclipse.m2e.core.internal.Bundles - 	Entry: C:\Users\sahil\Desktop\eclipse-jee-2025-12-R-win32-x86_64\eclipse\plugins\org.eclipse.m2e.maven.runtime_3.9.1101.20251020-1549\jars\wagon-provider-api-3.5.3.jar
2026-02-27 09:46:14,319 [Worker-26: Launching mavenrun-04793a34-c293-43a5-a1ba-c248671b7527] INFO  o.eclipse.m2e.core.internal.Bundles - getClasspathEntries(Bundle=com.google.guava_33.5.0.jre [18])
2026-02-27 09:46:14,320 [Worker-26: Launching mavenrun-04793a34-c293-43a5-a1ba-c248671b7527] INFO  o.eclipse.m2e.core.internal.Bundles - 	Entry: C:\Users\sahil\Desktop\eclipse-jee-2025-12-R-win32-x86_64\eclipse\plugins\com.google.guava_33.5.0.jre.jar
2026-02-27 09:46:14,320 [Worker-26: Launching mavenrun-04793a34-c293-43a5-a1ba-c248671b7527] INFO  o.eclipse.m2e.core.internal.Bundles - getClasspathEntries(Bundle=slf4j.api_2.0.17 [1014])
2026-02-27 09:46:14,322 [Worker-26: Launching mavenrun-04793a34-c293-43a5-a1ba-c248671b7527] INFO  o.eclipse.m2e.core.internal.Bundles - 	Entry: C:\Users\sahil\Desktop\eclipse-jee-2025-12-R-win32-x86_64\eclipse\plugins\slf4j.api_2.0.17.jar
2026-02-27 09:46:14,323 [Worker-26: Launching mavenrun-04793a34-c293-43a5-a1ba-c248671b7527] INFO  o.eclipse.m2e.core.internal.Bundles - getClasspathEntries(Bundle=jakarta.inject.jakarta.inject-api_1.0.5 [35])
2026-02-27 09:46:14,324 [Worker-26: Launching mavenrun-04793a34-c293-43a5-a1ba-c248671b7527] INFO  o.eclipse.m2e.core.internal.Bundles - 	Entry: C:\Users\sahil\Desktop\eclipse-jee-2025-12-R-win32-x86_64\eclipse\plugins\jakarta.inject.jakarta.inject-api_1.0.5.jar
2026-02-27 09:46:14,324 [Worker-26: Launching mavenrun-04793a34-c293-43a5-a1ba-c248671b7527] INFO  o.eclipse.m2e.core.internal.Bundles - getClasspathEntries(Bundle=jakarta.annotation-api_1.3.5 [31])
2026-02-27 09:46:14,326 [Worker-26: Launching mavenrun-04793a34-c293-43a5-a1ba-c248671b7527] INFO  o.eclipse.m2e.core.internal.Bundles - 	Entry: C:\Users\sahil\Desktop\eclipse-jee-2025-12-R-win32-x86_64\eclipse\plugins\jakarta.annotation-api_1.3.5.jar
2026-02-27 09:46:14,326 [Worker-26: Launching mavenrun-04793a34-c293-43a5-a1ba-c248671b7527] INFO  o.eclipse.m2e.core.internal.Bundles - getClasspathEntries(Bundle=org.apache.commons.cli_1.11.0 [82])
2026-02-27 09:46:14,328 [Worker-26: Launching mavenrun-04793a34-c293-43a5-a1ba-c248671b7527] INFO  o.eclipse.m2e.core.internal.Bundles - 	Entry: C:\Users\sahil\Desktop\eclipse-jee-2025-12-R-win32-x86_64\eclipse\plugins\org.apache.commons.cli_1.11.0.jar
2026-02-27 09:46:14,328 [Worker-26: Launching mavenrun-04793a34-c293-43a5-a1ba-c248671b7527] INFO  o.eclipse.m2e.core.internal.Bundles - getClasspathEntries(Bundle=org.apache.commons.commons-codec_1.20.0 [84])
2026-02-27 09:46:14,329 [Worker-26: Launching mavenrun-04793a34-c293-43a5-a1ba-c248671b7527] INFO  o.eclipse.m2e.core.internal.Bundles - 	Entry: C:\Users\sahil\Desktop\eclipse-jee-2025-12-R-win32-x86_64\eclipse\plugins\org.apache.commons.commons-codec_1.20.0.jar
2026-02-27 09:46:14,329 [Worker-26: Launching mavenrun-04793a34-c293-43a5-a1ba-c248671b7527] INFO  o.eclipse.m2e.core.internal.Bundles - getClasspathEntries(Bundle=com.google.guava.failureaccess_1.0.3 [19])
2026-02-27 09:46:14,331 [Worker-26: Launching mavenrun-04793a34-c293-43a5-a1ba-c248671b7527] INFO  o.eclipse.m2e.core.internal.Bundles - 	Entry: C:\Users\sahil\Desktop\eclipse-jee-2025-12-R-win32-x86_64\eclipse\plugins\com.google.guava.failureaccess_1.0.3.jar
2026-02-27 09:46:14,340 [Worker-26: Launching mavenrun-04793a34-c293-43a5-a1ba-c248671b7527] INFO  o.e.m.i.launch.MavenLaunchDelegate - Run build in "C:\Users\sahil\AppData\Local\Temp\m2e-archetypeGenerator7863046367738935100":
2026-02-27 09:46:14,351 [Worker-26: Launching mavenrun-04793a34-c293-43a5-a1ba-c248671b7527] INFO  o.e.m.i.launch.MavenLaunchDelegate -  mvn  -DarchetypeGroupId=org.apache.maven.archetypes -DarchetypeArtifactId=maven-archetype-quickstart -DarchetypeVersion=1.1 -DgroupId=com -DartifactId=E_Commerce -Dversion=0.0.1-SNAPSHOT -Dpackage=com -DoutputDirectory=C:\Users\sahil\Desktop\Training(CapG) -Dstyle.color=always -U archetype:generate
2026-02-27 09:46:25,954 [Worker-3: Creating maven-archetype-quickstart] INFO  o.e.m.c.i.p.ProjectConfigurationManager - Collecting project info '/pom.xml' C:\Users\sahil\Desktop\Training(CapG)\E_Commerce\pom.xml
2026-02-27 09:46:26,932 [Worker-3: Creating maven-archetype-quickstart] INFO  o.e.m.c.i.l.LifecycleMappingFactory - Using org.eclipse.m2e.jdt.JarLifecycleMapping lifecycle mapping for MavenProject: com:E_Commerce:0.0.1-SNAPSHOT @ C:\Users\sahil\Desktop\Training(CapG)\E_Commerce\pom.xml.
2026-02-27 09:46:28,049 [Worker-3: Creating maven-archetype-quickstart] INFO  o.e.m.j.i.AbstractJavaProjectConfigurator - Adding source folder /E_Commerce/src/main/java
2026-02-27 09:46:28,052 [Worker-3: Creating maven-archetype-quickstart] INFO  o.e.m.j.i.AbstractJavaProjectConfigurator - Adding resource folder /E_Commerce/src/main/resources
2026-02-27 09:46:28,062 [Worker-3: Creating maven-archetype-quickstart] INFO  o.e.m.j.i.AbstractJavaProjectConfigurator - Adding source folder /E_Commerce/src/test/java
2026-02-27 09:46:28,064 [Worker-3: Creating maven-archetype-quickstart] INFO  o.e.m.j.i.AbstractJavaProjectConfigurator - Adding resource folder /E_Commerce/src/test/resources
2026-02-27 09:46:28,242 [Worker-3: Creating maven-archetype-quickstart] WARN  o.apache.maven.project.MavenProject - Direct modification of compileSourceRoots through clear() is deprecated and will not work in Maven 4.0.0. Please use the add/remove methods instead. If you're using a plugin that causes this warning, please upgrade to the latest version and report an issue if the warning persists. To disable these warnings, set -Dmaven.project.sourceRoots.warningsDisabled=true on the command line, in the .mvn/maven.config file, or in project POM properties.
2026-02-27 09:46:28,244 [Worker-3: Creating maven-archetype-quickstart] WARN  o.apache.maven.project.MavenProject - Direct modification of compileSourceRoots through add() is deprecated and will not work in Maven 4.0.0. Please use the add/remove methods instead. If you're using a plugin that causes this warning, please upgrade to the latest version and report an issue if the warning persists. To disable these warnings, set -Dmaven.project.sourceRoots.warningsDisabled=true on the command line, in the .mvn/maven.config file, or in project POM properties.
2026-02-27 09:46:28,246 [Worker-3: Creating maven-archetype-quickstart] WARN  o.apache.maven.project.MavenProject - Direct modification of testCompileSourceRoots through clear() is deprecated and will not work in Maven 4.0.0. Please use the add/remove methods instead. If you're using a plugin that causes this warning, please upgrade to the latest version and report an issue if the warning persists. To disable these warnings, set -Dmaven.project.sourceRoots.warningsDisabled=true on the command line, in the .mvn/maven.config file, or in project POM properties.
2026-02-27 09:46:28,247 [Worker-3: Creating maven-archetype-quickstart] WARN  o.apache.maven.project.MavenProject - Direct modification of testCompileSourceRoots through add() is deprecated and will not work in Maven 4.0.0. Please use the add/remove methods instead. If you're using a plugin that causes this warning, please upgrade to the latest version and report an issue if the warning persists. To disable these warnings, set -Dmaven.project.sourceRoots.warningsDisabled=true on the command line, in the .mvn/maven.config file, or in project POM properties.
2026-02-27 09:46:28,264 [Worker-3: Creating maven-archetype-quickstart] INFO  o.e.m.c.i.p.ProjectConfigurationManager - Imported and configured 1 project(s) in 2 sec
2026-02-27 09:46:29,218 [Worker-25: Building] INFO  o.a.m.s.f.DefaultMavenResourcesFiltering - skip non existing resourceDirectory C:\Users\sahil\Desktop\Training(CapG)\E_Commerce\src\main\resources
2026-02-27 09:46:29,225 [Worker-25: Building] INFO  o.a.m.s.f.DefaultMavenResourcesFiltering - skip non existing resourceDirectory C:\Users\sahil\Desktop\Training(CapG)\E_Commerce\src\test\resources
2026-02-27 09:46:29,968 [Worker-25: Building] WARN  o.apache.maven.project.MavenProject - Direct modification of compileSourceRoots through clear() is deprecated and will not work in Maven 4.0.0. Please use the add/remove methods instead. If you're using a plugin that causes this warning, please upgrade to the latest version and report an issue if the warning persists. To disable these warnings, set -Dmaven.project.sourceRoots.warningsDisabled=true on the command line, in the .mvn/maven.config file, or in project POM properties.
2026-02-27 09:46:29,970 [Worker-25: Building] WARN  o.apache.maven.project.MavenProject - Direct modification of compileSourceRoots through add() is deprecated and will not work in Maven 4.0.0. Please use the add/remove methods instead. If you're using a plugin that causes this warning, please upgrade to the latest version and report an issue if the warning persists. To disable these warnings, set -Dmaven.project.sourceRoots.warningsDisabled=true on the command line, in the .mvn/maven.config file, or in project POM properties.
2026-02-27 09:46:29,972 [Worker-25: Building] WARN  o.apache.maven.project.MavenProject - Direct modification of testCompileSourceRoots through clear() is deprecated and will not work in Maven 4.0.0. Please use the add/remove methods instead. If you're using a plugin that causes this warning, please upgrade to the latest version and report an issue if the warning persists. To disable these warnings, set -Dmaven.project.sourceRoots.warningsDisabled=true on the command line, in the .mvn/maven.config file, or in project POM properties.
2026-02-27 09:46:29,973 [Worker-25: Building] WARN  o.apache.maven.project.MavenProject - Direct modification of testCompileSourceRoots through add() is deprecated and will not work in Maven 4.0.0. Please use the add/remove methods instead. If you're using a plugin that causes this warning, please upgrade to the latest version and report an issue if the warning persists. To disable these warnings, set -Dmaven.project.sourceRoots.warningsDisabled=true on the command line, in the .mvn/maven.config file, or in project POM properties.
2026-02-27 09:49:31,677 [Worker-27: Building] INFO  o.a.m.s.f.DefaultMavenResourcesFiltering - skip non existing resourceDirectory C:\Users\sahil\Desktop\Training(CapG)\E_Commerce\src\main\resources
2026-02-27 09:49:31,683 [Worker-27: Building] INFO  o.a.m.s.f.DefaultMavenResourcesFiltering - skip non existing resourceDirectory C:\Users\sahil\Desktop\Training(CapG)\E_Commerce\src\test\resources
2026-02-27 09:49:31,685 [Worker-27: Building] WARN  o.apache.maven.project.MavenProject - Direct modification of compileSourceRoots through clear() is deprecated and will not work in Maven 4.0.0. Please use the add/remove methods instead. If you're using a plugin that causes this warning, please upgrade to the latest version and report an issue if the warning persists. To disable these warnings, set -Dmaven.project.sourceRoots.warningsDisabled=true on the command line, in the .mvn/maven.config file, or in project POM properties.
2026-02-27 09:49:31,686 [Worker-27: Building] WARN  o.apache.maven.project.MavenProject - Direct modification of compileSourceRoots through add() is deprecated and will not work in Maven 4.0.0. Please use the add/remove methods instead. If you're using a plugin that causes this warning, please upgrade to the latest version and report an issue if the warning persists. To disable these warnings, set -Dmaven.project.sourceRoots.warningsDisabled=true on the command line, in the .mvn/maven.config file, or in project POM properties.
2026-02-27 09:49:31,687 [Worker-27: Building] WARN  o.apache.maven.project.MavenProject - Direct modification of testCompileSourceRoots through clear() is deprecated and will not work in Maven 4.0.0. Please use the add/remove methods instead. If you're using a plugin that causes this warning, please upgrade to the latest version and report an issue if the warning persists. To disable these warnings, set -Dmaven.project.sourceRoots.warningsDisabled=true on the command line, in the .mvn/maven.config file, or in project POM properties.
2026-02-27 09:49:31,690 [Worker-27: Building] WARN  o.apache.maven.project.MavenProject - Direct modification of testCompileSourceRoots through add() is deprecated and will not work in Maven 4.0.0. Please use the add/remove methods instead. If you're using a plugin that causes this warning, please upgrade to the latest version and report an issue if the warning persists. To disable these warnings, set -Dmaven.project.sourceRoots.warningsDisabled=true on the command line, in the .mvn/maven.config file, or in project POM properties.
2026-02-27 09:49:46,694 [Worker-29: Building] INFO  o.a.m.s.f.DefaultMavenResourcesFiltering - skip non existing resourceDirectory C:\Users\sahil\Desktop\Training(CapG)\E_Commerce\src\main\resources
2026-02-27 09:49:46,701 [Worker-29: Building] INFO  o.a.m.s.f.DefaultMavenResourcesFiltering - skip non existing resourceDirectory C:\Users\sahil\Desktop\Training(CapG)\E_Commerce\src\test\resources
2026-02-27 09:49:46,702 [Worker-29: Building] WARN  o.apache.maven.project.MavenProject - Direct modification of compileSourceRoots through clear() is deprecated and will not work in Maven 4.0.0. Please use the add/remove methods instead. If you're using a plugin that causes this warning, please upgrade to the latest version and report an issue if the warning persists. To disable these warnings, set -Dmaven.project.sourceRoots.warningsDisabled=true on the command line, in the .mvn/maven.config file, or in project POM properties.
2026-02-27 09:49:46,705 [Worker-29: Building] WARN  o.apache.maven.project.MavenProject - Direct modification of compileSourceRoots through add() is deprecated and will not work in Maven 4.0.0. Please use the add/remove methods instead. If you're using a plugin that causes this warning, please upgrade to the latest version and report an issue if the warning persists. To disable these warnings, set -Dmaven.project.sourceRoots.warningsDisabled=true on the command line, in the .mvn/maven.config file, or in project POM properties.
2026-02-27 09:49:46,706 [Worker-29: Building] WARN  o.apache.maven.project.MavenProject - Direct modification of testCompileSourceRoots through clear() is deprecated and will not work in Maven 4.0.0. Please use the add/remove methods instead. If you're using a plugin that causes this warning, please upgrade to the latest version and report an issue if the warning persists. To disable these warnings, set -Dmaven.project.sourceRoots.warningsDisabled=true on the command line, in the .mvn/maven.config file, or in project POM properties.
2026-02-27 09:49:46,708 [Worker-29: Building] WARN  o.apache.maven.project.MavenProject - Direct modification of testCompileSourceRoots through add() is deprecated and will not work in Maven 4.0.0. Please use the add/remove methods instead. If you're using a plugin that causes this warning, please upgrade to the latest version and report an issue if the warning persists. To disable these warnings, set -Dmaven.project.sourceRoots.warningsDisabled=true on the command line, in the .mvn/maven.config file, or in project POM properties.
2026-02-27 09:50:07,046 [Worker-30: Building] INFO  o.a.m.s.f.DefaultMavenResourcesFiltering - skip non existing resourceDirectory C:\Users\sahil\Desktop\Training(CapG)\E_Commerce\src\main\resources
2026-02-27 09:50:07,055 [Worker-30: Building] INFO  o.a.m.s.f.DefaultMavenResourcesFiltering - skip non existing resourceDirectory C:\Users\sahil\Desktop\Training(CapG)\E_Commerce\src\test\resources
2026-02-27 09:50:07,056 [Worker-30: Building] WARN  o.apache.maven.project.MavenProject - Direct modification of compileSourceRoots through clear() is deprecated and will not work in Maven 4.0.0. Please use the add/remove methods instead. If you're using a plugin that causes this warning, please upgrade to the latest version and report an issue if the warning persists. To disable these warnings, set -Dmaven.project.sourceRoots.warningsDisabled=true on the command line, in the .mvn/maven.config file, or in project POM properties.
2026-02-27 09:50:07,058 [Worker-30: Building] WARN  o.apache.maven.project.MavenProject - Direct modification of compileSourceRoots through add() is deprecated and will not work in Maven 4.0.0. Please use the add/remove methods instead. If you're using a plugin that causes this warning, please upgrade to the latest version and report an issue if the warning persists. To disable these warnings, set -Dmaven.project.sourceRoots.warningsDisabled=true on the command line, in the .mvn/maven.config file, or in project POM properties.
2026-02-27 09:50:07,060 [Worker-30: Building] WARN  o.apache.maven.project.MavenProject - Direct modification of testCompileSourceRoots through clear() is deprecated and will not work in Maven 4.0.0. Please use the add/remove methods instead. If you're using a plugin that causes this warning, please upgrade to the latest version and report an issue if the warning persists. To disable these warnings, set -Dmaven.project.sourceRoots.warningsDisabled=true on the command line, in the .mvn/maven.config file, or in project POM properties.
2026-02-27 09:50:07,061 [Worker-30: Building] WARN  o.apache.maven.project.MavenProject - Direct modification of testCompileSourceRoots through add() is deprecated and will not work in Maven 4.0.0. Please use the add/remove methods instead. If you're using a plugin that causes this warning, please upgrade to the latest version and report an issue if the warning persists. To disable these warnings, set -Dmaven.project.sourceRoots.warningsDisabled=true on the command line, in the .mvn/maven.config file, or in project POM properties.
2026-02-27 09:50:22,498 [Worker-3: Building] INFO  o.a.m.s.f.DefaultMavenResourcesFiltering - skip non existing resourceDirectory C:\Users\sahil\Desktop\Training(CapG)\E_Commerce\src\main\resources
2026-02-27 09:50:22,503 [Worker-3: Building] INFO  o.a.m.s.f.DefaultMavenResourcesFiltering - skip non existing resourceDirectory C:\Users\sahil\Desktop\Training(CapG)\E_Commerce\src\test\resources
2026-02-27 09:50:22,504 [Worker-3: Building] WARN  o.apache.maven.project.MavenProject - Direct modification of compileSourceRoots through clear() is deprecated and will not work in Maven 4.0.0. Please use the add/remove methods instead. If you're using a plugin that causes this warning, please upgrade to the latest version and report an issue if the warning persists. To disable these warnings, set -Dmaven.project.sourceRoots.warningsDisabled=true on the command line, in the .mvn/maven.config file, or in project POM properties.
2026-02-27 09:50:22,506 [Worker-3: Building] WARN  o.apache.maven.project.MavenProject - Direct modification of compileSourceRoots through add() is deprecated and will not work in Maven 4.0.0. Please use the add/remove methods instead. If you're using a plugin that causes this warning, please upgrade to the latest version and report an issue if the warning persists. To disable these warnings, set -Dmaven.project.sourceRoots.warningsDisabled=true on the command line, in the .mvn/maven.config file, or in project POM properties.
2026-02-27 09:50:22,507 [Worker-3: Building] WARN  o.apache.maven.project.MavenProject - Direct modification of testCompileSourceRoots through clear() is deprecated and will not work in Maven 4.0.0. Please use the add/remove methods instead. If you're using a plugin that causes this warning, please upgrade to the latest version and report an issue if the warning persists. To disable these warnings, set -Dmaven.project.sourceRoots.warningsDisabled=true on the command line, in the .mvn/maven.config file, or in project POM properties.
2026-02-27 09:50:22,508 [Worker-3: Building] WARN  o.apache.maven.project.MavenProject - Direct modification of testCompileSourceRoots through add() is deprecated and will not work in Maven 4.0.0. Please use the add/remove methods instead. If you're using a plugin that causes this warning, please upgrade to the latest version and report an issue if the warning persists. To disable these warnings, set -Dmaven.project.sourceRoots.warningsDisabled=true on the command line, in the .mvn/maven.config file, or in project POM properties.
2026-02-27 09:50:40,779 [Worker-26: Building] INFO  o.a.m.s.f.DefaultMavenResourcesFiltering - skip non existing resourceDirectory C:\Users\sahil\Desktop\Training(CapG)\E_Commerce\src\main\resources
2026-02-27 09:50:40,783 [Worker-26: Building] INFO  o.a.m.s.f.DefaultMavenResourcesFiltering - skip non existing resourceDirectory C:\Users\sahil\Desktop\Training(CapG)\E_Commerce\src\test\resources
2026-02-27 09:50:40,784 [Worker-26: Building] WARN  o.apache.maven.project.MavenProject - Direct modification of compileSourceRoots through clear() is deprecated and will not work in Maven 4.0.0. Please use the add/remove methods instead. If you're using a plugin that causes this warning, please upgrade to the latest version and report an issue if the warning persists. To disable these warnings, set -Dmaven.project.sourceRoots.warningsDisabled=true on the command line, in the .mvn/maven.config file, or in project POM properties.
2026-02-27 09:50:40,785 [Worker-26: Building] WARN  o.apache.maven.project.MavenProject - Direct modification of compileSourceRoots through add() is deprecated and will not work in Maven 4.0.0. Please use the add/remove methods instead. If you're using a plugin that causes this warning, please upgrade to the latest version and report an issue if the warning persists. To disable these warnings, set -Dmaven.project.sourceRoots.warningsDisabled=true on the command line, in the .mvn/maven.config file, or in project POM properties.
2026-02-27 09:50:40,786 [Worker-26: Building] WARN  o.apache.maven.project.MavenProject - Direct modification of testCompileSourceRoots through clear() is deprecated and will not work in Maven 4.0.0. Please use the add/remove methods instead. If you're using a plugin that causes this warning, please upgrade to the latest version and report an issue if the warning persists. To disable these warnings, set -Dmaven.project.sourceRoots.warningsDisabled=true on the command line, in the .mvn/maven.config file, or in project POM properties.
2026-02-27 09:50:40,788 [Worker-26: Building] WARN  o.apache.maven.project.MavenProject - Direct modification of testCompileSourceRoots through add() is deprecated and will not work in Maven 4.0.0. Please use the add/remove methods instead. If you're using a plugin that causes this warning, please upgrade to the latest version and report an issue if the warning persists. To disable these warnings, set -Dmaven.project.sourceRoots.warningsDisabled=true on the command line, in the .mvn/maven.config file, or in project POM properties.
2026-02-27 09:50:57,497 [Worker-30: Building] INFO  o.a.m.s.f.DefaultMavenResourcesFiltering - skip non existing resourceDirectory C:\Users\sahil\Desktop\Training(CapG)\E_Commerce\src\main\resources
2026-02-27 09:50:57,502 [Worker-30: Building] INFO  o.a.m.s.f.DefaultMavenResourcesFiltering - skip non existing resourceDirectory C:\Users\sahil\Desktop\Training(CapG)\E_Commerce\src\test\resources
2026-02-27 09:50:57,505 [Worker-30: Building] WARN  o.apache.maven.project.MavenProject - Direct modification of compileSourceRoots through clear() is deprecated and will not work in Maven 4.0.0. Please use the add/remove methods instead. If you're using a plugin that causes this warning, please upgrade to the latest version and report an issue if the warning persists. To disable these warnings, set -Dmaven.project.sourceRoots.warningsDisabled=true on the command line, in the .mvn/maven.config file, or in project POM properties.
2026-02-27 09:50:57,507 [Worker-30: Building] WARN  o.apache.maven.project.MavenProject - Direct modification of compileSourceRoots through add() is deprecated and will not work in Maven 4.0.0. Please use the add/remove methods instead. If you're using a plugin that causes this warning, please upgrade to the latest version and report an issue if the warning persists. To disable these warnings, set -Dmaven.project.sourceRoots.warningsDisabled=true on the command line, in the .mvn/maven.config file, or in project POM properties.
2026-02-27 09:50:57,510 [Worker-30: Building] WARN  o.apache.maven.project.MavenProject - Direct modification of testCompileSourceRoots through clear() is deprecated and will not work in Maven 4.0.0. Please use the add/remove methods instead. If you're using a plugin that causes this warning, please upgrade to the latest version and report an issue if the warning persists. To disable these warnings, set -Dmaven.project.sourceRoots.warningsDisabled=true on the command line, in the .mvn/maven.config file, or in project POM properties.
2026-02-27 09:50:57,512 [Worker-30: Building] WARN  o.apache.maven.project.MavenProject - Direct modification of testCompileSourceRoots through add() is deprecated and will not work in Maven 4.0.0. Please use the add/remove methods instead. If you're using a plugin that causes this warning, please upgrade to the latest version and report an issue if the warning persists. To disable these warnings, set -Dmaven.project.sourceRoots.warningsDisabled=true on the command line, in the .mvn/maven.config file, or in project POM properties.
2026-02-27 09:51:28,338 [Worker-3: Building] INFO  o.a.m.s.f.DefaultMavenResourcesFiltering - skip non existing resourceDirectory C:\Users\sahil\Desktop\Training(CapG)\E_Commerce\src\main\resources
2026-02-27 09:51:28,344 [Worker-3: Building] INFO  o.a.m.s.f.DefaultMavenResourcesFiltering - skip non existing resourceDirectory C:\Users\sahil\Desktop\Training(CapG)\E_Commerce\src\test\resources
2026-02-27 09:51:28,345 [Worker-3: Building] WARN  o.apache.maven.project.MavenProject - Direct modification of compileSourceRoots through clear() is deprecated and will not work in Maven 4.0.0. Please use the add/remove methods instead. If you're using a plugin that causes this warning, please upgrade to the latest version and report an issue if the warning persists. To disable these warnings, set -Dmaven.project.sourceRoots.warningsDisabled=true on the command line, in the .mvn/maven.config file, or in project POM properties.
2026-02-27 09:51:28,346 [Worker-3: Building] WARN  o.apache.maven.project.MavenProject - Direct modification of compileSourceRoots through add() is deprecated and will not work in Maven 4.0.0. Please use the add/remove methods instead. If you're using a plugin that causes this warning, please upgrade to the latest version and report an issue if the warning persists. To disable these warnings, set -Dmaven.project.sourceRoots.warningsDisabled=true on the command line, in the .mvn/maven.config file, or in project POM properties.
2026-02-27 09:51:28,347 [Worker-3: Building] WARN  o.apache.maven.project.MavenProject - Direct modification of testCompileSourceRoots through clear() is deprecated and will not work in Maven 4.0.0. Please use the add/remove methods instead. If you're using a plugin that causes this warning, please upgrade to the latest version and report an issue if the warning persists. To disable these warnings, set -Dmaven.project.sourceRoots.warningsDisabled=true on the command line, in the .mvn/maven.config file, or in project POM properties.
2026-02-27 09:51:28,348 [Worker-3: Building] WARN  o.apache.maven.project.MavenProject - Direct modification of testCompileSourceRoots through add() is deprecated and will not work in Maven 4.0.0. Please use the add/remove methods instead. If you're using a plugin that causes this warning, please upgrade to the latest version and report an issue if the warning persists. To disable these warnings, set -Dmaven.project.sourceRoots.warningsDisabled=true on the command line, in the .mvn/maven.config file, or in project POM properties.
2026-02-27 09:53:25,637 [Worker-29: Building] INFO  o.a.m.s.f.DefaultMavenResourcesFiltering - skip non existing resourceDirectory C:\Users\sahil\Desktop\Training(CapG)\E_Commerce\src\main\resources
2026-02-27 09:53:25,640 [Worker-29: Building] INFO  o.a.m.s.f.DefaultMavenResourcesFiltering - skip non existing resourceDirectory C:\Users\sahil\Desktop\Training(CapG)\E_Commerce\src\test\resources
2026-02-27 09:53:25,641 [Worker-29: Building] WARN  o.apache.maven.project.MavenProject - Direct modification of compileSourceRoots through clear() is deprecated and will not work in Maven 4.0.0. Please use the add/remove methods instead. If you're using a plugin that causes this warning, please upgrade to the latest version and report an issue if the warning persists. To disable these warnings, set -Dmaven.project.sourceRoots.warningsDisabled=true on the command line, in the .mvn/maven.config file, or in project POM properties.
2026-02-27 09:53:25,642 [Worker-29: Building] WARN  o.apache.maven.project.MavenProject - Direct modification of compileSourceRoots through add() is deprecated and will not work in Maven 4.0.0. Please use the add/remove methods instead. If you're using a plugin that causes this warning, please upgrade to the latest version and report an issue if the warning persists. To disable these warnings, set -Dmaven.project.sourceRoots.warningsDisabled=true on the command line, in the .mvn/maven.config file, or in project POM properties.
2026-02-27 09:53:25,643 [Worker-29: Building] WARN  o.apache.maven.project.MavenProject - Direct modification of testCompileSourceRoots through clear() is deprecated and will not work in Maven 4.0.0. Please use the add/remove methods instead. If you're using a plugin that causes this warning, please upgrade to the latest version and report an issue if the warning persists. To disable these warnings, set -Dmaven.project.sourceRoots.warningsDisabled=true on the command line, in the .mvn/maven.config file, or in project POM properties.
2026-02-27 09:53:25,644 [Worker-29: Building] WARN  o.apache.maven.project.MavenProject - Direct modification of testCompileSourceRoots through add() is deprecated and will not work in Maven 4.0.0. Please use the add/remove methods instead. If you're using a plugin that causes this warning, please upgrade to the latest version and report an issue if the warning persists. To disable these warnings, set -Dmaven.project.sourceRoots.warningsDisabled=true on the command line, in the .mvn/maven.config file, or in project POM properties.
2026-02-27 09:55:15,852 [Worker-27: Building] INFO  o.a.m.s.f.DefaultMavenResourcesFiltering - skip non existing resourceDirectory C:\Users\sahil\Desktop\Training(CapG)\E_Commerce\src\main\resources
2026-02-27 09:55:15,855 [Worker-27: Building] INFO  o.a.m.s.f.DefaultMavenResourcesFiltering - skip non existing resourceDirectory C:\Users\sahil\Desktop\Training(CapG)\E_Commerce\src\test\resources
2026-02-27 09:55:15,855 [Worker-27: Building] WARN  o.apache.maven.project.MavenProject - Direct modification of compileSourceRoots through clear() is deprecated and will not work in Maven 4.0.0. Please use the add/remove methods instead. If you're using a plugin that causes this warning, please upgrade to the latest version and report an issue if the warning persists. To disable these warnings, set -Dmaven.project.sourceRoots.warningsDisabled=true on the command line, in the .mvn/maven.config file, or in project POM properties.
2026-02-27 09:55:15,856 [Worker-27: Building] WARN  o.apache.maven.project.MavenProject - Direct modification of compileSourceRoots through add() is deprecated and will not work in Maven 4.0.0. Please use the add/remove methods instead. If you're using a plugin that causes this warning, please upgrade to the latest version and report an issue if the warning persists. To disable these warnings, set -Dmaven.project.sourceRoots.warningsDisabled=true on the command line, in the .mvn/maven.config file, or in project POM properties.
2026-02-27 09:55:15,857 [Worker-27: Building] WARN  o.apache.maven.project.MavenProject - Direct modification of testCompileSourceRoots through clear() is deprecated and will not work in Maven 4.0.0. Please use the add/remove methods instead. If you're using a plugin that causes this warning, please upgrade to the latest version and report an issue if the warning persists. To disable these warnings, set -Dmaven.project.sourceRoots.warningsDisabled=true on the command line, in the .mvn/maven.config file, or in project POM properties.
2026-02-27 09:55:15,858 [Worker-27: Building] WARN  o.apache.maven.project.MavenProject - Direct modification of testCompileSourceRoots through add() is deprecated and will not work in Maven 4.0.0. Please use the add/remove methods instead. If you're using a plugin that causes this warning, please upgrade to the latest version and report an issue if the warning persists. To disable these warnings, set -Dmaven.project.sourceRoots.warningsDisabled=true on the command line, in the .mvn/maven.config file, or in project POM properties.
2026-02-27 10:00:36,746 [Worker-30: Launching DBConnection] INFO  o.a.m.s.f.DefaultMavenResourcesFiltering - skip non existing resourceDirectory C:\Users\sahil\Desktop\Training(CapG)\E_Commerce\src\main\resources
2026-02-27 10:00:36,751 [Worker-30: Launching DBConnection] INFO  o.a.m.s.f.DefaultMavenResourcesFiltering - skip non existing resourceDirectory C:\Users\sahil\Desktop\Training(CapG)\E_Commerce\src\test\resources
2026-02-27 10:00:36,752 [Worker-30: Launching DBConnection] WARN  o.apache.maven.project.MavenProject - Direct modification of compileSourceRoots through clear() is deprecated and will not work in Maven 4.0.0. Please use the add/remove methods instead. If you're using a plugin that causes this warning, please upgrade to the latest version and report an issue if the warning persists. To disable these warnings, set -Dmaven.project.sourceRoots.warningsDisabled=true on the command line, in the .mvn/maven.config file, or in project POM properties.
2026-02-27 10:00:36,754 [Worker-30: Launching DBConnection] WARN  o.apache.maven.project.MavenProject - Direct modification of compileSourceRoots through add() is deprecated and will not work in Maven 4.0.0. Please use the add/remove methods instead. If you're using a plugin that causes this warning, please upgrade to the latest version and report an issue if the warning persists. To disable these warnings, set -Dmaven.project.sourceRoots.warningsDisabled=true on the command line, in the .mvn/maven.config file, or in project POM properties.
2026-02-27 10:00:36,755 [Worker-30: Launching DBConnection] WARN  o.apache.maven.project.MavenProject - Direct modification of testCompileSourceRoots through clear() is deprecated and will not work in Maven 4.0.0. Please use the add/remove methods instead. If you're using a plugin that causes this warning, please upgrade to the latest version and report an issue if the warning persists. To disable these warnings, set -Dmaven.project.sourceRoots.warningsDisabled=true on the command line, in the .mvn/maven.config file, or in project POM properties.
2026-02-27 10:00:36,757 [Worker-30: Launching DBConnection] WARN  o.apache.maven.project.MavenProject - Direct modification of testCompileSourceRoots through add() is deprecated and will not work in Maven 4.0.0. Please use the add/remove methods instead. If you're using a plugin that causes this warning, please upgrade to the latest version and report an issue if the warning persists. To disable these warnings, set -Dmaven.project.sourceRoots.warningsDisabled=true on the command line, in the .mvn/maven.config file, or in project POM properties.
2026-02-27 10:01:55,742 [Worker-31: Building] INFO  o.a.m.s.f.DefaultMavenResourcesFiltering - skip non existing resourceDirectory C:\Users\sahil\Desktop\Training(CapG)\E_Commerce\src\main\resources
2026-02-27 10:01:55,745 [Worker-31: Building] INFO  o.a.m.s.f.DefaultMavenResourcesFiltering - skip non existing resourceDirectory C:\Users\sahil\Desktop\Training(CapG)\E_Commerce\src\test\resources
2026-02-27 10:01:55,759 [Worker-31: Building] WARN  o.apache.maven.project.MavenProject - Direct modification of compileSourceRoots through clear() is deprecated and will not work in Maven 4.0.0. Please use the add/remove methods instead. If you're using a plugin that causes this warning, please upgrade to the latest version and report an issue if the warning persists. To disable these warnings, set -Dmaven.project.sourceRoots.warningsDisabled=true on the command line, in the .mvn/maven.config file, or in project POM properties.
2026-02-27 10:01:55,761 [Worker-31: Building] WARN  o.apache.maven.project.MavenProject - Direct modification of compileSourceRoots through add() is deprecated and will not work in Maven 4.0.0. Please use the add/remove methods instead. If you're using a plugin that causes this warning, please upgrade to the latest version and report an issue if the warning persists. To disable these warnings, set -Dmaven.project.sourceRoots.warningsDisabled=true on the command line, in the .mvn/maven.config file, or in project POM properties.
2026-02-27 10:01:55,762 [Worker-31: Building] WARN  o.apache.maven.project.MavenProject - Direct modification of testCompileSourceRoots through clear() is deprecated and will not work in Maven 4.0.0. Please use the add/remove methods instead. If you're using a plugin that causes this warning, please upgrade to the latest version and report an issue if the warning persists. To disable these warnings, set -Dmaven.project.sourceRoots.warningsDisabled=true on the command line, in the .mvn/maven.config file, or in project POM properties.
2026-02-27 10:01:55,762 [Worker-31: Building] WARN  o.apache.maven.project.MavenProject - Direct modification of testCompileSourceRoots through add() is deprecated and will not work in Maven 4.0.0. Please use the add/remove methods instead. If you're using a plugin that causes this warning, please upgrade to the latest version and report an issue if the warning persists. To disable these warnings, set -Dmaven.project.sourceRoots.warningsDisabled=true on the command line, in the .mvn/maven.config file, or in project POM properties.
2026-02-27 20:25:20,100 [Worker-41: Building] INFO  o.a.m.s.f.DefaultMavenResourcesFiltering - skip non existing resourceDirectory C:\Users\sahil\Desktop\Training(CapG)\Student_Managment_System\src\main\resources
2026-02-27 20:25:20,107 [Worker-41: Building] INFO  o.a.m.s.f.DefaultMavenResourcesFiltering - skip non existing resourceDirectory C:\Users\sahil\Desktop\Training(CapG)\Student_Managment_System\src\test\resources
2026-02-27 20:25:20,149 [Worker-41: Building] WARN  o.apache.maven.project.MavenProject - Direct modification of compileSourceRoots through clear() is deprecated and will not work in Maven 4.0.0. Please use the add/remove methods instead. If you're using a plugin that causes this warning, please upgrade to the latest version and report an issue if the warning persists. To disable these warnings, set -Dmaven.project.sourceRoots.warningsDisabled=true on the command line, in the .mvn/maven.config file, or in project POM properties.
2026-02-27 20:25:20,151 [Worker-41: Building] WARN  o.apache.maven.project.MavenProject - Direct modification of compileSourceRoots through add() is deprecated and will not work in Maven 4.0.0. Please use the add/remove methods instead. If you're using a plugin that causes this warning, please upgrade to the latest version and report an issue if the warning persists. To disable these warnings, set -Dmaven.project.sourceRoots.warningsDisabled=true on the command line, in the .mvn/maven.config file, or in project POM properties.
2026-02-27 20:25:20,153 [Worker-41: Building] WARN  o.apache.maven.project.MavenProject - Direct modification of testCompileSourceRoots through clear() is deprecated and will not work in Maven 4.0.0. Please use the add/remove methods instead. If you're using a plugin that causes this warning, please upgrade to the latest version and report an issue if the warning persists. To disable these warnings, set -Dmaven.project.sourceRoots.warningsDisabled=true on the command line, in the .mvn/maven.config file, or in project POM properties.
2026-02-27 20:25:20,155 [Worker-41: Building] WARN  o.apache.maven.project.MavenProject - Direct modification of testCompileSourceRoots through add() is deprecated and will not work in Maven 4.0.0. Please use the add/remove methods instead. If you're using a plugin that causes this warning, please upgrade to the latest version and report an issue if the warning persists. To disable these warnings, set -Dmaven.project.sourceRoots.warningsDisabled=true on the command line, in the .mvn/maven.config file, or in project POM properties.
2026-02-27 20:38:12,738 [Worker-54: Building] INFO  o.a.m.s.f.DefaultMavenResourcesFiltering - skip non existing resourceDirectory C:\Users\sahil\Desktop\Training(CapG)\E_Commerce\src\main\resources
2026-02-27 20:38:12,742 [Worker-54: Building] INFO  o.a.m.s.f.DefaultMavenResourcesFiltering - skip non existing resourceDirectory C:\Users\sahil\Desktop\Training(CapG)\E_Commerce\src\test\resources
2026-02-27 20:38:12,771 [Worker-54: Building] WARN  o.apache.maven.project.MavenProject - Direct modification of compileSourceRoots through clear() is deprecated and will not work in Maven 4.0.0. Please use the add/remove methods instead. If you're using a plugin that causes this warning, please upgrade to the latest version and report an issue if the warning persists. To disable these warnings, set -Dmaven.project.sourceRoots.warningsDisabled=true on the command line, in the .mvn/maven.config file, or in project POM properties.
2026-02-27 20:38:12,773 [Worker-54: Building] WARN  o.apache.maven.project.MavenProject - Direct modification of compileSourceRoots through add() is deprecated and will not work in Maven 4.0.0. Please use the add/remove methods instead. If you're using a plugin that causes this warning, please upgrade to the latest version and report an issue if the warning persists. To disable these warnings, set -Dmaven.project.sourceRoots.warningsDisabled=true on the command line, in the .mvn/maven.config file, or in project POM properties.
2026-02-27 20:38:12,774 [Worker-54: Building] WARN  o.apache.maven.project.MavenProject - Direct modification of testCompileSourceRoots through clear() is deprecated and will not work in Maven 4.0.0. Please use the add/remove methods instead. If you're using a plugin that causes this warning, please upgrade to the latest version and report an issue if the warning persists. To disable these warnings, set -Dmaven.project.sourceRoots.warningsDisabled=true on the command line, in the .mvn/maven.config file, or in project POM properties.
2026-02-27 20:38:12,776 [Worker-54: Building] WARN  o.apache.maven.project.MavenProject - Direct modification of testCompileSourceRoots through add() is deprecated and will not work in Maven 4.0.0. Please use the add/remove methods instead. If you're using a plugin that causes this warning, please upgrade to the latest version and report an issue if the warning persists. To disable these warnings, set -Dmaven.project.sourceRoots.warningsDisabled=true on the command line, in the .mvn/maven.config file, or in project POM properties.
2026-02-27 20:38:19,760 [Worker-51: Building] INFO  o.a.m.s.f.DefaultMavenResourcesFiltering - skip non existing resourceDirectory C:\Users\sahil\Desktop\Training(CapG)\E_Commerce\src\main\resources
2026-02-27 20:38:19,765 [Worker-51: Building] INFO  o.a.m.s.f.DefaultMavenResourcesFiltering - skip non existing resourceDirectory C:\Users\sahil\Desktop\Training(CapG)\E_Commerce\src\test\resources
2026-02-27 20:38:19,785 [Worker-51: Building] WARN  o.apache.maven.project.MavenProject - Direct modification of compileSourceRoots through clear() is deprecated and will not work in Maven 4.0.0. Please use the add/remove methods instead. If you're using a plugin that causes this warning, please upgrade to the latest version and report an issue if the warning persists. To disable these warnings, set -Dmaven.project.sourceRoots.warningsDisabled=true on the command line, in the .mvn/maven.config file, or in project POM properties.
2026-02-27 20:38:19,787 [Worker-51: Building] WARN  o.apache.maven.project.MavenProject - Direct modification of compileSourceRoots through add() is deprecated and will not work in Maven 4.0.0. Please use the add/remove methods instead. If you're using a plugin that causes this warning, please upgrade to the latest version and report an issue if the warning persists. To disable these warnings, set -Dmaven.project.sourceRoots.warningsDisabled=true on the command line, in the .mvn/maven.config file, or in project POM properties.
2026-02-27 20:38:19,788 [Worker-51: Building] WARN  o.apache.maven.project.MavenProject - Direct modification of testCompileSourceRoots through clear() is deprecated and will not work in Maven 4.0.0. Please use the add/remove methods instead. If you're using a plugin that causes this warning, please upgrade to the latest version and report an issue if the warning persists. To disable these warnings, set -Dmaven.project.sourceRoots.warningsDisabled=true on the command line, in the .mvn/maven.config file, or in project POM properties.
2026-02-27 20:38:19,790 [Worker-51: Building] WARN  o.apache.maven.project.MavenProject - Direct modification of testCompileSourceRoots through add() is deprecated and will not work in Maven 4.0.0. Please use the add/remove methods instead. If you're using a plugin that causes this warning, please upgrade to the latest version and report an issue if the warning persists. To disable these warnings, set -Dmaven.project.sourceRoots.warningsDisabled=true on the command line, in the .mvn/maven.config file, or in project POM properties.
2026-02-27 20:39:45,137 [Worker-51: Building] INFO  o.a.m.s.f.DefaultMavenResourcesFiltering - skip non existing resourceDirectory C:\Users\sahil\Desktop\Training(CapG)\E_Commerce\src\main\resources
2026-02-27 20:39:45,143 [Worker-51: Building] INFO  o.a.m.s.f.DefaultMavenResourcesFiltering - skip non existing resourceDirectory C:\Users\sahil\Desktop\Training(CapG)\E_Commerce\src\test\resources
2026-02-27 20:39:45,144 [Worker-51: Building] WARN  o.apache.maven.project.MavenProject - Direct modification of compileSourceRoots through clear() is deprecated and will not work in Maven 4.0.0. Please use the add/remove methods instead. If you're using a plugin that causes this warning, please upgrade to the latest version and report an issue if the warning persists. To disable these warnings, set -Dmaven.project.sourceRoots.warningsDisabled=true on the command line, in the .mvn/maven.config file, or in project POM properties.
2026-02-27 20:39:45,146 [Worker-51: Building] WARN  o.apache.maven.project.MavenProject - Direct modification of compileSourceRoots through add() is deprecated and will not work in Maven 4.0.0. Please use the add/remove methods instead. If you're using a plugin that causes this warning, please upgrade to the latest version and report an issue if the warning persists. To disable these warnings, set -Dmaven.project.sourceRoots.warningsDisabled=true on the command line, in the .mvn/maven.config file, or in project POM properties.
2026-02-27 20:39:45,147 [Worker-51: Building] WARN  o.apache.maven.project.MavenProject - Direct modification of testCompileSourceRoots through clear() is deprecated and will not work in Maven 4.0.0. Please use the add/remove methods instead. If you're using a plugin that causes this warning, please upgrade to the latest version and report an issue if the warning persists. To disable these warnings, set -Dmaven.project.sourceRoots.warningsDisabled=true on the command line, in the .mvn/maven.config file, or in project POM properties.
2026-02-27 20:39:45,148 [Worker-51: Building] WARN  o.apache.maven.project.MavenProject - Direct modification of testCompileSourceRoots through add() is deprecated and will not work in Maven 4.0.0. Please use the add/remove methods instead. If you're using a plugin that causes this warning, please upgrade to the latest version and report an issue if the warning persists. To disable these warnings, set -Dmaven.project.sourceRoots.warningsDisabled=true on the command line, in the .mvn/maven.config file, or in project POM properties.
2026-02-27 20:41:15,919 [Worker-55: Building] INFO  o.a.m.s.f.DefaultMavenResourcesFiltering - skip non existing resourceDirectory C:\Users\sahil\Desktop\Training(CapG)\E_Commerce\src\main\resources
2026-02-27 20:41:15,923 [Worker-55: Building] INFO  o.a.m.s.f.DefaultMavenResourcesFiltering - skip non existing resourceDirectory C:\Users\sahil\Desktop\Training(CapG)\E_Commerce\src\test\resources
2026-02-27 20:41:15,924 [Worker-55: Building] WARN  o.apache.maven.project.MavenProject - Direct modification of compileSourceRoots through clear() is deprecated and will not work in Maven 4.0.0. Please use the add/remove methods instead. If you're using a plugin that causes this warning, please upgrade to the latest version and report an issue if the warning persists. To disable these warnings, set -Dmaven.project.sourceRoots.warningsDisabled=true on the command line, in the .mvn/maven.config file, or in project POM properties.
2026-02-27 20:41:15,925 [Worker-55: Building] WARN  o.apache.maven.project.MavenProject - Direct modification of compileSourceRoots through add() is deprecated and will not work in Maven 4.0.0. Please use the add/remove methods instead. If you're using a plugin that causes this warning, please upgrade to the latest version and report an issue if the warning persists. To disable these warnings, set -Dmaven.project.sourceRoots.warningsDisabled=true on the command line, in the .mvn/maven.config file, or in project POM properties.
2026-02-27 20:41:15,927 [Worker-55: Building] WARN  o.apache.maven.project.MavenProject - Direct modification of testCompileSourceRoots through clear() is deprecated and will not work in Maven 4.0.0. Please use the add/remove methods instead. If you're using a plugin that causes this warning, please upgrade to the latest version and report an issue if the warning persists. To disable these warnings, set -Dmaven.project.sourceRoots.warningsDisabled=true on the command line, in the .mvn/maven.config file, or in project POM properties.
2026-02-27 20:41:15,929 [Worker-55: Building] WARN  o.apache.maven.project.MavenProject - Direct modification of testCompileSourceRoots through add() is deprecated and will not work in Maven 4.0.0. Please use the add/remove methods instead. If you're using a plugin that causes this warning, please upgrade to the latest version and report an issue if the warning persists. To disable these warnings, set -Dmaven.project.sourceRoots.warningsDisabled=true on the command line, in the .mvn/maven.config file, or in project POM properties.
2026-02-27 20:47:55,034 [Worker-51: Building] INFO  o.a.m.s.f.DefaultMavenResourcesFiltering - skip non existing resourceDirectory C:\Users\sahil\Desktop\Training(CapG)\E_Commerce\src\main\resources
2026-02-27 20:47:55,038 [Worker-51: Building] INFO  o.a.m.s.f.DefaultMavenResourcesFiltering - skip non existing resourceDirectory C:\Users\sahil\Desktop\Training(CapG)\E_Commerce\src\test\resources
2026-02-27 20:47:55,038 [Worker-51: Building] WARN  o.apache.maven.project.MavenProject - Direct modification of compileSourceRoots through clear() is deprecated and will not work in Maven 4.0.0. Please use the add/remove methods instead. If you're using a plugin that causes this warning, please upgrade to the latest version and report an issue if the warning persists. To disable these warnings, set -Dmaven.project.sourceRoots.warningsDisabled=true on the command line, in the .mvn/maven.config file, or in project POM properties.
2026-02-27 20:47:55,040 [Worker-51: Building] WARN  o.apache.maven.project.MavenProject - Direct modification of compileSourceRoots through add() is deprecated and will not work in Maven 4.0.0. Please use the add/remove methods instead. If you're using a plugin that causes this warning, please upgrade to the latest version and report an issue if the warning persists. To disable these warnings, set -Dmaven.project.sourceRoots.warningsDisabled=true on the command line, in the .mvn/maven.config file, or in project POM properties.
2026-02-27 20:47:55,041 [Worker-51: Building] WARN  o.apache.maven.project.MavenProject - Direct modification of testCompileSourceRoots through clear() is deprecated and will not work in Maven 4.0.0. Please use the add/remove methods instead. If you're using a plugin that causes this warning, please upgrade to the latest version and report an issue if the warning persists. To disable these warnings, set -Dmaven.project.sourceRoots.warningsDisabled=true on the command line, in the .mvn/maven.config file, or in project POM properties.
2026-02-27 20:47:55,043 [Worker-51: Building] WARN  o.apache.maven.project.MavenProject - Direct modification of testCompileSourceRoots through add() is deprecated and will not work in Maven 4.0.0. Please use the add/remove methods instead. If you're using a plugin that causes this warning, please upgrade to the latest version and report an issue if the warning persists. To disable these warnings, set -Dmaven.project.sourceRoots.warningsDisabled=true on the command line, in the .mvn/maven.config file, or in project POM properties.
2026-02-27 20:50:47,455 [Worker-54: Building] INFO  o.a.m.s.f.DefaultMavenResourcesFiltering - skip non existing resourceDirectory C:\Users\sahil\Desktop\Training(CapG)\E_Commerce\src\main\resources
2026-02-27 20:50:47,459 [Worker-54: Building] INFO  o.a.m.s.f.DefaultMavenResourcesFiltering - skip non existing resourceDirectory C:\Users\sahil\Desktop\Training(CapG)\E_Commerce\src\test\resources
2026-02-27 20:50:47,459 [Worker-54: Building] WARN  o.apache.maven.project.MavenProject - Direct modification of compileSourceRoots through clear() is deprecated and will not work in Maven 4.0.0. Please use the add/remove methods instead. If you're using a plugin that causes this warning, please upgrade to the latest version and report an issue if the warning persists. To disable these warnings, set -Dmaven.project.sourceRoots.warningsDisabled=true on the command line, in the .mvn/maven.config file, or in project POM properties.
2026-02-27 20:50:47,460 [Worker-54: Building] WARN  o.apache.maven.project.MavenProject - Direct modification of compileSourceRoots through add() is deprecated and will not work in Maven 4.0.0. Please use the add/remove methods instead. If you're using a plugin that causes this warning, please upgrade to the latest version and report an issue if the warning persists. To disable these warnings, set -Dmaven.project.sourceRoots.warningsDisabled=true on the command line, in the .mvn/maven.config file, or in project POM properties.
2026-02-27 20:50:47,461 [Worker-54: Building] WARN  o.apache.maven.project.MavenProject - Direct modification of testCompileSourceRoots through clear() is deprecated and will not work in Maven 4.0.0. Please use the add/remove methods instead. If you're using a plugin that causes this warning, please upgrade to the latest version and report an issue if the warning persists. To disable these warnings, set -Dmaven.project.sourceRoots.warningsDisabled=true on the command line, in the .mvn/maven.config file, or in project POM properties.
2026-02-27 20:50:47,462 [Worker-54: Building] WARN  o.apache.maven.project.MavenProject - Direct modification of testCompileSourceRoots through add() is deprecated and will not work in Maven 4.0.0. Please use the add/remove methods instead. If you're using a plugin that causes this warning, please upgrade to the latest version and report an issue if the warning persists. To disable these warnings, set -Dmaven.project.sourceRoots.warningsDisabled=true on the command line, in the .mvn/maven.config file, or in project POM properties.
2026-02-27 20:52:19,938 [Worker-58: Building] INFO  o.e.m.c.i.l.LifecycleMappingFactory - Using org.eclipse.m2e.jdt.JarLifecycleMapping lifecycle mapping for MavenProject: com:E_Commerce:0.0.1-SNAPSHOT @ C:\Users\sahil\Desktop\Training(CapG)\E_Commerce\pom.xml.
2026-02-27 20:52:20,141 [Worker-58: Building] INFO  o.a.m.s.f.DefaultMavenResourcesFiltering - skip non existing resourceDirectory C:\Users\sahil\Desktop\Training(CapG)\E_Commerce\src\main\resources
2026-02-27 20:52:20,147 [Worker-58: Building] INFO  o.a.m.s.f.DefaultMavenResourcesFiltering - skip non existing resourceDirectory C:\Users\sahil\Desktop\Training(CapG)\E_Commerce\src\test\resources
2026-02-27 20:52:20,171 [Worker-58: Building] WARN  o.apache.maven.project.MavenProject - Direct modification of compileSourceRoots through clear() is deprecated and will not work in Maven 4.0.0. Please use the add/remove methods instead. If you're using a plugin that causes this warning, please upgrade to the latest version and report an issue if the warning persists. To disable these warnings, set -Dmaven.project.sourceRoots.warningsDisabled=true on the command line, in the .mvn/maven.config file, or in project POM properties.
2026-02-27 20:52:20,173 [Worker-58: Building] WARN  o.apache.maven.project.MavenProject - Direct modification of compileSourceRoots through add() is deprecated and will not work in Maven 4.0.0. Please use the add/remove methods instead. If you're using a plugin that causes this warning, please upgrade to the latest version and report an issue if the warning persists. To disable these warnings, set -Dmaven.project.sourceRoots.warningsDisabled=true on the command line, in the .mvn/maven.config file, or in project POM properties.
2026-02-27 20:52:20,175 [Worker-58: Building] WARN  o.apache.maven.project.MavenProject - Direct modification of testCompileSourceRoots through clear() is deprecated and will not work in Maven 4.0.0. Please use the add/remove methods instead. If you're using a plugin that causes this warning, please upgrade to the latest version and report an issue if the warning persists. To disable these warnings, set -Dmaven.project.sourceRoots.warningsDisabled=true on the command line, in the .mvn/maven.config file, or in project POM properties.
2026-02-27 20:52:20,177 [Worker-58: Building] WARN  o.apache.maven.project.MavenProject - Direct modification of testCompileSourceRoots through add() is deprecated and will not work in Maven 4.0.0. Please use the add/remove methods instead. If you're using a plugin that causes this warning, please upgrade to the latest version and report an issue if the warning persists. To disable these warnings, set -Dmaven.project.sourceRoots.warningsDisabled=true on the command line, in the .mvn/maven.config file, or in project POM properties.
2026-02-27 20:52:21,397 [Worker-54: Building] INFO  o.a.m.s.f.DefaultMavenResourcesFiltering - skip non existing resourceDirectory C:\Users\sahil\Desktop\Training(CapG)\E_Commerce\src\main\resources
2026-02-27 20:52:21,400 [Worker-54: Building] INFO  o.a.m.s.f.DefaultMavenResourcesFiltering - skip non existing resourceDirectory C:\Users\sahil\Desktop\Training(CapG)\E_Commerce\src\test\resources
2026-02-27 20:52:21,422 [Worker-54: Building] WARN  o.apache.maven.project.MavenProject - Direct modification of compileSourceRoots through clear() is deprecated and will not work in Maven 4.0.0. Please use the add/remove methods instead. If you're using a plugin that causes this warning, please upgrade to the latest version and report an issue if the warning persists. To disable these warnings, set -Dmaven.project.sourceRoots.warningsDisabled=true on the command line, in the .mvn/maven.config file, or in project POM properties.
2026-02-27 20:52:21,424 [Worker-54: Building] WARN  o.apache.maven.project.MavenProject - Direct modification of compileSourceRoots through add() is deprecated and will not work in Maven 4.0.0. Please use the add/remove methods instead. If you're using a plugin that causes this warning, please upgrade to the latest version and report an issue if the warning persists. To disable these warnings, set -Dmaven.project.sourceRoots.warningsDisabled=true on the command line, in the .mvn/maven.config file, or in project POM properties.
2026-02-27 20:52:21,425 [Worker-54: Building] WARN  o.apache.maven.project.MavenProject - Direct modification of testCompileSourceRoots through clear() is deprecated and will not work in Maven 4.0.0. Please use the add/remove methods instead. If you're using a plugin that causes this warning, please upgrade to the latest version and report an issue if the warning persists. To disable these warnings, set -Dmaven.project.sourceRoots.warningsDisabled=true on the command line, in the .mvn/maven.config file, or in project POM properties.
2026-02-27 20:52:21,427 [Worker-54: Building] WARN  o.apache.maven.project.MavenProject - Direct modification of testCompileSourceRoots through add() is deprecated and will not work in Maven 4.0.0. Please use the add/remove methods instead. If you're using a plugin that causes this warning, please upgrade to the latest version and report an issue if the warning persists. To disable these warnings, set -Dmaven.project.sourceRoots.warningsDisabled=true on the command line, in the .mvn/maven.config file, or in project POM properties.
2026-02-27 21:04:20,908 [Worker-64: Building] INFO  o.a.m.s.f.DefaultMavenResourcesFiltering - skip non existing resourceDirectory C:\Users\sahil\Desktop\Training(CapG)\E_Commerce\src\main\resources
2026-02-27 21:04:20,912 [Worker-64: Building] INFO  o.a.m.s.f.DefaultMavenResourcesFiltering - skip non existing resourceDirectory C:\Users\sahil\Desktop\Training(CapG)\E_Commerce\src\test\resources
2026-02-27 21:04:20,913 [Worker-64: Building] WARN  o.apache.maven.project.MavenProject - Direct modification of compileSourceRoots through clear() is deprecated and will not work in Maven 4.0.0. Please use the add/remove methods instead. If you're using a plugin that causes this warning, please upgrade to the latest version and report an issue if the warning persists. To disable these warnings, set -Dmaven.project.sourceRoots.warningsDisabled=true on the command line, in the .mvn/maven.config file, or in project POM properties.
2026-02-27 21:04:20,916 [Worker-64: Building] WARN  o.apache.maven.project.MavenProject - Direct modification of compileSourceRoots through add() is deprecated and will not work in Maven 4.0.0. Please use the add/remove methods instead. If you're using a plugin that causes this warning, please upgrade to the latest version and report an issue if the warning persists. To disable these warnings, set -Dmaven.project.sourceRoots.warningsDisabled=true on the command line, in the .mvn/maven.config file, or in project POM properties.
2026-02-27 21:04:20,917 [Worker-64: Building] WARN  o.apache.maven.project.MavenProject - Direct modification of testCompileSourceRoots through clear() is deprecated and will not work in Maven 4.0.0. Please use the add/remove methods instead. If you're using a plugin that causes this warning, please upgrade to the latest version and report an issue if the warning persists. To disable these warnings, set -Dmaven.project.sourceRoots.warningsDisabled=true on the command line, in the .mvn/maven.config file, or in project POM properties.
2026-02-27 21:04:20,918 [Worker-64: Building] WARN  o.apache.maven.project.MavenProject - Direct modification of testCompileSourceRoots through add() is deprecated and will not work in Maven 4.0.0. Please use the add/remove methods instead. If you're using a plugin that causes this warning, please upgrade to the latest version and report an issue if the warning persists. To disable these warnings, set -Dmaven.project.sourceRoots.warningsDisabled=true on the command line, in the .mvn/maven.config file, or in project POM properties.
